dong_code,dong_name,sido,sigungu,pop_0_19,pop_20_59,pop_60_plus,worker_count,business_count,population_year,business_year
1101053,사직동,서울특별시,종로구,1386,5706,2443,47503,3555,2019,2019
1101054,삼청동,서울특별시,종로구,316,1565,877,4600,724,2019,2019
1101055,부암동,서울특별시,종로구,1554,6005,2541,3419,564,2019,2019
1101056,평창동,서울특별시,종로구,2937,11054,4668,3418,732,2019,2019
1101057,무악동,서울특별시,종로구,1779,4941,1975,1226,229,2019,2019
1101058,교남동,서울특별시,종로구,1768,6573,2221,4557,389,2019,2019
1101060,가회동,서울특별시,종로구,574,2585,1224,12789,744,2019,2019
1101061,종로1·2·3·4가동,서울특별시,종로구,449,4113,2665,108741,15466,2019,2019
1101063,종로5·6가동,서울특별시,종로구,394,3429,1520,24522,7223,2019,2019
1101064,이화동,서울특별시,종로구,736,5230,1881,17222,1169,2019,2019
1101067,창신1동,서울특별시,종로구,440,3016,1787,5881,2152,2019,2019
1101068,창신2동,서울특별시,종로구,851,5262,2437,2171,820,2019,2019
1101069,창신3동,서울특별시,종로구,992,4330,1784,854,240,2019,2019
1101070,숭인1동,서울특별시,종로구,732,3810,1647,1509,457,2019,2019
1101071,숭인2동,서울특별시,종로구,688,6313,2433,6852,1713,2019,2019
1101072,청운효자동,서울특별시,종로구,2159,7625,2950,5615,987,2019,2019
1101073,혜화동,서울특별시,종로구,2204,11182,3539,8684,1632,2019,2019
1102052,소공동,서울특별시,중구,287,1369,394,64145,3849,2019,2019
1102054,회현동,서울특별시,중구,430,2795,2020,45209,8559,2019,2019
1102055,명동,서울특별시,중구,234,1680,1022,110383,6959,2019,2019
1102057,필동,서울특별시,중구,386,2433,1176,22422,2884,2019,2019
1102058,장충동,서울특별시,중구,512,3100,1096,9166,804,2019,2019
1102059,광희동,서울특별시,중구,343,2947,1615,36390,8432,2019,2019
1102060,을지로동,서울특별시,중구,88,1027,687,35329,8807,2019,2019
1102065,신당5동,서울특별시,중구,1265,6866,2423,4006,1142,2019,2019
1102067,황학동,서울특별시,중구,1294,8647,2709,5602,1906,2019,2019
1102068,중림동,서울특별시,중구,1856,7946,2820,7478,964,2019,2019
1102069,신당동,서울특별시,중구,586,5059,1881,29863,11433,2019,2019
1102070,다산동,서울특별시,중구,1554,9270,3702,9642,1324,2019,2019
1102071,약수동,서울특별시,중구,2315,10127,5083,4027,736,2019,2019
1102072,청구동,서울특별시,중구,1838,8739,3720,4328,790,2019,2019
1102073,동화동,서울특별시,중구,1709,6577,2544,3987,947,2019,2019
1103051,후암동,서울특별시,용산구,2419,11243,4234,3551,821,2019,2019
1103052,용산2가동,서울특별시,용산구,1099,6406,2897,2003,534,2019,2019
1103053,남영동,서울특별시,용산구,502,4888,2381,20308,1605,2019,2019
1103057,원효로2동,서울특별시,용산구,2400,8800,3362,6759,870,2019,2019
1103058,효창동,서울특별시,용산구,1596,6560,2022,2115,351,2019,2019
1103059,용문동,서울특별시,용산구,1779,7776,2889,1715,556,2019,2019
1103063,이촌1동,서울특별시,용산구,5873,16365,6104,3590,790,2019,2019
1103064,이촌2동,서울특별시,용산구,1125,5253,2522,767,281,2019,2019
1103065,이태원1동,서울특별시,용산구,581,4144,2136,6984,1519,2019,2019
1103066,이태원2동,서울특별시,용산구,973,5735,2546,2155,664,2019,2019
1103069,서빙고동,서울특별시,용산구,2380,8101,2848,4641,372,2019,2019
1103070,보광동,서울특별시,용산구,1337,9079,3869,1988,752,2019,2019
1103071,청파동,서울특별시,용산구,2039,13135,4657,8433,1576,2019,2019
1103072,원효로1동,서울특별시,용산구,2262,10897,2832,10019,1710,2019,2019
1103073,한강로동,서울특별시,용산구,1827,11866,4297,41402,4875,2019,2019
1103074,한남동,서울특별시,용산구,2331,13240,5063,17852,2020,2019,2019
1104052,왕십리2동,서울특별시,성동구,2554,11102,3674,2650,717,2019,2019
1104054,마장동,서울특별시,성동구,3124,14864,5316,11518,2669,2019,2019
1104055,사근동,서울특별시,성동구,1262,8458,1982,10779,1009,2019,2019
1104056,행당1동,서울특별시,성동구,2202,10321,3470,8551,1288,2019,2019
1104057,행당2동,서울특별시,성동구,4282,15152,5120,1937,514,2019,2019
1104058,응봉동,서울특별시,성동구,3079,9652,3389,927,268,2019,2019
1104059,금호1가동,서울특별시,성동구,2516,9804,3533,2006,464,2019,2019
1104062,금호4가동,서울특별시,성동구,2486,9354,3238,1939,579,2019,2019
1104065,성수1가1동,서울특별시,성동구,2345,11134,3352,10606,1682,2019,2019
1104066,성수1가2동,서울특별시,성동구,1898,9442,2998,21371,2736,2019,2019
1104067,성수2가1동,서울특별시,성동구,1919,10917,4236,18235,2367,2019,2019
1104068,성수2가3동,서울특별시,성동구,1208,7495,2639,52912,5468,2019,2019
1104069,송정동,서울특별시,성동구,1255,7121,2584,2591,593,2019,2019
1104070,용답동,서울특별시,성동구,1214,7948,3070,13189,1774,2019,2019
1104071,왕십리도선동,서울특별시,성동구,4169,17872,5229,9902,2063,2019,2019
1104072,금호2·3가동,서울특별시,성동구,3480,15018,5466,2535,878,2019,2019
1104073,옥수동,서울특별시,성동구,4425,16910,5611,4126,805,2019,2019
1105053,화양동,서울특별시,광진구,1277,17629,3151,14945,2369,2019,2019
1105054,군자동,서울특별시,광진구,2101,13600,4165,9904,1476,2019,2019
1105055,중곡1동,서울특별시,광진구,1667,10580,3585,6146,1446,2019,2019
1105056,중곡2동,서울특별시,광진구,2852,14724,4649,6790,1505,2019,2019
1105057,중곡3동,서울특별시,광진구,1943,11071,4048,4369,1127,2019,2019
1105058,중곡4동,서울특별시,광진구,3867,19080,7168,4453,1226,2019,2019
1105059,능동,서울특별시,광진구,1191,8134,2270,5658,737,2019,2019
1105060,구의1동,서울특별시,광진구,2304,15655,4360,6875,1646,2019,2019
1105061,구의2동,서울특별시,광진구,4395,16991,6058,5643,1040,2019,2019
1105062,구의3동,서울특별시,광진구,4745,19289,5759,16460,2611,2019,2019
1105063,광장동,서울특별시,광진구,9176,21488,5229,16050,1334,2019,2019
1105064,자양1동,서울특별시,광진구,2773,15415,4857,8826,1619,2019,2019
1105065,자양2동,서울특별시,광진구,3863,16833,5764,5878,1216,2019,2019
1105066,자양3동,서울특별시,광진구,5320,18011,5859,6010,1149,2019,2019
1105067,자양4동,서울특별시,광진구,1756,11554,5144,6012,1658,2019,2019
1106071,회기동,서울특별시,동대문구,1254,7030,2037,10776,992,2019,2019
1106072,휘경1동,서울특별시,동대문구,1628,9494,3420,3477,849,2019,2019
1106073,휘경2동,서울특별시,동대문구,3553,15372,5405,4334,625,2019,2019
1106080,청량리동,서울특별시,동대문구,2211,11614,7332,8132,1476,2019,2019
1106081,용신동,서울특별시,동대문구,2945,19927,7736,28388,5015,2019,2019
1106082,제기동,서울특별시,동대문구,2558,14786,7590,13355,4487,2019,2019
1106083,전농1동,서울특별시,동대문구,4086,18683,7769,7608,2068,2019,2019
1106084,전농2동,서울특별시,동대문구,3182,11360,4958,4681,748,2019,2019
1106086,답십리2동,서울특별시,동대문구,4211,18345,7602,7259,1902,2019,2019
1106087,장안1동,서울특별시,동대문구,5419,24172,8912,20112,4020,2019,2019
1106088,장안2동,서울특별시,동대문구,5876,19742,7106,11143,2711,2019,2019
1106089,이문1동,서울특별시,동대문구,2198,12155,4492,6099,1070,2019,2019
1106090,이문2동,서울특별시,동대문구,3339,12139,5204,2126,521,2019,2019
1106091,답십리1동,서울특별시,동대문구,4882,18738,5732,7660,1590,2019,2019
1107052,면목2동,서울특별시,중랑구,3222,16080,6295,5974,1730,2019,2019
1107054,면목4동,서울특별시,중랑구,2529,12082,5144,3561,894,2019,2019
1107055,면목5동,서울특별시,중랑구,1206,6040,2454,2889,669,2019,2019
1107057,면목7동,서울특별시,중랑구,2565,13453,5854,4105,1247,2019,2019
1107059,상봉1동,서울특별시,중랑구,4147,15797,5390,6369,904,2019,2019
1107060,상봉2동,서울특별시,중랑구,1752,13573,4186,9150,2003,2019,2019
1107061,중화1동,서울특별시,중랑구,2885,12847,4994,3345,844,2019,2019
1107062,중화2동,서울특별시,중랑구,2565,16914,7241,6462,1802,2019,2019
1107064,묵1동,서울특별시,중랑구,5938,21926,7972,5386,1205,2019,2019
1107065,묵2동,서울특별시,중랑구,2532,12237,4895,4087,1210,2019,2019
1107068,망우3동,서울특별시,중랑구,2198,10715,4661,3515,901,2019,2019
1107069,신내1동,서울특별시,중랑구,7630,23648,9439,10867,1366,2019,2019
1107070,신내2동,서울특별시,중랑구,3435,12908,5473,6176,826,2019,2019
1107071,면목본동,서울특별시,중랑구,4031,22829,8481,7328,2219,2019,2019
1107072,면목3·8동,서울특별시,중랑구,2969,16185,6987,7338,1790,2019,2019
1107073,망우본동,서울특별시,중랑구,3640,18715,8356,10522,2347,2019,2019
1108058,돈암1동,서울특별시,성북구,2419,9417,3982,2012,282,2019,2019
1108059,돈암2동,서울특별시,성북구,5225,14889,4814,2376,320,2019,2019
1108060,안암동,서울특별시,성북구,1463,10947,2996,13244,1330,2019,2019
1108061,보문동,서울특별시,성북구,2092,10753,3436,5199,1032,2019,2019
1108062,정릉1동,서울특별시,성북구,3421,11365,4155,1833,614,2019,2019
1108063,정릉2동,서울특별시,성북구,3617,13875,6057,2722,665,2019,2019
1108064,정릉3동,서울특별시,성북구,1804,9449,4382,4611,564,2019,2019
1108065,정릉4동,서울특별시,성북구,4235,15549,6607,3910,708,2019,2019
1108066,길음1동,서울특별시,성북구,9206,21510,6165,3751,843,2019,2019
1108068,길음2동,서울특별시,성북구,2784,10162,3540,4743,921,2019,2019
1108071,월곡1동,서울특별시,성북구,5014,15870,6441,5131,1087,2019,2019
1108072,월곡2동,서울특별시,성북구,2761,12319,4867,8819,1422,2019,2019
1108076,장위1동,서울특별시,성북구,2705,12415,5268,2068,716,2019,2019
1108077,장위2동,서울특별시,성북구,1561,7938,4233,3048,938,2019,2019
1108078,장위3동,서울특별시,성북구,3206,10592,3568,2188,454,2019,2019
1108081,성북동,서울특별시,성북구,2159,10745,4150,5246,1103,2019,2019
1108082,삼선동,서울특별시,성북구,3453,16247,5637,8778,1693,2019,2019
1108083,동선동,서울특별시,성북구,1649,10756,3020,9907,1981,2019,2019
1108084,종암동,서울특별시,성북구,6795,24326,9069,8428,1776,2019,2019
1108085,석관동,서울특별시,성북구,4527,21569,9474,9602,1779,2019,2019
1109060,번1동,서울특별시,강북구,1955,12343,4906,9468,1730,2019,2019
1109061,번2동,서울특별시,강북구,2003,9662,5302,3442,425,2019,2019
1109062,번3동,서울특별시,강북구,2560,9742,5863,2758,480,2019,2019
1109063,수유1동,서울특별시,강북구,2596,12970,6002,5161,1285,2019,2019
1109064,수유2동,서울특별시,강북구,2693,12804,6301,3584,1067,2019,2019
1109065,수유3동,서울특별시,강북구,2178,15224,6282,8988,2386,2019,2019
1109069,삼양동,서울특별시,강북구,3601,14911,6833,3262,812,2019,2019
1109070,미아동,서울특별시,강북구,2368,13823,6098,6657,1573,2019,2019
1109071,송중동,서울특별시,강북구,3807,18577,8165,8372,1878,2019,2019
1109072,송천동,서울특별시,강북구,3078,16659,8404,7758,1826,2019,2019
1109073,삼각산동,서울특별시,강북구,7425,19333,6009,2070,605,2019,2019
1109074,우이동,서울특별시,강북구,2699,12213,6335,4032,794,2019,2019
1109075,인수동,서울특별시,강북구,4117,18659,9454,5377,1178,2019,2019
1110051,쌍문1동,서울특별시,도봉구,3065,12983,6064,3540,622,2019,2019
1110052,쌍문2동,서울특별시,도봉구,2675,11783,5367,5325,1033,2019,2019
1110053,쌍문3동,서울특별시,도봉구,2044,10451,4591,4050,834,2019,2019
1110054,쌍문4동,서울특별시,도봉구,3476,11880,4410,1907,425,2019,2019
1110055,방학1동,서울특별시,도봉구,4117,17689,7955,13315,2012,2019,2019
1110056,방학2동,서울특별시,도봉구,2664,12329,5957,2620,930,2019,2019
1110057,방학3동,서울특별시,도봉구,5107,16596,7000,2797,526,2019,2019
1110059,창1동,서울특별시,도봉구,4105,15748,6248,3255,835,2019,2019
1110060,창2동,서울특별시,도봉구,4491,18646,7080,4097,1079,2019,2019
1110061,창3동,서울특별시,도봉구,2021,8743,3914,1954,699,2019,2019
1110062,창4동,서울특별시,도봉구,4806,16995,5973,7302,1091,2019,2019
1110063,창5동,서울특별시,도봉구,3847,15686,6151,6455,1253,2019,2019
1110064,도봉1동,서울특별시,도봉구,2282,12381,7478,5483,1343,2019,2019
1110065,도봉2동,서울특별시,도봉구,3696,16014,8854,5950,1057,2019,2019
1111051,월계1동,서울특별시,노원구,3214,14152,5834,6586,1249,2019,2019
1111052,월계2동,서울특별시,노원구,4094,15382,7664,2794,469,2019,2019
1111053,월계3동,서울특별시,노원구,4823,18380,8193,3634,569,2019,2019
1111056,공릉2동,서울특별시,노원구,7899,25116,7428,11043,1436,2019,2019
1111058,하계1동,서울특별시,노원구,4900,17697,6090,7861,950,2019,2019
1111059,하계2동,서울특별시,노원구,4628,14192,4438,1037,231,2019,2019
1111060,중계본동,서울특별시,노원구,6315,15496,3993,5404,1007,2019,2019
1111061,중계1동,서울특별시,노원구,7956,16545,3478,4036,881,2019,2019
1111064,중계4동,서울특별시,노원구,3789,12166,5304,3711,847,2019,2019
1111065,상계1동,서울특별시,노원구,6163,23913,9879,7919,1584,2019,2019
1111066,상계2동,서울특별시,노원구,3115,13147,4782,10394,2518,2019,2019
1111069,상계5동,서울특별시,노원구,3472,14980,6883,4741,1372,2019,2019
1111072,상계8동,서울특별시,노원구,5091,14886,3927,1605,392,2019,2019
1111073,상계9동,서울특별시,노원구,3944,13145,4736,2269,447,2019,2019
1111074,상계10동,서울특별시,노원구,2584,10591,3380,1985,312,2019,2019
1111076,상계3·4동,서울특별시,노원구,3344,14362,7991,3470,879,2019,2019
1111077,상계6·7동,서울특별시,노원구,6130,21484,6878,15493,1650,2019,2019
1111078,중계2·3동,서울특별시,노원구,5869,21097,9643,4833,1062,2019,2019
1111079,공릉1동,서울특별시,노원구,5283,24040,9000,11480,2373,2019,2019
1112051,녹번동,서울특별시,은평구,5246,23319,9394,9117,1540,2019,2019
1112052,불광1동,서울특별시,은평구,5564,24497,10549,6746,1357,2019,2019
1112055,갈현1동,서울특별시,은평구,3023,15006,6259,4731,1317,2019,2019
1112056,갈현2동,서울특별시,은평구,4451,18445,6875,5759,1353,2019,2019
1112057,구산동,서울특별시,은평구,5083,20025,8462,5114,820,2019,2019
1112058,대조동,서울특별시,은평구,3232,17435,6855,7682,2228,2019,2019
1112059,응암1동,서울특별시,은평구,4143,15412,5783,7617,1447,2019,2019
1112060,응암2동,서울특별시,은평구,5047,15325,4869,1942,547,2019,2019
1112065,신사1동,서울특별시,은평구,4087,17374,6859,3768,1029,2019,2019
1112066,신사2동,서울특별시,은평구,3172,13103,5452,2596,586,2019,2019
1112067,증산동,서울특별시,은평구,2191,9459,4377,3422,746,2019,2019
1112068,수색동,서울특별시,은평구,1061,5233,2584,2245,428,2019,2019
1112071,진관동,서울특별시,은평구,12750,33921,11090,12063,1630,2019,2019
1112072,불광2동,서울특별시,은평구,3362,17861,8026,3712,1056,2019,2019
1112073,응암3동,서울특별시,은평구,2937,15240,7523,4919,1545,2019,2019
1112074,역촌동,서울특별시,은평구,7041,29660,11370,7240,2027,2019,2019
1113052,천연동,서울특별시,서대문구,2999,10936,4458,3001,847,2019,2019
1113062,홍제1동,서울특별시,서대문구,3721,14815,6165,4680,1004,2019,2019
1113064,홍제3동,서울특별시,서대문구,2111,9359,4775,3860,1109,2019,2019
1113065,홍제2동,서울특별시,서대문구,2069,8652,3723,1627,522,2019,2019
1113066,홍은1동,서울특별시,서대문구,3280,13124,6152,2167,732,2019,2019
1113068,홍은2동,서울특별시,서대문구,3851,16772,6948,5166,971,2019,2019
1113069,남가좌1동,서울특별시,서대문구,3737,9793,3072,2127,614,2019,2019
1113070,남가좌2동,서울특별시,서대문구,3985,15070,5884,5074,1113,2019,2019
1113071,북가좌1동,서울특별시,서대문구,3597,11313,4100,3012,520,2019,2019
1113072,북가좌2동,서울특별시,서대문구,4533,20342,8561,5713,1404,2019,2019
1113073,충현동,서울특별시,서대문구,2037,11042,4570,24158,1728,2019,2019
1113074,북아현동,서울특별시,서대문구,2669,11125,3300,2343,785,2019,2019
1113075,신촌동,서울특별시,서대문구,1820,13916,2967,37600,3855,2019,2019
1113076,연희동,서울특별시,서대문구,4601,24756,8697,10515,2115,2019,2019
1114059,용강동,서울특별시,마포구,4316,13556,4048,18743,2496,2019,2019
1114060,대흥동,서울특별시,마포구,1112,7865,2571,10045,1517,2019,2019
1114061,염리동,서울특별시,마포구,2145,7900,2450,4337,680,2019,2019
1114063,신수동,서울특별시,마포구,3769,14933,4651,5450,1110,2019,2019
1114066,서교동,서울특별시,마포구,2296,17228,4628,57098,9476,2019,2019
1114068,합정동,서울특별시,마포구,2361,12627,3733,11061,2286,2019,2019
1114069,망원1동,서울특별시,마포구,2650,14189,4638,4849,1455,2019,2019
1114070,망원2동,서울특별시,마포구,3037,12005,4140,4331,1174,2019,2019
1114071,연남동,서울특별시,마포구,1591,10870,3388,6835,1839,2019,2019
1114072,성산1동,서울특별시,마포구,2648,13070,4051,11025,1404,2019,2019
1114073,성산2동,서울특별시,마포구,6589,26404,8243,11411,1486,2019,2019
1114074,상암동,서울특별시,마포구,7306,19452,5467,41630,2348,2019,2019
1114075,도화동,서울특별시,마포구,3340,13797,5174,16669,1995,2019,2019
1114076,서강동,서울특별시,마포구,3830,16858,4477,12679,1736,2019,2019
1114077,공덕동,서울특별시,마포구,5026,26166,8584,18018,2577,2019,2019
1114078,아현동,서울특별시,마포구,4271,16099,4486,10869,1552,2019,2019
1115051,목1동,서울특별시,양천구,8264,19107,4569,21601,2807,2019,2019
1115052,목2동,서울특별시,양천구,4673,20468,6050,4345,1018,2019,2019
1115053,목3동,서울특별시,양천구,3108,15005,4791,4587,1129,2019,2019
1115054,목4동,서울특별시,양천구,5191,16923,4555,3791,1193,2019,2019
1115057,신월1동,서울특별시,양천구,2586,13035,5809,4870,1452,2019,2019
1115058,신월2동,서울특별시,양천구,3514,12893,5524,3603,835,2019,2019
1115059,신월3동,서울특별시,양천구,2275,9936,4264,3768,707,2019,2019
1115060,신월4동,서울특별시,양천구,3443,11045,4444,3917,828,2019,2019
1115061,신월5동,서울특별시,양천구,2489,9514,3405,4668,813,2019,2019
1115062,신월6동,서울특별시,양천구,1114,3783,1676,2188,395,2019,2019
1115063,신월7동,서울특별시,양천구,2796,12645,6019,5040,958,2019,2019
1115064,신정1동,서울특별시,양천구,5073,12620,3719,5273,1126,2019,2019
1115065,신정2동,서울특별시,양천구,4382,12349,3769,3711,996,2019,2019
1115066,신정3동,서울특별시,양천구,9378,28639,9701,8791,1321,2019,2019
1115069,신정6동,서울특별시,양천구,5929,15420,3930,6868,666,2019,2019
1115070,신정7동,서울특별시,양천구,5683,18242,6770,4231,804,2019,2019
1115071,목5동,서울특별시,양천구,11335,25190,6360,10652,1517,2019,2019
1115072,신정4동,서울특별시,양천구,4506,22069,8188,15141,2792,2019,2019
1116051,염창동,서울특별시,강서구,8998,27050,6407,16915,1933,2019,2019
1116052,등촌1동,서울특별시,강서구,2937,16591,3968,15596,1645,2019,2019
1116053,등촌2동,서울특별시,강서구,3301,13836,4599,3390,586,2019,2019
1116054,등촌3동,서울특별시,강서구,4228,19057,9025,18959,2240,2019,2019
1116055,화곡본동,서울특별시,강서구,5280,23276,6929,3899,1104,2019,2019
1116057,화곡2동,서울특별시,강서구,3036,12009,4118,2555,678,2019,2019
1116058,화곡3동,서울특별시,강서구,3169,13587,5780,4000,1052,2019,2019
1116059,화곡4동,서울특별시,강서구,2805,13572,5297,3772,1253,2019,2019
1116061,화곡6동,서울특별시,강서구,3203,16025,5672,10677,1579,2019,2019
1116063,화곡8동,서울특별시,강서구,3386,16578,6032,3942,1057,2019,2019
1116064,가양1동,서울특별시,강서구,3971,25122,4713,56169,5561,2019,2019
1116065,가양2동,서울특별시,강서구,1101,8489,5462,3283,533,2019,2019
1116066,가양3동,서울특별시,강서구,1547,9701,4838,7178,708,2019,2019
1116067,발산1동,서울특별시,강서구,9041,22643,6664,19413,3000,2019,2019
1116069,공항동,서울특별시,강서구,4523,17347,5502,35996,1806,2019,2019
1116070,방화1동,서울특별시,강서구,9044,27085,9227,10531,2153,2019,2019
1116071,방화2동,서울특별시,강서구,2866,14285,6565,12485,1785,2019,2019
1116072,방화3동,서울특별시,강서구,3231,14165,6915,4453,609,2019,2019
1116073,화곡1동,서울특별시,강서구,5950,35712,11758,10395,2607,2019,2019
1116074,우장산동,서울특별시,강서구,9793,26709,8076,7719,1402,2019,2019
1117051,신도림동,서울특별시,구로구,7431,22800,6618,14957,2620,2019,2019
1117052,구로1동,서울특별시,구로구,4118,13705,3798,3427,552,2019,2019
1117054,구로3동,서울특별시,구로구,3059,16581,4640,92259,7763,2019,2019
1117055,구로4동,서울특별시,구로구,2254,12773,5884,5895,1984,2019,2019
1117056,구로5동,서울특별시,구로구,3810,19630,6372,25206,3154,2019,2019
1117061,고척1동,서울특별시,구로구,3584,14144,5978,9875,2298,2019,2019
1117062,고척2동,서울특별시,구로구,4505,16897,6932,3899,1182,2019,2019
1117064,개봉2동,서울특별시,구로구,5093,18885,8545,3059,910,2019,2019
1117065,개봉3동,서울특별시,구로구,2996,12774,5730,7162,791,2019,2019
1117067,오류1동,서울특별시,구로구,2644,14592,5327,4614,1008,2019,2019
1117069,수궁동,서울특별시,구로구,3827,14699,5997,5889,948,2019,2019
1117070,가리봉동,서울특별시,구로구,634,5841,2875,3116,930,2019,2019
1117071,구로2동,서울특별시,구로구,2614,15077,7622,27882,7402,2019,2019
1117072,개봉1동,서울특별시,구로구,4736,19446,8538,5167,1381,2019,2019
1117073,오류2동,서울특별시,구로구,10775,30902,10982,7673,1169,2019,2019
1117074,항동,서울특별시,구로구,0,0,0,1019,95,2019,2019
1118051,가산동,서울특별시,금천구,1564,15769,3694,170646,16423,2019,2019
1118052,독산1동,서울특별시,금천구,5678,27788,7955,24871,3667,2019,2019
1118053,독산2동,서울특별시,금천구,2352,12208,4884,3312,952,2019,2019
1118054,독산3동,서울특별시,금천구,2697,16046,6418,6254,1841,2019,2019
1118055,독산4동,서울특별시,금천구,1814,10108,4074,2993,857,2019,2019
1118057,시흥1동,서울특별시,금천구,4562,21297,8476,15424,2774,2019,2019
1118058,시흥2동,서울특별시,금천구,4012,12921,5608,1748,390,2019,2019
1118059,시흥3동,서울특별시,금천구,1387,6717,3256,9900,2984,2019,2019
1118060,시흥4동,서울특별시,금천구,2902,12790,5668,1762,581,2019,2019
1118061,시흥5동,서울특별시,금천구,2583,11804,5778,3340,911,2019,2019
1119054,여의동,서울특별시,영등포구,5979,20044,8199,160524,8097,2019,2019
1119055,당산1동,서울특별시,영등포구,2377,13923,4689,19152,3025,2019,2019
1119056,당산2동,서울특별시,영등포구,4997,24535,6351,22840,2182,2019,2019
1119061,양평1동,서울특별시,영등포구,2444,12118,3338,22882,1881,2019,2019
1119062,양평2동,서울특별시,영등포구,3522,15300,3719,19787,2044,2019,2019
1119063,신길1동,서울특별시,영등포구,1678,11500,4486,5178,991,2019,2019
1119065,신길3동,서울특별시,영등포구,2515,10476,4344,2303,765,2019,2019
1119066,신길4동,서울특별시,영등포구,971,5349,2657,1368,338,2019,2019
1119067,신길5동,서울특별시,영등포구,1102,5322,2631,2476,446,2019,2019
1119068,신길6동,서울특별시,영등포구,2312,11405,4481,4769,1096,2019,2019
1119069,신길7동,서울특별시,영등포구,3199,10543,3113,2873,561,2019,2019
1119070,대림1동,서울특별시,영등포구,1365,7748,3772,4431,977,2019,2019
1119071,대림2동,서울특별시,영등포구,1207,7752,3714,4461,1305,2019,2019
1119072,대림3동,서울특별시,영등포구,3019,14666,6045,9931,2012,2019,2019
1119073,영등포본동,서울특별시,영등포구,3023,13294,5633,5223,1266,2019,2019
1119074,영등포동,서울특별시,영등포구,2196,19179,5075,34349,5849,2019,2019
1119075,도림동,서울특별시,영등포구,2151,12022,4463,2814,860,2019,2019
1119076,문래동,서울특별시,영등포구,6249,19157,6329,44563,5195,2019,2019
1120052,노량진2동,서울특별시,동작구,1026,8060,3698,7727,1654,2019,2019
1120053,상도1동,서울특별시,동작구,6688,29543,9588,8612,1556,2019,2019
1120054,상도2동,서울특별시,동작구,4451,18256,6165,5174,1275,2019,2019
1120055,상도3동,서울특별시,동작구,3241,16446,5939,3277,811,2019,2019
1120056,상도4동,서울특별시,동작구,3967,18727,6774,2848,751,2019,2019
1120063,사당1동,서울특별시,동작구,1911,16186,5266,9688,1663,2019,2019
1120065,사당3동,서울특별시,동작구,3962,15660,6122,3899,803,2019,2019
1120066,사당4동,서울특별시,동작구,1629,9498,3587,1840,546,2019,2019
1120067,사당5동,서울특별시,동작구,1854,8068,2838,1541,414,2019,2019
1120068,대방동,서울특별시,동작구,7009,25026,7690,11511,1513,2019,2019
1120069,신대방1동,서울특별시,동작구,4358,14394,5142,4113,938,2019,2019
1120070,신대방2동,서울특별시,동작구,3352,12962,4105,18988,1134,2019,2019
1120071,흑석동,서울특별시,동작구,4710,20332,7735,10195,1428,2019,2019
1120072,노량진1동,서울특별시,동작구,4207,20183,7812,8051,1691,2019,2019
1120073,사당2동,서울특별시,동작구,3682,16944,7170,6591,1512,2019,2019
1121052,보라매동,서울특별시,관악구,2977,16077,6093,6422,1232,2019,2019
1121054,청림동,서울특별시,관악구,2721,9718,3705,1303,369,2019,2019
1121057,행운동,서울특별시,관악구,2757,20866,5903,6763,1290,2019,2019
1121058,낙성대동,서울특별시,관악구,1687,12528,2661,7803,1245,2019,2019
1121061,중앙동,서울특별시,관악구,1173,11060,3225,5433,882,2019,2019
1121062,인헌동,서울특별시,관악구,3075,18295,5333,3458,933,2019,2019
1121063,남현동,서울특별시,관악구,2054,12882,3844,4892,807,2019,2019
1121064,서원동,서울특별시,관악구,1723,16905,4566,7352,1172,2019,2019
1121065,신원동,서울특별시,관악구,1621,12545,4344,2297,755,2019,2019
1121066,서림동,서울특별시,관악구,2100,16814,4813,2882,752,2019,2019
1121068,신사동,서울특별시,관악구,2177,16011,4674,4268,1271,2019,2019
1121069,신림동,서울특별시,관악구,941,18015,2689,6599,1648,2019,2019
1121071,난향동,서울특별시,관악구,2883,9546,3846,1785,296,2019,2019
1121072,조원동,서울특별시,관악구,1651,12046,3833,6559,1600,2019,2019
1121073,대학동,서울특별시,관악구,1868,17680,4001,14922,1532,2019,2019
1121078,은천동,서울특별시,관악구,5102,21704,7865,6473,1370,2019,2019
1121079,성현동,서울특별시,관악구,5399,18231,7338,2764,634,2019,2019
1121080,청룡동,서울특별시,관악구,2999,24242,5834,10256,1757,2019,2019
1121081,난곡동,서울특별시,관악구,3579,17459,7308,2192,694,2019,2019
1121082,삼성동,서울특별시,관악구,2793,14367,7881,2370,762,2019,2019
1121083,미성동,서울특별시,관악구,4517,19659,7891,5266,1234,2019,2019
1122051,서초1동,서울특별시,서초구,3601,13509,4248,32003,3791,2019,2019
1122052,서초2동,서울특별시,서초구,3184,12201,3123,52997,5042,2019,2019
1122053,서초3동,서울특별시,서초구,4506,19634,6491,81070,7664,2019,2019
1122054,서초4동,서울특별시,서초구,7338,18727,5622,28520,3003,2019,2019
1122055,잠원동,서울특별시,서초구,6837,22185,5892,18024,2160,2019,2019
1122056,반포본동,서울특별시,서초구,2624,6947,2551,2319,658,2019,2019
1122057,반포1동,서울특별시,서초구,6757,21044,5067,10224,1706,2019,2019
1122058,반포2동,서울특별시,서초구,4691,8915,2602,2143,301,2019,2019
1122059,반포3동,서울특별시,서초구,4645,12127,3557,7491,961,2019,2019
1122060,반포4동,서울특별시,서초구,3978,11742,3945,29857,3269,2019,2019
1122061,방배본동,서울특별시,서초구,4474,12715,4194,10468,1594,2019,2019
1122062,방배1동,서울특별시,서초구,2598,10948,3842,16275,1850,2019,2019
1122063,방배2동,서울특별시,서초구,2974,12760,5069,17719,1763,2019,2019
1122064,방배3동,서울특별시,서초구,3606,13227,5457,13752,1112,2019,2019
1122065,방배4동,서울특별시,서초구,4386,14818,4581,14582,2096,2019,2019
1122066,양재1동,서울특별시,서초구,8972,27098,9499,43808,3421,2019,2019
1122067,양재2동,서울특별시,서초구,3274,15435,4191,48135,4862,2019,2019
1122068,내곡동,서울특별시,서초구,3519,10548,4351,8753,742,2019,2019
1123051,신사동,서울특별시,강남구,2826,10547,3881,26120,4112,2019,2019
1123052,논현1동,서울특별시,강남구,1707,17248,4194,41787,5263,2019,2019
1123053,논현2동,서울특별시,강남구,2561,14803,4233,62226,5565,2019,2019
1123058,삼성1동,서울특별시,강남구,2389,9135,3135,63506,4045,2019,2019
1123059,삼성2동,서울특별시,강남구,6053,19810,4577,37492,3623,2019,2019
1123060,대치1동,서울특별시,강남구,7697,14285,3274,6447,1064,2019,2019
1123063,대치4동,서울특별시,강남구,3463,14193,2870,31890,3647,2019,2019
1123064,역삼1동,서울특별시,강남구,2682,28040,5281,155835,15391,2019,2019
1123065,역삼2동,서울특별시,강남구,8582,23508,4915,38374,3728,2019,2019
1123066,도곡1동,서울특별시,강남구,4216,13972,4279,17023,1553,2019,2019
1123067,도곡2동,서울특별시,강남구,7845,20132,6347,19893,1822,2019,2019
1123068,개포1동,서울특별시,강남구,1005,3722,2168,830,128,2019,2019
1123071,개포4동,서울특별시,강남구,2866,11717,3653,10429,1788,2019,2019
1123072,일원본동,서울특별시,강남구,5866,14236,4263,9714,459,2019,2019
1123073,일원1동,서울특별시,강남구,2114,9715,4452,5582,817,2019,2019
1123074,일원2동,서울특별시,강남구,3195,10542,4351,9447,505,2019,2019
1123075,수서동,서울특별시,강남구,1416,8478,5963,17972,1421,2019,2019
1123076,세곡동,서울특별시,강남구,9576,26501,8791,6799,1075,2019,2019
1123077,압구정동,서울특별시,강남구,5168,15807,6567,29487,3911,2019,2019
1123078,청담동,서울특별시,강남구,5000,18912,5950,38135,4200,2019,2019
1123079,대치2동,서울특별시,강남구,8671,23205,6618,64458,3859,2019,2019
1123080,개포2동,서울특별시,강남구,4257,13331,4413,3009,690,2019,2019
1124051,풍납1동,서울특별시,송파구,1776,8796,4109,2345,586,2019,2019
1124052,풍납2동,서울특별시,송파구,4155,15649,5292,16145,980,2019,2019
1124053,거여1동,서울특별시,송파구,1857,8027,3230,3469,646,2019,2019
1124054,거여2동,서울특별시,송파구,2583,9868,4391,4356,639,2019,2019
1124055,마천1동,서울특별시,송파구,2909,11777,5873,2115,698,2019,2019
1124056,마천2동,서울특별시,송파구,2596,11803,5661,3922,1036,2019,2019
1124057,방이1동,서울특별시,송파구,2953,10336,3105,8372,1235,2019,2019
1124058,방이2동,서울특별시,송파구,2716,17758,5031,19629,2956,2019,2019
1124059,오륜동,서울특별시,송파구,4341,10804,3708,5717,489,2019,2019
1124060,오금동,서울특별시,송파구,6612,25263,8983,16323,2046,2019,2019
1124061,송파1동,서울특별시,송파구,2908,17691,4964,14149,1977,2019,2019
1124062,송파2동,서울특별시,송파구,3701,12701,4289,4084,771,2019,2019
1124063,석촌동,서울특별시,송파구,4006,23175,6393,15110,2459,2019,2019
1124064,삼전동,서울특별시,송파구,4039,22388,5774,11201,1811,2019,2019
1124065,가락본동,서울특별시,송파구,3787,18211,5513,25302,3343,2019,2019
1124066,가락1동,서울특별시,송파구,5436,17588,4600,11354,2959,2019,2019
1124067,가락2동,서울특별시,송파구,6516,21011,6174,9595,1720,2019,2019
1124068,문정1동,서울특별시,송파구,3091,13619,4385,6080,1181,2019,2019
1124069,문정2동,서울특별시,송파구,3359,21092,5337,59054,6330,2019,2019
1124071,잠실본동,서울특별시,송파구,3406,20236,5401,19077,2927,2019,2019
1124075,잠실4동,서울특별시,송파구,5418,12861,3878,1660,337,2019,2019
1124077,잠실6동,서울특별시,송파구,3224,10033,3992,48702,2051,2019,2019
1124078,잠실7동,서울특별시,송파구,1779,5614,2785,1278,190,2019,2019
1124079,잠실2동,서울특별시,송파구,10470,21428,4812,4541,735,2019,2019
1124080,잠실3동,서울특별시,송파구,7496,20675,7672,9473,1480,2019,2019
1124081,장지동,서울특별시,송파구,5919,20433,6481,8925,1033,2019,2019
1124082,위례동,서울특별시,송파구,8254,16799,3185,3782,588,2019,2019
1125053,명일1동,서울특별시,강동구,4957,16115,5594,6441,1537,2019,2019
1125054,명일2동,서울특별시,강동구,3839,10248,3648,3928,971,2019,2019
1125055,고덕1동,서울특별시,강동구,6799,15881,4285,2503,565,2019,2019
1125056,고덕2동,서울특별시,강동구,3759,11587,3899,3149,538,2019,2019
1125058,암사2동,서울특별시,강동구,2309,9256,3162,3532,659,2019,2019
1125059,암사3동,서울특별시,강동구,4105,10817,3714,2063,454,2019,2019
1125061,천호1동,서울특별시,강동구,3582,17221,7283,4994,1196,2019,2019
1125063,천호3동,서울특별시,강동구,3036,17533,6883,7233,1589,2019,2019
1125065,성내1동,서울특별시,강동구,3492,12652,4290,17603,1874,2019,2019
1125066,성내2동,서울특별시,강동구,2522,15896,5988,6594,1660,2019,2019
1125067,성내3동,서울특별시,강동구,3412,14980,5249,8914,2236,2019,2019
1125070,둔촌1동,서울특별시,강동구,15,134,119,283,17,2019,2019
1125071,둔촌2동,서울특별시,강동구,4391,16887,6346,9229,1319,2019,2019
1125072,암사1동,서울특별시,강동구,5302,22560,8506,5241,1513,2019,2019
1125073,천호2동,서울특별시,강동구,3989,22619,8493,13879,3110,2019,2019
1125074,길동,서울특별시,강동구,5985,29029,11036,19549,3349,2019,2019
1125075,강일동,서울특별시,강동구,7284,17958,6731,3409,433,2019,2019
1125076,상일1동,서울특별시,강동구,0,0,0,4940,682,2019,2019
1125077,상일2동,서울특별시,강동구,0,0,0,13086,178,2019,2019
2301052,연안동,인천광역시,중구,676,3684,2211,12702,2009,2019,2019
2301053,신포동,인천광역시,중구,620,2836,1816,9234,1567,2019,2019
2301054,신흥동,인천광역시,중구,2124,7685,3616,15073,1800,2019,2019
2301056,도원동,인천광역시,중구,486,2237,1445,1043,247,2019,2019
2301057,율목동,인천광역시,중구,358,1943,1241,735,158,2019,2019
2301058,동인천동,인천광역시,중구,541,3308,2226,3884,1264,2019,2019
2301063,용유동,인천광역시,중구,220,2135,1876,2449,742,2019,2019
2301064,운서동,인천광역시,중구,5133,20387,3127,47190,2324,2019,2019
2301065,영종동,인천광역시,중구,2190,9529,3548,3576,942,2019,2019
2301066,영종1동,인천광역시,중구,11155,25026,4133,3505,858,2019,2019
2301067,개항동,인천광역시,중구,0,0,0,3765,673,2019,2019
2302051,만석동,인천광역시,동구,1190,4176,1939,3182,469,2019,2019
2302052,화수1·화평동,인천광역시,동구,847,3470,2183,1194,375,2019,2019
2302053,화수2동,인천광역시,동구,1125,4363,2674,3621,234,2019,2019
2302055,송현1·2동,인천광역시,동구,1905,6256,2744,1577,641,2019,2019
2302057,송현3동,인천광역시,동구,398,2109,1377,8583,1463,2019,2019
2302058,송림1동,인천광역시,동구,238,907,602,455,96,2019,2019
2302059,송림2동,인천광역시,동구,289,1448,1349,1985,327,2019,2019
2302060,송림3·5동,인천광역시,동구,1349,4667,2436,2074,412,2019,2019
2302061,송림4동,인천광역시,동구,800,2519,903,7271,2116,2019,2019
2302063,송림6동,인천광역시,동구,1226,3887,1852,3171,807,2019,2019
2302064,금창동,인천광역시,동구,360,1523,1316,1564,374,2019,2019
2304051,옥련1동,인천광역시,연수구,3598,12636,4157,6828,1901,2019,2019
2304052,선학동,인천광역시,연수구,2185,11285,4480,3838,940,2019,2019
2304053,연수1동,인천광역시,연수구,2899,13999,4102,3877,1326,2019,2019
2304054,연수2동,인천광역시,연수구,3447,14299,4435,6356,1560,2019,2019
2304055,연수3동,인천광역시,연수구,2608,10573,4189,2589,259,2019,2019
2304056,청학동,인천광역시,연수구,3376,16407,6157,6975,1470,2019,2019
2304057,동춘1동,인천광역시,연수구,5195,16828,3985,4072,807,2019,2019
2304058,동춘2동,인천광역시,연수구,3742,12383,3136,4648,867,2019,2019
2304059,동춘3동,인천광역시,연수구,4646,11534,3097,4197,645,2019,2019
2304060,옥련2동,인천광역시,연수구,4048,13452,4021,3358,765,2019,2019
2304064,송도1동,인천광역시,연수구,8752,22760,4756,29935,2156,2019,2019
2304065,송도3동,인천광역시,연수구,13090,31172,3843,26155,3090,2019,2019
2304066,송도2동,인천광역시,연수구,11196,22263,3193,8633,1603,2019,2019
2304068,송도4동,인천광역시,연수구,9027,22794,2805,5981,554,2019,2019
2304069,송도5동,인천광역시,연수구,0,0,0,615,91,2019,2019
2305051,구월1동,인천광역시,남동구,6677,20459,5549,15856,2482,2019,2019
2305052,구월2동,인천광역시,남동구,8569,22199,6238,3776,808,2019,2019
2305053,구월3동,인천광역시,남동구,3488,20688,4603,33045,4358,2019,2019
2305054,구월4동,인천광역시,남동구,2013,9801,4014,5486,1499,2019,2019
2305055,간석1동,인천광역시,남동구,3226,14742,5749,5732,1257,2019,2019
2305056,간석2동,인천광역시,남동구,3975,13838,4906,4603,1193,2019,2019
2305057,간석3동,인천광역시,남동구,4111,18383,6621,7465,1839,2019,2019
2305058,간석4동,인천광역시,남동구,4425,18666,6258,6658,1485,2019,2019
2305059,만수1동,인천광역시,남동구,1995,9592,4593,6497,1031,2019,2019
2305060,만수2동,인천광역시,남동구,4595,15539,5287,3248,948,2019,2019
2305061,만수3동,인천광역시,남동구,3204,11321,3857,1642,517,2019,2019
2305062,만수4동,인천광역시,남동구,3796,13536,4852,1449,301,2019,2019
2305063,만수5동,인천광역시,남동구,1901,9837,4459,4066,1139,2019,2019
2305064,만수6동,인천광역시,남동구,4218,15721,5623,10633,1465,2019,2019
2305067,남촌도림동,인천광역시,남동구,3579,13570,4820,18893,2349,2019,2019
2305072,논현1동,인천광역시,남동구,6804,20248,5256,6807,1937,2019,2019
2305073,논현2동,인천광역시,남동구,6333,20961,6093,19585,2526,2019,2019
2305074,논현고잔동,인천광역시,남동구,10654,25865,5280,66722,7273,2019,2019
2305075,장수서창동,인천광역시,남동구,4138,12266,4398,4352,870,2019,2019
2305076,서창2동,인천광역시,남동구,9855,23850,5610,4372,884,2019,2019
2306051,부평1동,인천광역시,부평구,5714,24583,7608,14325,2925,2019,2019
2306052,부평2동,인천광역시,부평구,2636,12231,4629,1715,508,2019,2019
2306053,부평3동,인천광역시,부평구,1634,8080,3734,3590,878,2019,2019
2306054,부평4동,인천광역시,부평구,5433,24837,7183,13716,3034,2019,2019
2306055,부평5동,인천광역시,부평구,5341,22933,6013,11844,2443,2019,2019
2306056,부평6동,인천광역시,부평구,1948,9485,3648,4606,837,2019,2019
2306057,산곡1동,인천광역시,부평구,1703,8003,3862,2398,626,2019,2019
2306058,산곡2동,인천광역시,부평구,6863,20200,5762,3921,884,2019,2019
2306059,산곡3동,인천광역시,부평구,3599,13326,6286,2442,612,2019,2019
2306060,산곡4동,인천광역시,부평구,3311,11487,3783,2083,533,2019,2019
2306061,청천1동,인천광역시,부평구,962,4715,1910,7351,1311,2019,2019
2306062,청천2동,인천광역시,부평구,6073,22313,6846,29207,2853,2019,2019
2306063,갈산1동,인천광역시,부평구,2433,10961,3697,5589,1015,2019,2019
2306064,갈산2동,인천광역시,부평구,2986,12187,4856,2752,768,2019,2019
2306065,삼산1동,인천광역시,부평구,6767,22212,6810,5312,1255,2019,2019
2306066,부개1동,인천광역시,부평구,2244,10293,4825,3378,1015,2019,2019
2306067,부개2동,인천광역시,부평구,2938,11204,3888,2953,718,2019,2019
2306068,부개3동,인천광역시,부평구,5892,21607,5773,3965,1005,2019,2019
2306069,일신동,인천광역시,부평구,2321,8006,3041,6616,1067,2019,2019
2306070,십정1동,인천광역시,부평구,1869,7919,3456,5990,1067,2019,2019
2306071,십정2동,인천광역시,부평구,3022,15285,6170,6094,1833,2019,2019
2306072,삼산2동,인천광역시,부평구,7268,18554,4419,11723,1515,2019,2019
2307051,효성1동,인천광역시,계양구,4006,16256,5823,4264,1083,2019,2019
2307052,효성2동,인천광역시,계양구,5154,19520,6105,7186,1327,2019,2019
2307053,계산1동,인천광역시,계양구,2408,13536,4750,7724,2022,2019,2019
2307054,계산2동,인천광역시,계양구,1750,10259,3823,4757,969,2019,2019
2307055,계산3동,인천광역시,계양구,2920,14129,3538,2632,571,2019,2019
2307056,작전1동,인천광역시,계양구,5121,18978,5361,5056,910,2019,2019
2307057,작전2동,인천광역시,계양구,2590,12977,4792,8161,1681,2019,2019
2307058,작전서운동,인천광역시,계양구,5885,20639,4709,12894,1861,2019,2019
2307061,계양2동,인천광역시,계양구,5206,23130,7209,6108,1648,2019,2019
2307062,계산4동,인천광역시,계양구,4436,16457,3221,16300,2319,2019,2019
2307063,계양1동,인천광역시,계양구,3619,13816,4504,3610,821,2019,2019
2307064,계양3동,인천광역시,계양구,6156,16538,4150,4241,828,2019,2019
2308051,검암경서동,인천광역시,서구,9624,30771,5985,16658,2226,2019,2019
2308053,연희동,인천광역시,서구,6555,27736,8199,15938,2519,2019,2019
2308054,가정1동,인천광역시,서구,5573,17780,4826,5184,1245,2019,2019
2308055,가정2동,인천광역시,서구,853,4573,1358,197,69,2019,2019
2308056,가정3동,인천광역시,서구,1389,6668,2076,540,141,2019,2019
2308058,석남1동,인천광역시,서구,3010,14750,5247,4575,1455,2019,2019
2308059,석남2동,인천광역시,서구,1821,8419,3623,14472,2651,2019,2019
2308060,석남3동,인천광역시,서구,2122,9698,3403,1605,422,2019,2019
2308062,가좌1동,인천광역시,서구,1510,7644,2812,26027,3599,2019,2019
2308063,가좌2동,인천광역시,서구,3650,13169,4216,2592,733,2019,2019
2308064,가좌3동,인천광역시,서구,2163,10128,4435,12284,1332,2019,2019
2308065,가좌4동,인천광역시,서구,1635,6978,2456,6850,911,2019,2019
2308073,신현원창동,인천광역시,서구,6144,20656,6038,14831,2253,2019,2019
2308074,청라1동,인천광역시,서구,8509,20232,2644,8613,1763,2019,2019
2308078,청라2동,인천광역시,서구,13373,30674,4723,6461,1438,2019,2019
2308079,청라3동,인천광역시,서구,7738,16685,2396,5970,673,2019,2019
2308080,검단동,인천광역시,서구,6558,21366,5319,7208,1734,2019,2019
2308081,불로대곡동,인천광역시,서구,5088,14000,3902,3673,990,2019,2019
2308084,오류왕길동,인천광역시,서구,5233,15451,4210,31698,3726,2019,2019
2308085,당하동,인천광역시,서구,6620,18706,3319,4309,841,2019,2019
2308086,마전동,인천광역시,서구,5710,14476,3272,4034,883,2019,2019
2308087,원당동,인천광역시,서구,6334,15245,3080,3799,960,2019,2019
2308088,아라동,인천광역시,서구,0,0,0,132,7,2019,2019
2309052,숭의2동,인천광역시,미추홀구,2159,8660,3726,5828,742,2019,2019
2309054,숭의4동,인천광역시,미추홀구,2534,9982,4670,1851,616,2019,2019
2309056,용현2동,인천광역시,미추홀구,2807,11172,4196,2002,571,2019,2019
2309057,용현3동,인천광역시,미추홀구,719,4218,2782,1902,671,2019,2019
2309059,용현5동,인천광역시,미추홀구,9550,28946,8732,6580,1897,2019,2019
2309060,학익1동,인천광역시,미추홀구,6148,19523,6995,9236,1550,2019,2019
2309061,학익2동,인천광역시,미추홀구,3268,11666,4856,7367,1160,2019,2019
2309062,도화1동,인천광역시,미추홀구,3525,14830,5602,4741,1007,2019,2019
2309065,주안1동,인천광역시,미추홀구,2353,14848,3255,11246,2044,2019,2019
2309066,주안2동,인천광역시,미추홀구,2323,10628,5526,3511,1061,2019,2019
2309067,주안3동,인천광역시,미추홀구,1282,5224,2603,1521,412,2019,2019
2309068,주안4동,인천광역시,미추홀구,1633,8124,5016,5787,1087,2019,2019
2309069,주안5동,인천광역시,미추홀구,2242,11057,4631,10357,1696,2019,2019
2309070,주안6동,인천광역시,미추홀구,4128,14270,4840,7406,1736,2019,2019
2309071,주안7동,인천광역시,미추홀구,1753,7690,3988,3281,1062,2019,2019
2309072,주안8동,인천광역시,미추홀구,3519,13392,5145,4202,876,2019,2019
2309073,관교동,인천광역시,미추홀구,2491,9582,3878,5051,1173,2019,2019
2309074,문학동,인천광역시,미추홀구,2041,9092,2617,3010,677,2019,2019
2309075,숭의1·3동,인천광역시,미추홀구,1926,8735,3367,4536,996,2019,2019
2309076,용현1·4동,인천광역시,미추홀구,1762,10658,5020,7367,1378,2019,2019
2309077,도화2·3동,인천광역시,미추홀구,4313,16462,6182,14903,2188,2019,2019
2331011,강화읍,,,3768,11767,7331,9012,2231,2019,2019
2331031,선원면,,,1224,3870,2656,2094,431,2019,2019
2331032,불은면,,,408,2017,2486,1675,260,2019,2019
2331033,길상면,,,712,3317,2880,2445,803,2019,2019
2331034,화도면,,,359,1838,2301,1531,580,2019,2019
2331035,양도면,,,392,1715,2087,936,189,2019,2019
2331036,내가면,,,201,1255,1660,862,284,2019,2019
2331037,하점면,,,275,1539,2285,658,166,2019,2019
2331038,양사면,,,126,680,1047,347,58,2019,2019
2331039,송해면,,,259,1262,1631,597,135,2019,2019
2331040,교동면,,,196,1112,1632,530,180,2019,2019
2331041,삼산면,,,169,867,1205,748,285,2019,2019
2331042,서도면,,,21,139,225,102,32,2019,2019
2332031,북도면,,,91,528,550,867,233,2019,2019
2332032,연평면,,,247,1356,509,392,118,2019,2019
2332033,백령면,,,686,3145,1450,1544,449,2019,2019
2332034,대청면,,,125,690,443,388,119,2019,2019
2332035,덕적면,,,142,806,975,436,142,2019,2019
2332036,자월면,,,66,425,441,440,189,2019,2019
2332037,영흥면,,,733,3330,2204,3697,776,2019,2019
3101154,파장동,경기도,수원시 장안구,3562,14868,5557,13859,1499,2019,2019
3101155,율천동,경기도,수원시 장안구,8028,29783,6173,9533,1773,2019,2019
3101156,정자1동,경기도,수원시 장안구,6521,19056,5098,4235,824,2019,2019
3101157,정자2동,경기도,수원시 장안구,5535,18870,6011,6726,1335,2019,2019
3101158,영화동,경기도,수원시 장안구,2301,12629,5712,8385,2048,2019,2019
3101159,송죽동,경기도,수원시 장안구,3089,12718,4100,7991,1336,2019,2019
3101160,조원1동,경기도,수원시 장안구,4727,18137,6453,6568,1259,2019,2019
3101161,연무동,경기도,수원시 장안구,1894,9705,4924,5521,949,2019,2019
3101162,정자3동,경기도,수원시 장안구,11304,27580,4581,9205,1596,2019,2019
3101163,조원2동,경기도,수원시 장안구,3737,12120,3604,4002,592,2019,2019
3101252,세류1동,경기도,수원시 권선구,1582,6701,2298,1448,300,2019,2019
3101253,세류2동,경기도,수원시 권선구,2958,15535,5572,5409,1448,2019,2019
3101254,세류3동,경기도,수원시 권선구,2778,12548,4831,5607,1224,2019,2019
3101255,평동,경기도,수원시 권선구,7030,26150,7790,33690,3486,2019,2019
3101256,서둔동,경기도,수원시 권선구,6083,24807,8013,12922,2252,2019,2019
3101257,구운동,경기도,수원시 권선구,3791,16329,5166,6302,1491,2019,2019
3101260,권선1동,경기도,수원시 권선구,3305,17453,4076,12749,2590,2019,2019
3101261,곡선동,경기도,수원시 권선구,4329,20531,3003,7363,1703,2019,2019
3101262,입북동,경기도,수원시 권선구,3890,10561,2730,2328,593,2019,2019
3101264,권선2동,경기도,수원시 권선구,11708,32495,6131,7022,1458,2019,2019
3101265,금곡동,경기도,수원시 권선구,10381,28830,6589,7131,1691,2019,2019
3101266,호매실동,경기도,수원시 권선구,11624,28647,5509,4407,937,2019,2019
3101353,지동,경기도,수원시 팔달구,1281,6733,3822,5819,872,2019,2019
3101354,우만1동,경기도,수원시 팔달구,2649,13430,5023,5528,1259,2019,2019
3101355,우만2동,경기도,수원시 팔달구,3274,11373,2768,5120,768,2019,2019
3101356,인계동,경기도,수원시 팔달구,5290,26301,6262,43808,5715,2019,2019
3101367,매교동,경기도,수원시 팔달구,573,3778,1595,3655,761,2019,2019
3101368,매산동,경기도,수원시 팔달구,1000,6999,2660,15328,2740,2019,2019
3101369,고등동,경기도,수원시 팔달구,1047,5481,2735,1937,557,2019,2019
3101370,화서1동,경기도,수원시 팔달구,3923,14278,5393,4034,1275,2019,2019
3101371,화서2동,경기도,수원시 팔달구,5418,17652,4201,4775,892,2019,2019
3101372,행궁동,경기도,수원시 팔달구,793,6543,3591,7995,2524,2019,2019
3101451,매탄1동,경기도,수원시 영통구,3422,12407,3132,2006,621,2019,2019
3101452,매탄2동,경기도,수원시 영통구,2684,9883,2821,4166,897,2019,2019
3101453,매탄3동,경기도,수원시 영통구,7766,24647,4155,52113,1865,2019,2019
3101454,매탄4동,경기도,수원시 영통구,4098,14826,3588,2327,697,2019,2019
3101460,원천동,경기도,수원시 영통구,8226,25860,4459,20221,2137,2019,2019
3101462,광교1동,경기도,수원시 영통구,12955,34797,4379,24835,3182,2019,2019
3101463,광교2동,경기도,수원시 영통구,6528,17519,3932,5295,882,2019,2019
3101464,영통1동,경기도,수원시 영통구,9078,23687,3744,3368,710,2019,2019
3101465,영통2동,경기도,수원시 영통구,5058,19633,1940,14823,1959,2019,2019
3101466,영통3동,경기도,수원시 영통구,7359,22422,3212,16495,3179,2019,2019
3101467,망포1동,경기도,수원시 영통구,7933,20941,3128,3143,762,2019,2019
3101468,망포2동,경기도,수원시 영통구,7683,18389,2177,2749,572,2019,2019
3102151,신흥1동,경기도,성남시 수정구,1351,8653,3667,4111,1154,2019,2019
3102152,신흥2동,경기도,성남시 수정구,1707,5956,2262,3096,654,2019,2019
3102153,신흥3동,경기도,성남시 수정구,1123,7141,2854,4026,1166,2019,2019
3102154,태평1동,경기도,성남시 수정구,1486,10159,4252,4761,965,2019,2019
3102155,태평2동,경기도,성남시 수정구,2104,10060,3971,3006,715,2019,2019
3102156,태평3동,경기도,성남시 수정구,1737,8555,3530,2254,795,2019,2019
3102157,태평4동,경기도,성남시 수정구,2145,8514,3292,2083,488,2019,2019
3102158,수진1동,경기도,성남시 수정구,1198,7733,3870,2370,804,2019,2019
3102159,수진2동,경기도,성남시 수정구,2098,10227,4375,5744,1066,2019,2019
3102160,단대동,경기도,성남시 수정구,2581,9939,3763,3701,634,2019,2019
3102161,산성동,경기도,성남시 수정구,1809,8048,3334,1939,521,2019,2019
3102162,양지동,경기도,성남시 수정구,1688,6103,2380,1764,416,2019,2019
3102164,신촌동,경기도,성남시 수정구,1033,2973,789,994,210,2019,2019
3102165,고등동,경기도,성남시 수정구,846,3748,1242,1028,227,2019,2019
3102166,시흥동,경기도,성남시 수정구,392,1928,1021,7007,718,2019,2019
3102167,복정동,경기도,성남시 수정구,1331,8551,1697,9455,1244,2019,2019
3102168,위례동,경기도,성남시 수정구,9304,28445,7713,9584,2010,2019,2019
3102251,성남동,경기도,성남시 중원구,3751,21864,7787,13009,3309,2019,2019
3102253,금광1동,경기도,성남시 중원구,927,4584,1699,2074,504,2019,2019
3102254,금광2동,경기도,성남시 중원구,3535,15932,5892,5409,1443,2019,2019
3102255,은행1동,경기도,성남시 중원구,1911,6874,2287,543,140,2019,2019
3102256,은행2동,경기도,성남시 중원구,3726,15484,6140,2709,854,2019,2019
3102257,상대원1동,경기도,성남시 중원구,3776,16869,5916,42407,4215,2019,2019
3102258,상대원2동,경기도,성남시 중원구,1697,8887,3835,5931,1131,2019,2019
3102259,상대원3동,경기도,성남시 중원구,1649,8150,3178,1952,771,2019,2019
3102260,하대원동,경기도,성남시 중원구,3420,13489,4579,6205,1163,2019,2019
3102261,도촌동,경기도,성남시 중원구,5782,17071,4896,9120,1129,2019,2019
3102262,중앙동,경기도,성남시 중원구,1901,8683,3870,3203,1195,2019,2019
3102351,분당동,경기도,성남시 분당구,5256,16670,4930,3024,411,2019,2019
3102352,수내3동,경기도,성남시 분당구,3609,8942,1768,2304,529,2019,2019
3102353,수내1동,경기도,성남시 분당구,3580,11510,3033,19868,2680,2019,2019
3102354,수내2동,경기도,성남시 분당구,3199,6095,1540,1925,554,2019,2019
3102355,정자2동,경기도,성남시 분당구,2493,10415,3473,1028,242,2019,2019
3102356,정자3동,경기도,성남시 분당구,3237,9914,2721,4364,384,2019,2019
3102358,서현1동,경기도,성남시 분당구,7040,20334,5218,32737,3806,2019,2019
3102359,서현2동,경기도,성남시 분당구,3862,12092,3093,3232,808,2019,2019
3102360,이매1동,경기도,성남시 분당구,5644,16126,4579,4605,797,2019,2019
3102361,이매2동,경기도,성남시 분당구,2999,8192,2912,2791,452,2019,2019
3102362,야탑1동,경기도,성남시 분당구,2774,11350,3726,23160,2648,2019,2019
3102363,야탑3동,경기도,성남시 분당구,4730,19205,6001,12383,1667,2019,2019
3102364,야탑2동,경기도,성남시 분당구,3149,9957,3996,2858,534,2019,2019
3102367,구미동,경기도,성남시 분당구,5255,19776,6878,20061,1782,2019,2019
3102368,운중동,경기도,성남시 분당구,4575,13002,3728,6677,1033,2019,2019
3102371,금곡동,경기도,성남시 분당구,4507,18121,6462,13145,1817,2019,2019
3102372,구미1동,경기도,성남시 분당구,3244,11665,3195,9234,1641,2019,2019
3102374,삼평동,경기도,성남시 분당구,5997,15247,3643,87620,3068,2019,2019
3102375,판교동,경기도,성남시 분당구,6522,14181,3240,5692,864,2019,2019
3102376,백현동,경기도,성남시 분당구,6523,17567,4179,12686,1519,2019,2019
3102377,정자1동,경기도,성남시 분당구,5470,20581,4981,28251,2709,2019,2019
3102378,정자동,경기도,성남시 분당구,3591,13111,3400,4948,1198,2019,2019
3103052,의정부2동,경기도,의정부시,4337,20975,6881,17907,2918,2019,2019
3103055,호원1동,경기도,의정부시,5487,21390,9643,6693,1291,2019,2019
3103056,장암동,경기도,의정부시,3475,11062,5069,3112,583,2019,2019
3103057,신곡1동,경기도,의정부시,7638,27967,9723,4874,1254,2019,2019
3103058,신곡2동,경기도,의정부시,8432,27211,9030,8893,1660,2019,2019
3103059,송산1동,경기도,의정부시,4897,17585,6542,11545,1615,2019,2019
3103060,자금동,경기도,의정부시,4932,17058,6203,11529,1646,2019,2019
3103064,녹양동,경기도,의정부시,4051,13734,4899,4821,978,2019,2019
3103065,호원2동,경기도,의정부시,6474,20939,8586,5159,1245,2019,2019
3103067,흥선동,경기도,의정부시,2986,11720,5072,4863,1070,2019,2019
3103068,가능동,경기도,의정부시,3754,16365,6460,6277,1548,2019,2019
3103069,의정부1동,경기도,의정부시,2002,13070,5383,19333,5417,2019,2019
3103070,송산2동,경기도,의정부시,19793,49680,11305,5229,1176,2019,2019
3103071,송산3동,경기도,의정부시,0,0,0,9306,1705,2019,2019
3104151,안양1동,경기도,안양시 만안구,2445,9507,2910,7964,2103,2019,2019
3104152,안양2동,경기도,안양시 만안구,2865,13599,5212,6456,1459,2019,2019
3104153,안양3동,경기도,안양시 만안구,2311,10361,4127,4566,999,2019,2019
3104154,안양4동,경기도,안양시 만안구,834,4426,2013,5313,1584,2019,2019
3104155,안양5동,경기도,안양시 만안구,1583,7876,3756,5763,895,2019,2019
3104156,안양6동,경기도,안양시 만안구,2367,12542,4709,9762,1724,2019,2019
3104157,안양7동,경기도,안양시 만안구,3215,10343,2568,13518,1607,2019,2019
3104158,안양8동,경기도,안양시 만안구,1300,6980,2905,5006,752,2019,2019
3104159,안양9동,경기도,안양시 만안구,2471,10648,4567,1254,390,2019,2019
3104160,석수1동,경기도,안양시 만안구,3211,12228,4750,4964,791,2019,2019
3104161,석수2동,경기도,안양시 만안구,5068,20123,7252,9599,1362,2019,2019
3104162,석수3동,경기도,안양시 만안구,2528,8604,2975,1728,418,2019,2019
3104163,박달1동,경기도,안양시 만안구,2072,9577,4015,4031,1048,2019,2019
3104164,박달2동,경기도,안양시 만안구,4638,14713,4041,7816,692,2019,2019
3104251,비산1동,경기도,안양시 동안구,4372,13631,4212,2555,456,2019,2019
3104252,비산2동,경기도,안양시 동안구,2032,7039,2192,2122,420,2019,2019
3104253,비산3동,경기도,안양시 동안구,3352,14670,5336,6079,1012,2019,2019
3104254,부흥동,경기도,안양시 동안구,3965,10721,3276,5358,902,2019,2019
3104255,달안동,경기도,안양시 동안구,1686,7569,2074,6586,771,2019,2019
3104256,관양1동,경기도,안양시 동안구,5660,23778,8224,9885,2187,2019,2019
3104257,관양2동,경기도,안양시 동안구,2870,12695,3855,53502,5492,2019,2019
3104258,부림동,경기도,안양시 동안구,5102,18738,3592,16282,2565,2019,2019
3104259,평촌동,경기도,안양시 동안구,3334,10023,2345,8447,1211,2019,2019
3104260,평안동,경기도,안양시 동안구,6403,14888,3047,3712,425,2019,2019
3104261,귀인동,경기도,안양시 동안구,4893,10022,2116,5351,1279,2019,2019
3104262,호계1동,경기도,안양시 동안구,1708,5247,1153,16812,3266,2019,2019
3104263,호계2동,경기도,안양시 동안구,3794,15600,4814,9824,1260,2019,2019
3104264,호계3동,경기도,안양시 동안구,3875,14153,4234,4341,996,2019,2019
3104265,범계동,경기도,안양시 동안구,3616,9742,2449,14017,2201,2019,2019
3104266,신촌동,경기도,안양시 동안구,2654,8456,2293,3071,710,2019,2019
3104267,갈산동,경기도,안양시 동안구,2315,6714,2280,1818,409,2019,2019
3105087,심곡동,경기도,부천시,7657,42486,15550,22886,5374,2019,2019
3105088,부천동,경기도,부천시,13911,57654,20329,55619,9754,2019,2019
3105089,중동,경기도,부천시,6942,26493,8801,18383,3160,2019,2019
3105090,신중동,경기도,부천시,22196,85319,23104,50811,7712,2019,2019
3105091,상동,경기도,부천시,19218,57156,12195,31425,6063,2019,2019
3105092,대산동,경기도,부천시,12015,52044,19685,21629,4910,2019,2019
3105093,소사본동,경기도,부천시,8603,34961,13700,10544,2523,2019,2019
3105094,범안동,경기도,부천시,19879,58721,18394,13238,3233,2019,2019
3105095,성곡동,경기도,부천시,13011,54470,19016,13825,3426,2019,2019
3105096,오정동,경기도,부천시,13123,55637,17726,53772,9529,2019,2019
3106051,광명1동,경기도,광명시,999,4569,1899,474,168,2019,2019
3106052,광명2동,경기도,광명시,1120,5723,2707,1383,480,2019,2019
3106053,광명3동,경기도,광명시,1055,6016,2861,4102,1222,2019,2019
3106054,광명4동,경기도,광명시,1720,8545,4006,3162,906,2019,2019
3106055,광명5동,경기도,광명시,2376,8827,3650,1853,525,2019,2019
3106056,광명6동,경기도,광명시,2189,6703,2482,4791,962,2019,2019
3106057,광명7동,경기도,광명시,2684,10377,4316,3416,721,2019,2019
3106058,철산1동,경기도,광명시,2801,8215,2145,1775,299,2019,2019
3106059,철산2동,경기도,광명시,1657,9085,3061,2115,542,2019,2019
3106060,철산3동,경기도,광명시,7564,20270,5662,13879,1848,2019,2019
3106061,철산4동,경기도,광명시,2472,8788,2541,899,303,2019,2019
3106062,하안1동,경기도,광명시,5946,16169,4702,5610,956,2019,2019
3106063,하안2동,경기도,광명시,2429,9270,2869,2096,407,2019,2019
3106064,하안3동,경기도,광명시,3838,12686,4752,4777,1156,2019,2019
3106065,하안4동,경기도,광명시,2812,8368,1867,1232,238,2019,2019
3106066,소하1동,경기도,광명시,7652,19133,5640,21310,2084,2019,2019
3106068,학온동,경기도,광명시,173,1168,944,7678,1517,2019,2019
3106069,소하2동,경기도,광명시,9300,29848,7901,4756,1076,2019,2019
3106070,일직동,경기도,광명시,0,0,0,6458,1027,2019,2019
3107011,팽성읍,경기도,평택시,3322,15210,8949,10330,1843,2019,2019
3107012,안중읍,경기도,평택시,10408,26949,6389,12860,2836,2019,2019
3107013,포승읍,경기도,평택시,4240,15538,4326,28471,2570,2019,2019
3107014,청북읍,경기도,평택시,7127,14853,3651,20088,1963,2019,2019
3107031,진위면,경기도,평택시,1412,6839,3213,21935,1197,2019,2019
3107032,서탄면,경기도,평택시,341,1933,1413,11133,1168,2019,2019
3107033,고덕면,경기도,평택시,2801,9144,2893,3519,610,2019,2019
3107034,오성면,경기도,평택시,871,3663,2299,4021,541,2019,2019
3107037,현덕면,경기도,평택시,494,2629,2413,1406,384,2019,2019
3107051,중앙동,경기도,평택시,8664,28180,7268,10531,2398,2019,2019
3107052,서정동,경기도,평택시,4119,16518,5893,7801,1982,2019,2019
3107053,송탄동,경기도,평택시,3806,11305,2531,17489,1110,2019,2019
3107055,지산동,경기도,평택시,1751,8122,2069,2441,618,2019,2019
3107056,송북동,경기도,평택시,4034,13550,4491,4335,1273,2019,2019
3107057,신장1동,경기도,평택시,1027,4101,1584,1339,315,2019,2019
3107058,신장2동,경기도,평택시,505,3129,2105,1812,729,2019,2019
3107059,신평동,경기도,평택시,3074,14639,5128,16623,3630,2019,2019
3107060,원평동,경기도,평택시,1422,6768,2738,3224,696,2019,2019
3107061,통복동,경기도,평택시,370,2410,1348,3272,1065,2019,2019
3107064,세교동,경기도,평택시,5027,16828,4359,10648,1302,2019,2019
3107065,비전2동,경기도,평택시,11852,32808,7485,10457,2064,2019,2019
3107066,용이동,경기도,평택시,6576,16015,2067,3274,713,2019,2019
3107067,비전1동,경기도,평택시,18078,48167,7796,14106,2424,2019,2019
3107068,동삭동,경기도,평택시,0,0,0,4212,726,2019,2019
3107069,고덕동,경기도,평택시,0,0,0,5910,180,2019,2019
3108051,생연1동,경기도,동두천시,1067,3849,2064,1968,241,2019,2019
3108052,생연2동,경기도,동두천시,2072,6352,3221,2458,865,2019,2019
3108053,중앙동,경기도,동두천시,407,2720,2131,2892,1029,2019,2019
3108055,보산동,경기도,동두천시,372,1650,1104,833,302,2019,2019
3108056,불현동,경기도,동두천시,5073,16104,6897,4490,1013,2019,2019
3108058,소요동,경기도,동두천시,899,4508,3268,6094,572,2019,2019
3108060,상패동,경기도,동두천시,465,2636,1937,2665,409,2019,2019
3108061,송내동,경기도,동두천시,5572,15271,5129,7252,1517,2019,2019
3109151,일동,경기도,안산시 상록구,4733,16870,4470,4949,906,2019,2019
3109154,본오1동,경기도,안산시 상록구,7520,26043,6131,8500,1954,2019,2019
3109155,본오2동,경기도,안산시 상록구,5071,18075,4762,4168,1118,2019,2019
3109156,본오3동,경기도,안산시 상록구,3158,14096,3776,5847,1449,2019,2019
3109157,부곡동,경기도,안산시 상록구,4033,14842,3822,3806,966,2019,2019
3109158,월피동,경기도,안산시 상록구,6938,26883,6394,7075,1830,2019,2019
3109162,성포동,경기도,안산시 상록구,4904,18272,4785,4607,848,2019,2019
3109171,반월동,경기도,안산시 상록구,2713,10906,4930,8122,1087,2019,2019
3109173,안산동,경기도,안산시 상록구,1383,5562,2356,3947,898,2019,2019
3109174,이동,경기도,안산시 상록구,3183,17618,4408,10806,2551,2019,2019
3109176,사동,경기도,안산시 상록구,5470,23732,5472,6812,1490,2019,2019
3109177,사이동,경기도,안산시 상록구,6655,21313,4915,5705,1303,2019,2019
3109178,해양동,경기도,안산시 상록구,3887,11984,2548,6009,752,2019,2019
3109259,와동,경기도,안산시 단원구,7181,26612,5985,4599,1625,2019,2019
3109266,초지동,경기도,안산시 단원구,9575,31628,6741,123256,9805,2019,2019
3109268,선부1동,경기도,안산시 단원구,1660,7382,2345,3349,415,2019,2019
3109269,선부2동,경기도,안산시 단원구,2983,12259,3145,5532,1289,2019,2019
3109270,선부3동,경기도,안산시 단원구,6836,24800,5077,5895,1353,2019,2019
3109272,대부동,경기도,안산시 단원구,714,4279,3557,3804,1170,2019,2019
3109273,호수동,경기도,안산시 단원구,9558,30852,5670,26771,4958,2019,2019
3109274,고잔동,경기도,안산시 단원구,3501,15255,3792,8813,768,2019,2019
3109275,중앙동,경기도,안산시 단원구,4311,17898,3856,18776,3235,2019,2019
3109276,원곡동,경기도,안산시 단원구,635,4145,1866,13475,3922,2019,2019
3109277,신길동,경기도,안산시 단원구,4535,14782,3792,16946,1823,2019,2019
3109278,백운동,경기도,안산시 단원구,3434,12319,3345,2715,776,2019,2019
3110151,주교동,경기도,고양시 덕양구,2030,9508,4210,4898,924,2019,2019
3110152,원신동,경기도,고양시 덕양구,5207,14359,4376,4226,916,2019,2019
3110153,흥도동,경기도,고양시 덕양구,9443,27391,7731,7120,1285,2019,2019
3110154,성사1동,경기도,고양시 덕양구,3409,13513,5140,6395,1644,2019,2019
3110155,성사2동,경기도,고양시 덕양구,1869,6873,2987,1748,363,2019,2019
3110156,효자동,경기도,고양시 덕양구,744,3319,978,1559,204,2019,2019
3110158,창릉동,경기도,고양시 덕양구,3898,12619,3335,10659,1973,2019,2019
3110159,고양동,경기도,고양시 덕양구,5922,17791,7455,7104,1414,2019,2019
3110160,관산동,경기도,고양시 덕양구,5262,21610,9739,7622,1670,2019,2019
3110161,능곡동,경기도,고양시 덕양구,2318,9705,3974,4127,881,2019,2019
3110162,화정1동,경기도,고양시 덕양구,6223,24617,7843,11945,1912,2019,2019
3110163,화정2동,경기도,고양시 덕양구,6961,21435,5528,9657,1973,2019,2019
3110164,행주동,경기도,고양시 덕양구,2245,12665,5040,6613,1329,2019,2019
3110165,행신1동,경기도,고양시 덕양구,3882,14121,4633,3138,745,2019,2019
3110166,행신2동,경기도,고양시 덕양구,5676,21394,5988,8534,1727,2019,2019
3110167,화전동,경기도,고양시 덕양구,3955,12058,3369,2696,549,2019,2019
3110168,대덕동,경기도,고양시 덕양구,307,1606,824,3173,478,2019,2019
3110169,행신3동,경기도,고양시 덕양구,8438,29822,8933,6997,1351,2019,2019
3110170,삼송동,경기도,고양시 덕양구,3631,13648,4600,6215,1420,2019,2019
3110351,식사동,경기도,고양시 일산동구,8119,21406,4672,11239,1774,2019,2019
3110352,중산동,경기도,고양시 일산동구,8434,29709,9521,8384,1682,2019,2019
3110353,정발산동,경기도,고양시 일산동구,3743,15656,4950,6072,1715,2019,2019
3110354,풍산동,경기도,고양시 일산동구,8311,24408,6948,8073,1438,2019,2019
3110355,백석1동,경기도,고양시 일산동구,5224,20850,5282,14863,2248,2019,2019
3110356,마두1동,경기도,고양시 일산동구,4963,15579,4396,9516,1387,2019,2019
3110357,마두2동,경기도,고양시 일산동구,3601,10028,3061,4662,1127,2019,2019
3110358,장항1동,경기도,고양시 일산동구,1962,5842,1605,11401,2039,2019,2019
3110359,장항2동,경기도,고양시 일산동구,2850,18987,4232,35812,6685,2019,2019
3110360,고봉동,경기도,고양시 일산동구,3084,13734,5623,24456,3958,2019,2019
3110361,백석2동,경기도,고양시 일산동구,2438,14534,3919,10019,2083,2019,2019
3110451,일산1동,경기도,고양시 일산서구,5150,17503,5635,2815,754,2019,2019
3110452,일산2동,경기도,고양시 일산서구,2763,12050,4405,3535,1215,2019,2019
3110453,일산3동,경기도,고양시 일산서구,8796,22660,5193,4205,1084,2019,2019
3110454,탄현동,경기도,고양시 일산서구,11005,34084,7843,7559,1397,2019,2019
3110455,주엽1동,경기도,고양시 일산서구,5561,16983,5845,5308,1328,2019,2019
3110456,주엽2동,경기도,고양시 일산서구,5568,17667,6415,6664,1584,2019,2019
3110457,대화동,경기도,고양시 일산서구,5381,23174,6236,17611,2852,2019,2019
3110458,송포동,경기도,고양시 일산서구,4110,13708,3728,5187,930,2019,2019
3110459,송산동,경기도,고양시 일산서구,11330,31324,8406,16823,3528,2019,2019
3111051,중앙동,경기도,과천시,1079,3965,1692,8872,428,2019,2019
3111052,갈현동,경기도,과천시,2712,6393,1778,1872,311,2019,2019
3111053,별양동,경기도,과천시,1893,6570,2327,9684,999,2019,2019
3111054,부림동,경기도,과천시,2255,7398,2206,660,145,2019,2019
3111055,과천동,경기도,과천시,1349,6185,2321,10947,1310,2019,2019
3111056,문원동,경기도,과천시,1585,4805,1776,2554,259,2019,2019
3112051,갈매동,경기도,구리시,6994,19474,4870,5994,1425,2019,2019
3112052,동구동,경기도,구리시,7465,24688,6859,15415,2962,2019,2019
3112053,인창동,경기도,구리시,4318,14806,4546,7167,1257,2019,2019
3112054,교문1동,경기도,구리시,1985,10270,4262,10665,1545,2019,2019
3112055,교문2동,경기도,구리시,4709,13727,4208,2112,628,2019,2019
3112056,수택1동,경기도,구리시,2424,12368,4791,9338,2381,2019,2019
3112057,수택2동,경기도,구리시,3343,15082,5753,4646,1510,2019,2019
3112058,수택3동,경기도,구리시,4223,14176,3924,9368,1441,2019,2019
3113011,와부읍,경기도,남양주시,12523,37583,14232,13498,2980,2019,2019
3113012,진접읍,경기도,남양주시,20852,54686,18355,28193,5587,2019,2019
3113013,화도읍,경기도,남양주시,20837,60675,19711,27352,6098,2019,2019
3113014,진건읍,경기도,남양주시,3345,14945,6662,15123,3218,2019,2019
3113015,오남읍,경기도,남양주시,11437,31903,10308,11113,2523,2019,2019
3113016,퇴계원읍,경기도,남양주시,4781,18276,7305,3647,1027,2019,2019
3113031,별내면,경기도,남양주시,3465,11546,5104,3526,935,2019,2019
3113034,수동면,경기도,남양주시,999,4587,3492,7106,1163,2019,2019
3113035,조안면,경기도,남양주시,468,2238,1569,1038,302,2019,2019
3113051,호평동,경기도,남양주시,12620,29979,8110,9430,1910,2019,2019
3113052,평내동,경기도,남양주시,8359,20604,5622,7301,1597,2019,2019
3113053,금곡동,경기도,남양주시,2229,11511,5768,8137,1412,2019,2019
3113054,양정동,경기도,남양주시,393,2546,1723,6736,1347,2019,2019
3113057,별내동,경기도,남양주시,15004,43490,12078,13721,2840,2019,2019
3113058,다산1동,경기도,남양주시,17893,45383,11221,8860,2153,2019,2019
3113059,다산2동,경기도,남양주시,7511,19659,4733,7150,1193,2019,2019
3114051,중앙동,경기도,오산시,8485,22074,5086,9479,1947,2019,2019
3114052,대원동,경기도,오산시,14203,41375,8506,18219,3537,2019,2019
3114053,남촌동,경기도,오산시,2257,14877,2676,16303,1733,2019,2019
3114054,신장동,경기도,오산시,14265,36201,8950,10193,2045,2019,2019
3114055,세마동,경기도,오산시,7406,19995,3763,11662,1426,2019,2019
3114056,초평동,경기도,오산시,3629,10226,2405,4249,578,2019,2019
3115051,대야동,경기도,시흥시,5149,21173,6598,16017,3383,2019,2019
3115052,신천동,경기도,시흥시,5762,24361,7456,11292,3138,2019,2019
3115053,신현동,경기도,시흥시,1388,6363,2610,7238,1697,2019,2019
3115054,은행동,경기도,시흥시,11118,30759,6381,8477,1819,2019,2019
3115055,매화동,경기도,시흥시,2123,7638,2798,4834,1032,2019,2019
3115056,목감동,경기도,시흥시,9985,26604,6603,8292,1921,2019,2019
3115059,과림동,경기도,시흥시,111,1032,851,7783,2134,2019,2019
3115061,정왕2동,경기도,시흥시,6563,21769,3652,33374,4473,2019,2019
3115062,정왕3동,경기도,시흥시,4143,15745,3281,23236,3349,2019,2019
3115064,정왕본동,경기도,시흥시,2437,15774,2482,8704,2387,2019,2019
3115065,정왕1동,경기도,시흥시,3646,16240,2979,42747,6422,2019,2019
3115067,능곡동,경기도,시흥시,3805,10815,2698,3456,684,2019,2019
3115068,군자동,경기도,시흥시,4223,14358,4487,4205,1146,2019,2019
3115069,월곶동,경기도,시흥시,2985,9575,2707,4660,1011,2019,2019
3115070,연성동,경기도,시흥시,5277,15726,3461,7478,1320,2019,2019
3115071,장곡동,경기도,시흥시,4679,11187,1641,2932,661,2019,2019
3115072,정왕4동,경기도,시흥시,4756,14450,2511,2302,647,2019,2019
3115074,배곧1동,경기도,시흥시,0,0,0,3964,962,2019,2019
3115075,배곧2동,경기도,시흥시,0,0,0,5326,1310,2019,2019
3116051,군포1동,경기도,군포시,4976,21209,6730,36957,4948,2019,2019
3116052,군포2동,경기도,군포시,11539,33719,8832,7922,1463,2019,2019
3116054,산본1동,경기도,군포시,1814,10252,4436,8379,1813,2019,2019
3116055,산본2동,경기도,군포시,5448,17192,5277,5122,642,2019,2019
3116056,금정동,경기도,군포시,2199,11361,4016,12910,1947,2019,2019
3116057,재궁동,경기도,군포시,2982,12455,4311,5317,770,2019,2019
3116058,오금동,경기도,군포시,4547,14263,3930,1359,256,2019,2019
3116059,수리동,경기도,군포시,3005,10427,3941,1735,248,2019,2019
3116060,궁내동,경기도,군포시,5296,12777,3329,1894,360,2019,2019
3116061,광정동,경기도,군포시,4864,15844,4983,13734,2583,2019,2019
3116063,대야동,경기도,군포시,4001,12668,3229,2205,431,2019,2019
3116064,송부동,경기도,군포시,0,0,0,11309,807,2019,2019
3117051,고천동,경기도,의왕시,1843,6906,3202,10863,1279,2019,2019
3117052,부곡동,경기도,의왕시,4656,17192,6384,12709,1584,2019,2019
3117053,오전동,경기도,의왕시,7200,23349,7992,9535,1615,2019,2019
3117054,내손1동,경기도,의왕시,3821,13557,3932,4443,936,2019,2019
3117055,내손2동,경기도,의왕시,5206,18947,5657,2726,803,2019,2019
3117056,청계동,경기도,의왕시,5537,19518,6254,13557,1745,2019,2019
3118051,천현동,경기도,하남시,828,4555,2352,12216,1873,2019,2019
3118052,신장1동,경기도,하남시,719,4033,1617,2370,851,2019,2019
3118053,신장2동,경기도,하남시,8108,26766,10890,11424,2129,2019,2019
3118054,덕풍1동,경기도,하남시,2223,10018,4221,1604,472,2019,2019
3118055,덕풍2동,경기도,하남시,2501,11878,5209,2464,728,2019,2019
3118056,덕풍3동,경기도,하남시,4918,15100,5544,9413,1565,2019,2019
3118059,춘궁동,경기도,하남시,361,2351,1379,6777,1220,2019,2019
3118060,초이동,경기도,하남시,386,2215,1137,6679,1222,2019,2019
3118061,풍산동,경기도,하남시,7330,17216,3650,10156,1533,2019,2019
3118062,미사1동,경기도,하남시,8331,27688,5157,6412,1446,2019,2019
3118063,미사2동,경기도,하남시,12187,28615,7468,4651,927,2019,2019
3118065,위례동,경기도,하남시,4342,12336,2543,1554,288,2019,2019
3118066,감북동,경기도,하남시,1045,3813,1425,5630,877,2019,2019
3118067,감일동,경기도,하남시,0,0,0,1729,257,2019,2019
3119111,포곡읍,경기도,용인시 처인구,6350,20411,6189,13068,2125,2019,2019
3119112,모현읍,경기도,용인시 처인구,4450,15310,5977,14878,2625,2019,2019
3119113,이동읍,경기도,용인시 처인구,3564,11602,5010,12815,1707,2019,2019
3119114,남사읍,경기도,용인시 처인구,0,0,0,14215,1375,2019,2019
3119134,원삼면,경기도,용인시 처인구,930,4294,2999,5568,827,2019,2019
3119135,백암면,경기도,용인시 처인구,785,4359,3323,6775,979,2019,2019
3119136,양지면,경기도,용인시 처인구,3363,10873,4209,11336,1678,2019,2019
3119151,중앙동,경기도,용인시 처인구,3932,15470,4863,14177,2733,2019,2019
3119153,유림동,경기도,용인시 처인구,7961,22185,5562,7706,1141,2019,2019
3119154,동부동,경기도,용인시 처인구,2041,8087,3153,6143,1122,2019,2019
3119155,역북동,경기도,용인시 처인구,0,0,0,6364,1472,2019,2019
3119156,삼가동,경기도,용인시 처인구,0,0,0,6830,542,2019,2019
3119252,구갈동,경기도,용인시 기흥구,8106,28194,5798,12715,2572,2019,2019
3119254,기흥동,경기도,용인시 기흥구,4216,12420,4412,12131,1248,2019,2019
3119255,서농동,경기도,용인시 기흥구,5803,16835,2727,24574,940,2019,2019
3119256,구성동,경기도,용인시 기흥구,8705,22266,8590,7501,1248,2019,2019
3119257,마북동,경기도,용인시 기흥구,6058,18650,7611,10000,944,2019,2019
3119259,보정동,경기도,용인시 기흥구,8073,20590,7375,14571,2115,2019,2019
3119260,상하동,경기도,용인시 기흥구,5169,15045,4660,4755,630,2019,2019
3119261,신갈동,경기도,용인시 기흥구,7466,24360,7127,10067,1605,2019,2019
3119263,영덕1동,경기도,용인시 기흥구,0,0,0,14772,1895,2019,2019
3119264,영덕2동,경기도,용인시 기흥구,0,0,0,9131,665,2019,2019
3119265,상갈동,경기도,용인시 기흥구,10189,27918,8726,3325,583,2019,2019
3119266,보라동,경기도,용인시 기흥구,0,0,0,8649,1275,2019,2019
3119267,동백1동,경기도,용인시 기흥구,0,0,0,3554,722,2019,2019
3119268,동백2동,경기도,용인시 기흥구,0,0,0,12117,2112,2019,2019
3119269,동백3동,경기도,용인시 기흥구,0,0,0,2979,416,2019,2019
3119351,풍덕천1동,경기도,용인시 수지구,6863,23134,6010,9123,2020,2019,2019
3119352,풍덕천2동,경기도,용인시 수지구,10835,26103,5132,7327,1225,2019,2019
3119353,신봉동,경기도,용인시 수지구,9036,21748,7131,5147,1056,2019,2019
3119355,죽전2동,경기도,용인시 수지구,3329,12122,3234,6396,1296,2019,2019
3119356,동천동,경기도,용인시 수지구,10386,27994,7562,13021,1983,2019,2019
3119358,상현2동,경기도,용인시 수지구,7796,19886,6459,3610,891,2019,2019
3119359,성복동,경기도,용인시 수지구,10630,26859,10720,7196,1279,2019,2019
3119360,죽전1동,경기도,용인시 수지구,12940,34597,9619,8086,1156,2019,2019
3119361,죽전3동,경기도,용인시 수지구,0,0,0,5858,927,2019,2019
3119362,상현1동,경기도,용인시 수지구,11303,29610,7996,1791,302,2019,2019
3119363,상현3동,경기도,용인시 수지구,0,0,0,7473,1165,2019,2019
3120011,문산읍,경기도,파주시,10144,28277,10358,13393,2493,2019,2019
3120012,파주읍,경기도,파주시,1371,7166,4679,8214,1129,2019,2019
3120013,법원읍,경기도,파주시,1246,5967,3911,6097,993,2019,2019
3120015,조리읍,경기도,파주시,4886,17731,7903,12731,2417,2019,2019
3120031,월롱면,경기도,파주시,500,7055,1992,29970,1476,2019,2019
3120032,탄현면,경기도,파주시,1840,7912,3829,16092,2521,2019,2019
3120035,광탄면,경기도,파주시,1226,6260,4151,13655,2177,2019,2019
3120036,파평면,경기도,파주시,340,1853,1753,1987,369,2019,2019
3120037,적성면,경기도,파주시,1126,3952,2489,2893,685,2019,2019
3120039,장단면,경기도,파주시,0,0,0,198,38,2019,2019
3120052,금촌2동,경기도,파주시,8246,20612,5138,7907,1359,2019,2019
3120053,금촌1동,경기도,파주시,2872,14112,5596,12878,2968,2019,2019
3120054,금촌3동,경기도,파주시,5422,16763,5421,5450,1037,2019,2019
3120055,교하동,경기도,파주시,9842,24571,6827,31733,4358,2019,2019
3120056,운정1동,경기도,파주시,11305,27348,6474,11629,2479,2019,2019
3120057,운정2동,경기도,파주시,16128,36958,7218,6001,1434,2019,2019
3120058,운정3동,경기도,파주시,17400,44962,10176,9135,1745,2019,2019
3121011,장호원읍,경기도,이천시,2516,7873,4500,4204,1152,2019,2019
3121012,부발읍,경기도,이천시,8329,22151,5531,39543,2027,2019,2019
3121031,신둔면,경기도,이천시,2077,7857,3341,6325,1121,2019,2019
3121032,백사면,경기도,이천시,1672,6339,3032,4508,658,2019,2019
3121033,호법면,경기도,이천시,644,3155,1895,7392,873,2019,2019
3121034,마장면,경기도,이천시,2361,7497,2657,16707,1427,2019,2019
3121035,대월면,경기도,이천시,2597,9043,2755,5673,721,2019,2019
3121036,모가면,경기도,이천시,427,2216,1839,4195,456,2019,2019
3121037,설성면,경기도,이천시,460,2328,2098,2092,335,2019,2019
3121038,율면,경기도,이천시,208,1102,1411,873,158,2019,2019
3121051,창전동,경기도,이천시,2691,10912,3862,8331,2275,2019,2019
3121052,중리동,경기도,이천시,1985,9470,3091,11133,1834,2019,2019
3121053,관고동,경기도,이천시,1466,6431,2410,5399,887,2019,2019
3121054,증포동,경기도,이천시,15242,33057,5306,8462,1658,2019,2019
3122011,공도읍,경기도,안성시,13941,34840,8742,14926,2637,2019,2019
3122031,보개면,경기도,안성시,515,2674,2327,3949,517,2019,2019
3122032,금광면,경기도,안성시,1200,3969,2471,1527,327,2019,2019
3122033,서운면,경기도,안성시,264,1672,1520,4792,488,2019,2019
3122034,미양면,경기도,안성시,530,2879,2273,11475,816,2019,2019
3122035,대덕면,경기도,안성시,2643,9785,3059,8337,1166,2019,2019
3122036,양성면,경기도,안성시,433,2539,2251,5696,706,2019,2019
3122038,원곡면,경기도,안성시,773,3693,1627,10294,1140,2019,2019
3122039,일죽면,경기도,안성시,771,3670,3191,4749,812,2019,2019
3122040,죽산면,경기도,안성시,676,3555,2670,4996,783,2019,2019
3122041,삼죽면,경기도,안성시,354,1728,1498,2695,385,2019,2019
3122042,고삼면,경기도,안성시,138,900,882,1723,191,2019,2019
3122051,안성1동,경기도,안성시,1905,7230,3546,5708,1121,2019,2019
3122052,안성2동,경기도,안성시,4674,13454,4041,9152,1999,2019,2019
3122053,안성3동,경기도,안성시,4388,13244,4270,9555,1460,2019,2019
3123011,통진읍,경기도,김포시,4189,15631,6817,20008,3670,2019,2019
3123012,고촌읍,경기도,김포시,5340,15518,6207,13224,2471,2019,2019
3123013,양촌읍,경기도,김포시,4325,14995,6696,30970,4734,2019,2019
3123034,대곶면,경기도,김포시,918,5441,3441,29134,4871,2019,2019
3123035,월곶면,경기도,김포시,423,2800,2336,9780,1279,2019,2019
3123036,하성면,경기도,김포시,756,4236,3228,10364,1912,2019,2019
3123053,사우동,경기도,김포시,4001,14585,4576,10775,2083,2019,2019
3123054,풍무동,경기도,김포시,14502,37044,9966,9535,2039,2019,2019
3123056,장기동,경기도,김포시,11382,24762,5450,6320,1439,2019,2019
3123060,운양동,경기도,김포시,13041,30094,6042,6869,1484,2019,2019
3123061,김포본동,경기도,김포시,10031,31005,10075,11399,2654,2019,2019
3123062,장기본동,경기도,김포시,10470,22077,5119,6454,1261,2019,2019
3123063,구래동,경기도,김포시,10016,25037,4218,7355,1795,2019,2019
3123064,마산동,경기도,김포시,7474,18433,4524,1891,420,2019,2019
3124012,봉담읍,경기도,화성시,18275,47715,12002,28761,5287,2019,2019
3124013,우정읍,경기도,화성시,2512,9829,5090,27369,1866,2019,2019
3124014,향남읍,경기도,화성시,20777,52389,9946,43294,6480,2019,2019
3124015,남양읍,경기도,화성시,7519,24688,6960,38166,3856,2019,2019
3124031,매송면,경기도,화성시,891,4155,2339,2493,629,2019,2019
3124033,비봉면,경기도,화성시,590,3093,2166,7929,1232,2019,2019
3124035,마도면,경기도,화성시,709,3915,2192,17528,1981,2019,2019
3124036,송산면,경기도,화성시,1323,5606,4019,7067,1532,2019,2019
3124037,서신면,경기도,화성시,513,3599,2979,7429,1408,2019,2019
3124038,팔탄면,경기도,화성시,813,5924,3145,36388,5166,2019,2019
3124039,장안면,경기도,화성시,1091,5505,3669,22025,2636,2019,2019
3124042,양감면,경기도,화성시,289,2275,1494,15935,1734,2019,2019
3124043,정남면,경기도,화성시,1284,6596,3448,29325,4687,2019,2019
3124052,진안동,경기도,화성시,8804,29305,5180,15508,3143,2019,2019
3124053,병점1동,경기도,화성시,6209,18312,3750,5294,1236,2019,2019
3124054,병점2동,경기도,화성시,6813,14844,2965,4189,912,2019,2019
3124055,반월동,경기도,화성시,8425,20076,3141,56867,1689,2019,2019
3124056,기배동,경기도,화성시,3470,8256,2153,5462,907,2019,2019
3124057,화산동,경기도,화성시,4378,14547,4630,10497,1555,2019,2019
3124060,동탄2동,경기도,화성시,11185,21384,3191,5115,932,2019,2019
3124061,동탄1동,경기도,화성시,13742,33208,3451,31469,4132,2019,2019
3124062,동탄3동,경기도,화성시,11751,26739,3408,8240,1349,2019,2019
3124064,동탄4동,경기도,화성시,18512,32338,2840,5249,1045,2019,2019
3124065,동탄5동,경기도,화성시,9770,23987,3383,18196,2660,2019,2019
3124067,새솔동,경기도,화성시,5088,12143,1155,920,285,2019,2019
3124069,동탄7동,경기도,화성시,21359,46194,4969,10866,1193,2019,2019
3124070,동탄6동,경기도,화성시,7093,19385,2170,22543,2134,2019,2019
3124071,동탄8동,경기도,화성시,5144,13608,1617,3054,369,2019,2019
3125011,오포읍,경기도,광주시,20014,68721,19292,29842,5815,2019,2019
3125012,초월읍,경기도,광주시,8448,26327,8740,25360,4329,2019,2019
3125014,곤지암읍,경기도,광주시,3402,13875,5622,19986,3090,2019,2019
3125034,도척면,경기도,광주시,1153,5101,2865,11480,1759,2019,2019
3125035,퇴촌면,경기도,광주시,2231,7417,4743,2355,732,2019,2019
3125036,남종면,경기도,광주시,117,640,747,388,98,2019,2019
3125038,남한산성면,경기도,광주시,391,1366,967,1279,322,2019,2019
3125054,경안동,경기도,광주시,8342,27303,7870,10928,2524,2019,2019
3125055,송정동,경기도,광주시,11013,38106,11653,7745,1387,2019,2019
3125056,쌍령동,경기도,광주시,0,0,0,1998,431,2019,2019
3125057,탄벌동,경기도,광주시,0,0,0,6946,1355,2019,2019
3125058,광남1동,경기도,광주시,0,0,0,18053,3059,2019,2019
3125059,광남2동,경기도,광주시,0,0,0,2497,518,2019,2019
3126011,백석읍,경기도,양주시,4270,15266,7226,9921,1979,2019,2019
3126031,은현면,경기도,양주시,547,3373,2301,11329,1750,2019,2019
3126032,남면,경기도,양주시,882,3913,2455,9247,1313,2019,2019
3126033,광적면,경기도,양주시,1672,7024,3579,13328,2258,2019,2019
3126034,장흥면,경기도,양주시,1110,5216,3995,5884,1150,2019,2019
3126051,양주1동,경기도,양주시,541,2915,2113,4695,866,2019,2019
3126052,양주2동,경기도,양주시,12972,29115,9210,11677,2619,2019,2019
3126053,회천1동,경기도,양주시,1470,6132,2358,6377,1231,2019,2019
3126054,회천2동,경기도,양주시,4951,16601,5911,8525,1604,2019,2019
3126055,회천3동,경기도,양주시,6512,17079,4771,4077,985,2019,2019
3126056,회천4동,경기도,양주시,8819,22652,5363,6246,1400,2019,2019
3127011,소흘읍,경기도,포천시,8513,27170,9085,19865,4454,2019,2019
3127031,군내면,경기도,포천시,1228,5003,2514,8212,1073,2019,2019
3127032,내촌면,경기도,포천시,361,2529,1772,8279,1402,2019,2019
3127033,가산면,경기도,포천시,681,4413,2681,16278,2821,2019,2019
3127034,신북면,경기도,포천시,1790,7069,3734,7923,1041,2019,2019
3127035,창수면,경기도,포천시,154,961,1088,1473,199,2019,2019
3127036,영중면,경기도,포천시,504,2373,2069,3422,571,2019,2019
3127037,일동면,경기도,포천시,1278,4711,3501,3486,924,2019,2019
3127038,이동면,경기도,포천시,926,3184,1993,1925,511,2019,2019
3127039,영북면,경기도,포천시,1143,4325,3139,2723,853,2019,2019
3127040,관인면,경기도,포천시,224,1213,1398,648,183,2019,2019
3127041,화현면,경기도,포천시,372,1388,998,2391,290,2019,2019
3127051,포천동,경기도,포천시,3261,10826,4387,7657,1751,2019,2019
3127052,선단동,경기도,포천시,2038,8986,3396,11639,1733,2019,2019
3128011,가남읍,경기도,여주시,2432,8615,4484,8665,1162,2019,2019
3128031,점동면,경기도,여주시,474,2089,2044,2593,357,2019,2019
3128033,흥천면,경기도,여주시,478,2346,2212,1347,296,2019,2019
3128034,금사면,경기도,여주시,236,1327,1408,697,203,2019,2019
3128035,산북면,경기도,여주시,286,1170,1130,901,186,2019,2019
3128036,대신면,경기도,여주시,714,3255,3207,1745,404,2019,2019
3128037,북내면,경기도,여주시,546,2376,2031,2369,321,2019,2019
3128038,강천면,경기도,여주시,400,2013,1724,1943,239,2019,2019
3128039,세종대왕면,경기도,여주시,0,0,0,2508,384,2019,2019
3128051,여흥동,경기도,여주시,3814,13008,5256,12386,2315,2019,2019
3128052,중앙동,경기도,여주시,3833,10967,3858,7723,1655,2019,2019
3128053,오학동,경기도,여주시,3713,10209,2963,3885,1022,2019,2019
3135011,연천읍,,,1233,4282,2521,3232,613,2019,2019
3135012,전곡읍,,,3632,10488,5061,6836,1848,2019,2019
3135031,군남면,,,315,1490,1523,900,182,2019,2019
3135032,청산면,,,352,1948,1712,1962,341,2019,2019
3135033,백학면,,,258,1238,1178,1078,218,2019,2019
3135034,미산면,,,116,772,869,375,124,2019,2019
3135035,왕징면,,,79,405,561,204,55,2019,2019
3135036,신서면,,,197,1235,1421,482,220,2019,2019
3135037,중면,,,21,109,72,41,15,2019,2019
3135038,장남면,,,65,323,348,193,38,2019,2019
3137011,가평읍,,,3017,10479,6136,9638,2096,2019,2019
3137031,설악면,,,1375,4592,3459,5198,1014,2019,2019
3137032,청평면,,,1757,7403,5001,5589,1453,2019,2019
3137033,상면,,,494,2632,2379,2664,630,2019,2019
3137035,북면,,,378,1720,1875,1967,660,2019,2019
3137036,조종면,,,1443,5105,3170,3084,842,2019,2019
3138011,양평읍,,,5732,17109,7699,12993,2592,2019,2019
3138031,강상면,,,1827,5339,2875,1870,444,2019,2019
3138032,강하면,,,413,2159,2060,1083,290,2019,2019
3138033,양서면,,,1729,6576,4661,3044,741,2019,2019
3138034,옥천면,,,1064,3940,2762,1745,469,2019,2019
3138035,서종면,,,1445,4661,3362,2139,701,2019,2019
3138036,단월면,,,387,1764,1773,1078,264,2019,2019
3138037,청운면,,,282,1543,1894,997,278,2019,2019
3138038,양동면,,,344,1921,2321,991,249,2019,2019
3138039,지평면,,,647,2940,3202,1161,291,2019,2019
3138040,용문면,,,2935,8708,5726,4461,1324,2019,2019
3138041,개군면,,,573,2360,2141,704,224,2019,2019
