시도,시군구명칭,읍면동명칭,행정구역코드,아파트수,전체주택수,아파트비율_퍼센트
서울,종로구,사직동,11010530,1460,3367,43.36
서울,종로구,삼청동,11010540,0,790,0.0
서울,종로구,부암동,11010550,121,3103,3.9
서울,종로구,평창동,11010560,876,5563,15.75
서울,종로구,무악동,11010570,2679,2838,94.4
서울,종로구,교남동,11010580,2418,3791,63.78
서울,종로구,가회동,11010600,0,1441,0.0
서울,종로구,종로1·2·3·4가동,11010610,951,2867,33.17
서울,종로구,종로5·6가동,11010630,164,1641,9.99
서울,종로구,이화동,11010640,189,2715,6.96
서울,종로구,창신1동,11010670,811,1632,49.69
서울,종로구,창신2동,11010680,330,2419,13.64
서울,종로구,창신3동,11010690,1731,2147,80.62
서울,종로구,숭인1동,11010700,654,1788,36.58
서울,종로구,숭인2동,11010710,1177,4054,29.03
서울,종로구,청운효자동,11010720,228,3853,5.92
서울,종로구,혜화동,11010730,890,5151,17.28
서울,중구,소공동,11020520,579,958,60.44
서울,중구,회현동,11020540,1149,1712,67.11
서울,중구,명동,11020550,249,763,32.63
서울,중구,필동,11020570,397,1348,29.45
서울,중구,장충동,11020580,201,2212,9.09
서울,중구,광희동,11020590,938,2192,42.79
서울,중구,을지로동,11020600,234,855,27.37
서울,중구,신당5동,11020650,2182,3462,63.03
서울,중구,황학동,11020670,2643,5195,50.88
서울,중구,중림동,11020680,3356,4590,73.12
서울,중구,신당동,11020690,636,2713,23.44
서울,중구,다산동,11020700,471,4563,10.32
서울,중구,약수동,11020710,5228,6468,80.83
서울,중구,청구동,11020720,3718,4880,76.19
서울,중구,동화동,11020730,2547,3127,81.45
서울,용산구,후암동,11030510,586,5237,11.19
서울,용산구,용산2가동,11030520,293,3023,9.69
서울,용산구,남영동,11030530,439,2657,16.52
서울,용산구,원효로2동,11030570,3082,4502,68.46
서울,용산구,효창동,11030580,1508,3263,46.22
서울,용산구,용문동,11030590,2209,4074,54.22
서울,용산구,이촌1동,11030630,9063,9111,99.47
서울,용산구,이촌2동,11030640,2710,3223,84.08
서울,용산구,이태원1동,11030650,638,1981,32.21
서울,용산구,이태원2동,11030660,634,2742,23.12
서울,용산구,서빙고동,11030690,2430,3948,61.55
서울,용산구,보광동,11030700,541,3463,15.62
서울,용산구,청파동,11030710,74,6137,1.21
서울,용산구,원효로1동,11030720,3232,5948,54.34
서울,용산구,한강로동,11030730,3587,7757,46.24
서울,용산구,한남동,11030740,2784,6947,40.07
서울,성동구,왕십리2동,11040520,4106,5275,77.84
서울,성동구,마장동,11040540,4168,6903,60.38
서울,성동구,사근동,11040550,1286,3303,38.93
서울,성동구,행당1동,11040560,3316,4995,66.39
서울,성동구,행당2동,11040570,7934,8289,95.72
서울,성동구,응봉동,11040580,3826,5206,73.49
서울,성동구,금호1가동,11040590,4908,5834,84.13
서울,성동구,금호4가동,11040620,4300,5114,84.08
서울,성동구,성수1가1동,11040650,3251,5138,63.27
서울,성동구,성수1가2동,11040660,2290,4405,51.99
서울,성동구,성수2가1동,11040670,1910,4416,43.25
서울,성동구,성수2가3동,11040680,1909,3769,50.65
서울,성동구,송정동,11040690,790,2441,32.36
서울,성동구,용답동,11040700,441,3157,13.97
서울,성동구,왕십리도선동,11040710,7259,9472,76.64
서울,성동구,금호2·3가동,11040720,4995,7390,67.59
서울,성동구,옥수동,11040730,9141,9691,94.32
서울,광진구,화양동,11050530,1358,7330,18.53
서울,광진구,군자동,11050540,777,4722,16.45
서울,광진구,중곡1동,11050550,148,3839,3.86
서울,광진구,중곡2동,11050560,299,5270,5.67
서울,광진구,중곡3동,11050570,462,3946,11.71
서울,광진구,중곡4동,11050580,314,7360,4.27
서울,광진구,능동,11050590,21,2645,0.79
서울,광진구,구의1동,11050600,264,6194,4.26
서울,광진구,구의2동,11050610,1324,7380,17.94
서울,광진구,구의3동,11050620,5737,9181,62.49
서울,광진구,광장동,11050630,8923,10542,84.64
서울,광진구,자양1동,11050640,896,6038,14.84
서울,광진구,자양2동,11050650,2784,7147,38.95
서울,광진구,자양3동,11050660,6966,8592,81.08
서울,광진구,자양4동,11050670,1403,4869,28.81
서울,동대문구,회기동,11060710,1547,3371,45.89
서울,동대문구,휘경1동,11060720,2365,4627,51.11
서울,동대문구,휘경2동,11060730,4150,6866,60.44
서울,동대문구,청량리동,11060800,3704,6353,58.3
서울,동대문구,용신동,11060810,4301,10779,39.9
서울,동대문구,제기동,11060820,3095,8231,37.6
서울,동대문구,전농1동,11060830,4042,8683,46.55
서울,동대문구,전농2동,11060840,5350,6374,83.93
서울,동대문구,답십리2동,11060860,7881,9745,80.87
서울,동대문구,장안1동,11060870,6567,12786,51.36
서울,동대문구,장안2동,11060880,5525,9634,57.35
서울,동대문구,이문1동,11060890,2052,6028,34.04
서울,동대문구,이문2동,11060900,4681,6253,74.86
서울,동대문구,답십리1동,11060910,7358,9705,75.82
서울,중랑구,면목2동,11070520,2358,6384,36.94
서울,중랑구,면목4동,11070540,2853,5403,52.8
서울,중랑구,면목5동,11070550,216,2441,8.85
서울,중랑구,면목7동,11070570,2654,5754,46.12
서울,중랑구,상봉1동,11070590,5282,7783,67.87
서울,중랑구,상봉2동,11070600,1673,6781,24.67
서울,중랑구,중화1동,11070610,2117,5659,37.41
서울,중랑구,중화2동,11070620,840,6348,13.23
서울,중랑구,묵1동,11070640,6314,10718,58.91
서울,중랑구,묵2동,11070650,1649,5286,31.2
서울,중랑구,망우3동,11070680,61,3642,1.67
서울,중랑구,신내1동,11070690,10954,12510,87.56
서울,중랑구,신내2동,11070700,8090,8450,95.74
서울,중랑구,면목본동,11070710,809,8827,9.17
서울,중랑구,면목3·8동,11070720,1940,6339,30.6
서울,중랑구,망우본동,11070730,3200,7759,41.24
서울,성북구,돈암1동,11080580,5153,5605,91.94
서울,성북구,돈암2동,11080590,7567,7993,94.67
서울,성북구,안암동,11080600,1209,4360,27.73
서울,성북구,보문동,11080610,2471,4800,51.48
서울,성북구,정릉1동,11080620,4450,5766,77.18
서울,성북구,정릉2동,11080630,3030,7712,39.29
서울,성북구,정릉3동,11080640,757,5261,14.39
서울,성북구,정릉4동,11080650,5162,8929,57.81
서울,성북구,길음1동,11080660,11201,11652,96.13
서울,성북구,길음2동,11080680,4680,5446,85.93
서울,성북구,월곡1동,11080710,6001,8081,74.26
서울,성북구,월곡2동,11080720,3365,5782,58.2
서울,성북구,장위1동,11080760,90,5694,1.58
서울,성북구,장위2동,11080770,198,3384,5.85
서울,성북구,장위3동,11080780,3495,4965,70.39
서울,성북구,성북동,11080810,574,5446,10.54
서울,성북구,삼선동,11080820,2887,7314,39.47
서울,성북구,동선동,11080830,1085,5120,21.19
서울,성북구,종암동,11080840,8031,12303,65.28
서울,성북구,석관동,11080850,4721,10314,45.77
서울,강북구,번1동,11090600,880,5025,17.51
서울,강북구,번2동,11090610,2574,6462,39.83
서울,강북구,번3동,11090620,6663,7044,94.59
서울,강북구,수유1동,11090630,543,6779,8.01
서울,강북구,수유2동,11090640,2576,7010,36.75
서울,강북구,수유3동,11090650,235,6169,3.81
서울,강북구,삼양동,11090690,2521,7606,33.14
서울,강북구,미아동,11090700,1100,6699,16.42
서울,강북구,송중동,11090710,2814,8424,33.4
서울,강북구,송천동,11090720,1255,7230,17.36
서울,강북구,삼각산동,11090730,10907,11004,99.12
서울,강북구,우이동,11090740,856,6682,12.81
서울,강북구,인수동,11090750,670,10002,6.7
서울,도봉구,쌍문1동,11100510,1912,7007,27.29
서울,도봉구,쌍문2동,11100520,2857,6347,45.01
서울,도봉구,쌍문3동,11100530,1928,5143,37.49
서울,도봉구,쌍문4동,11100540,5927,6630,89.4
서울,도봉구,방학1동,11100550,4469,8619,51.85
서울,도봉구,방학2동,11100560,237,5830,4.07
서울,도봉구,방학3동,11100570,9041,9491,95.26
서울,도봉구,창1동,11100590,7085,9050,78.29
서울,도봉구,창2동,11100600,2897,9615,30.13
서울,도봉구,창3동,11100610,1119,3889,28.77
서울,도봉구,창4동,11100620,9606,9887,97.16
서울,도봉구,창5동,11100630,6790,8924,76.09
서울,도봉구,도봉1동,11100640,1107,6806,16.27
서울,도봉구,도봉2동,11100650,8287,9997,82.89
서울,노원구,월계1동,11110510,4500,7885,57.07
서울,노원구,월계2동,11110520,9636,10219,94.29
서울,노원구,월계3동,11110530,12086,12154,99.44
서울,노원구,공릉2동,11110560,10897,13014,83.73
서울,노원구,하계1동,11110580,8902,10103,88.11
서울,노원구,하계2동,11110590,7913,7913,100.0
서울,노원구,중계본동,11110600,6000,7844,76.49
서울,노원구,중계1동,11110610,8491,8683,97.79
서울,노원구,중계4동,11110640,7160,7617,94.0
서울,노원구,상계1동,11110650,10589,13471,78.61
서울,노원구,상계2동,11110660,3883,6221,62.42
서울,노원구,상계5동,11110690,3985,7108,56.06
서울,노원구,상계8동,11110720,8756,8768,99.86
서울,노원구,상계9동,11110730,7984,7984,100.0
서울,노원구,상계10동,11110740,6146,6220,98.81
서울,노원구,상계3·4동,11110760,4469,8544,52.31
서울,노원구,상계6·7동,11110770,12891,13020,99.01
서울,노원구,중계2·3동,11110780,13657,14374,95.01
서울,노원구,공릉1동,11110790,9000,13883,64.83
서울,은평구,녹번동,11120510,5053,12362,40.88
서울,은평구,불광1동,11120520,7164,13480,53.15
서울,은평구,갈현1동,11120550,928,7300,12.71
서울,은평구,갈현2동,11120560,1376,9333,14.74
서울,은평구,구산동,11120570,2597,10198,25.47
서울,은평구,대조동,11120580,1756,9419,18.64
서울,은평구,응암1동,11120590,2608,8464,30.81
서울,은평구,응암2동,11120600,6219,8082,76.95
서울,은평구,신사1동,11120650,2998,9473,31.65
서울,은평구,신사2동,11120660,2394,6544,36.58
서울,은평구,증산동,11120670,1856,4914,37.77
서울,은평구,수색동,11120680,2185,3141,69.56
서울,은평구,진관동,11120710,16082,19821,81.14
서울,은평구,불광2동,11120720,882,8790,10.03
서울,은평구,응암3동,11120730,924,7454,12.4
서울,은평구,역촌동,11120740,1746,14879,11.73
서울,서대문구,천연동,11130520,4962,5976,83.03
서울,서대문구,홍제1동,11130620,4848,7888,61.46
서울,서대문구,홍제3동,11130640,2557,4997,51.17
서울,서대문구,홍제2동,11130650,3968,4827,82.2
서울,서대문구,홍은1동,11130660,4340,6708,64.7
서울,서대문구,홍은2동,11130680,2509,9052,27.72
서울,서대문구,남가좌1동,11130690,5106,5430,94.03
서울,서대문구,남가좌2동,11130700,4651,7867,59.12
서울,서대문구,북가좌1동,11130710,4730,6023,78.53
서울,서대문구,북가좌2동,11130720,2013,10486,19.2
서울,서대문구,충현동,11130730,1470,5709,25.75
서울,서대문구,북아현동,11130740,4097,5388,76.04
서울,서대문구,신촌동,11130750,1562,7774,20.09
서울,서대문구,연희동,11130760,3263,12463,26.18
서울,마포구,용강동,11140590,5775,7738,74.63
서울,마포구,대흥동,11140600,1520,3991,38.09
서울,마포구,염리동,11140610,1744,2987,58.39
서울,마포구,신수동,11140630,4939,7305,67.61
서울,마포구,서교동,11140660,1469,8944,16.42
서울,마포구,합정동,11140680,1065,6396,16.65
서울,마포구,망원1동,11140690,1464,6893,21.24
서울,마포구,망원2동,11140700,2415,6157,39.22
서울,마포구,연남동,11140710,837,5303,15.78
서울,마포구,성산1동,11140720,653,6539,9.99
서울,마포구,성산2동,11140730,9610,15980,60.14
서울,마포구,상암동,11140740,8445,11459,73.7
서울,마포구,도화동,11140750,5840,7599,76.85
서울,마포구,서강동,11140760,5519,8802,62.7
서울,마포구,공덕동,11140770,6909,13870,49.81
서울,마포구,아현동,11140780,7952,8887,89.48
서울,양천구,목1동,11150510,7211,9602,75.1
서울,양천구,목2동,11150520,2764,10168,27.18
서울,양천구,목3동,11150530,2233,7334,30.45
서울,양천구,목4동,11150540,2793,7398,37.75
서울,양천구,신월1동,11150570,1269,6073,20.9
서울,양천구,신월2동,11150580,3765,7228,52.09
서울,양천구,신월3동,11150590,1045,4230,24.7
서울,양천구,신월4동,11150600,3355,6050,55.45
서울,양천구,신월5동,11150610,1417,4564,31.05
서울,양천구,신월6동,11150620,1366,2116,64.56
서울,양천구,신월7동,11150630,3192,8146,39.18
서울,양천구,신정1동,11150640,5385,6016,89.51
서울,양천구,신정2동,11150650,5121,5986,85.55
서울,양천구,신정3동,11150660,13206,15344,86.07
서울,양천구,신정6동,11150690,7085,7695,92.07
서울,양천구,신정7동,11150700,10219,10859,94.11
서울,양천구,목5동,11150710,12149,12847,94.57
서울,양천구,신정4동,11150720,1921,10374,18.52
서울,강서구,염창동,11160510,11631,14037,82.86
서울,강서구,등촌1동,11160520,4076,9055,45.01
서울,강서구,등촌2동,11160530,2609,6849,38.09
서울,강서구,등촌3동,11160540,12827,13861,92.54
서울,강서구,화곡본동,11160550,997,13026,7.65
서울,강서구,화곡2동,11160570,337,5946,5.67
서울,강서구,화곡3동,11160580,3411,6819,50.02
서울,강서구,화곡4동,11160590,670,6690,10.01
서울,강서구,화곡6동,11160610,2809,8471,33.16
서울,강서구,화곡8동,11160630,718,8845,8.12
서울,강서구,가양2동,11160650,6682,7586,88.08
서울,강서구,가양3동,11160660,7185,7459,96.33
서울,강서구,발산1동,11160670,8894,11968,74.31
서울,강서구,공항동,11160690,2905,7749,37.49
서울,강서구,방화1동,11160700,9799,14009,69.95
서울,강서구,방화2동,11160710,3702,8124,45.57
서울,강서구,화곡1동,11160730,5657,19898,28.43
서울,강서구,우장산동,11160740,9486,13410,70.74
서울,강서구,가양1동,11160751,6494,17552,37.0
서울,강서구,방화3동,11160761,8484,10074,84.22
서울,구로구,신도림동,11170510,10303,12235,84.21
서울,구로구,구로1동,11170520,6433,7849,81.96
서울,구로구,구로3동,11170540,5472,9212,59.4
서울,구로구,구로4동,11170550,5859,9259,63.28
서울,구로구,구로5동,11170560,6437,11320,56.86
서울,구로구,고척1동,11170610,5424,7553,71.81
서울,구로구,고척2동,11170620,4415,7838,56.33
서울,구로구,개봉2동,11170640,6398,10735,59.6
서울,구로구,개봉3동,11170650,2194,6884,31.87
서울,구로구,오류1동,11170670,4042,8517,47.46
서울,구로구,수궁동,11170690,1462,8396,17.41
서울,구로구,가리봉동,11170700,114,2936,3.88
서울,구로구,구로2동,11170710,1941,8002,24.26
서울,구로구,개봉1동,11170720,4923,9640,51.07
서울,구로구,오류2동,11170730,9066,13263,68.36
서울,구로구,항동,11170740,3837,4532,84.66
서울,금천구,가산동,11180510,2949,9263,31.84
서울,금천구,독산1동,11180520,9916,15109,65.63
서울,금천구,독산2동,11180530,207,4814,4.3
서울,금천구,독산3동,11180540,1491,7481,19.93
서울,금천구,독산4동,11180550,449,3966,11.32
서울,금천구,시흥1동,11180570,4611,10951,42.11
서울,금천구,시흥2동,11180580,7243,7606,95.23
서울,금천구,시흥3동,11180590,425,3940,10.79
서울,금천구,시흥4동,11180600,1605,5772,27.81
서울,금천구,시흥5동,11180610,1531,5151,29.72
서울,영등포구,여의동,11190540,9715,11918,81.52
서울,영등포구,당산1동,11190550,4079,6952,58.67
서울,영등포구,당산2동,11190560,8640,14138,61.11
서울,영등포구,양평1동,11190610,2929,7148,40.98
서울,영등포구,양평2동,11190620,4632,8192,56.54
서울,영등포구,신길1동,11190630,1325,5111,25.92
서울,영등포구,신길3동,11190650,3164,4694,67.41
서울,영등포구,신길4동,11190660,1202,2340,51.37
서울,영등포구,신길5동,11190670,609,2340,26.03
서울,영등포구,신길6동,11190680,3407,5090,66.94
서울,영등포구,신길7동,11190690,4558,5116,89.09
서울,영등포구,대림1동,11190700,1282,3241,39.56
서울,영등포구,대림2동,11190710,1516,4558,33.26
서울,영등포구,대림3동,11190720,4169,7402,56.32
서울,영등포구,영등포본동,11190730,3528,6507,54.22
서울,영등포구,영등포동,11190740,4632,12196,37.98
서울,영등포구,도림동,11190750,1535,5661,27.12
서울,영등포구,문래동,11190760,7838,11057,70.89
서울,동작구,노량진2동,11200520,98,2781,3.52
서울,동작구,상도1동,11200530,8976,14797,60.66
서울,동작구,상도2동,11200540,6036,9122,66.17
서울,동작구,상도3동,11200550,949,7334,12.94
서울,동작구,상도4동,11200560,688,8197,8.39
서울,동작구,사당1동,11200630,550,6045,9.1
서울,동작구,사당3동,11200650,5211,7813,66.7
서울,동작구,사당4동,11200660,974,4094,23.79
서울,동작구,사당5동,11200670,1720,3590,47.91
서울,동작구,대방동,11200680,7024,12311,57.05
서울,동작구,신대방1동,11200690,4562,7035,64.85
서울,동작구,신대방2동,11200700,3090,5579,55.39
서울,동작구,흑석동,11200710,6858,9581,71.58
서울,동작구,노량진1동,11200720,8013,10632,75.37
서울,동작구,사당2동,11200730,6369,8479,75.11
서울,관악구,보라매동,11210520,1410,6695,21.06
서울,관악구,청림동,11210540,4305,5185,83.03
서울,관악구,행운동,11210570,3462,7704,44.94
서울,관악구,낙성대동,11210580,1361,4393,30.98
서울,관악구,중앙동,11210610,1011,5143,19.66
서울,관악구,인헌동,11210620,1318,7140,18.46
서울,관악구,남현동,11210630,2090,6232,33.54
서울,관악구,서원동,11210640,785,6403,12.26
서울,관악구,신원동,11210650,674,3906,17.26
서울,관악구,서림동,11210660,1737,5290,32.84
서울,관악구,신사동,11210680,298,4430,6.73
서울,관악구,신림동,11210690,1175,7352,15.98
서울,관악구,난향동,11210710,3801,4843,78.48
서울,관악구,조원동,11210720,1241,4784,25.94
서울,관악구,대학동,11210730,2005,4801,41.76
서울,관악구,은천동,11210780,5997,10866,55.19
서울,관악구,성현동,11210790,8535,10865,78.55
서울,관악구,청룡동,11210800,3461,12178,28.42
서울,관악구,난곡동,11210810,914,7617,12.0
서울,관악구,삼성동,11210820,4708,7913,59.5
서울,관악구,미성동,11210830,3655,9181,39.81
서울,서초구,서초1동,11220510,4292,6803,63.09
서울,서초구,서초2동,11220520,4729,7016,67.4
서울,서초구,서초3동,11220530,5241,10235,51.21
서울,서초구,서초4동,11220540,8873,9957,89.11
서울,서초구,잠원동,11220550,10032,11187,89.68
서울,서초구,반포본동,11220560,3553,3572,99.47
서울,서초구,반포1동,11220570,6458,9237,69.91
서울,서초구,반포2동,11220580,4639,4644,99.89
서울,서초구,반포3동,11220590,6249,6356,98.32
서울,서초구,반포4동,11220600,3721,5930,62.75
서울,서초구,방배본동,11220610,3453,5688,60.71
서울,서초구,방배1동,11220620,1835,5294,34.66
서울,서초구,방배2동,11220630,2106,5570,37.81
서울,서초구,방배3동,11220640,4351,6868,63.35
서울,서초구,방배4동,11220650,3480,7357,47.3
서울,서초구,양재1동,11220660,10484,14574,71.94
서울,서초구,양재2동,11220670,888,6948,12.78
서울,서초구,내곡동,11220680,4636,5989,77.41
서울,강남구,신사동,11230510,3485,4883,71.37
서울,강남구,개포3동,11230511,6479,6898,93.93
서울,강남구,논현1동,11230520,1432,7006,20.44
서울,강남구,논현2동,11230530,2718,6766,40.17
서울,강남구,삼성1동,11230580,2939,4718,62.29
서울,강남구,삼성2동,11230590,6357,9744,65.24
서울,강남구,대치1동,11230600,6851,7031,97.44
서울,강남구,대치4동,11230630,1710,6250,27.36
서울,강남구,역삼1동,11230640,2419,13280,18.22
서울,강남구,역삼2동,11230650,8093,11631,69.58
서울,강남구,도곡1동,11230660,5589,6898,81.02
서울,강남구,도곡2동,11230670,9424,10479,89.93
서울,강남구,개포1동,11230680,1499,1666,89.98
서울,강남구,개포4동,11230710,1154,5081,22.71
서울,강남구,일원본동,11230720,6742,7137,94.47
서울,강남구,일원1동,11230730,3009,4681,64.28
서울,강남구,수서동,11230750,6899,7358,93.76
서울,강남구,세곡동,11230760,11155,15347,72.69
서울,강남구,압구정동,11230770,7527,8672,86.8
서울,강남구,청담동,11230780,6703,9302,72.06
서울,강남구,대치2동,11230790,9902,11223,88.23
서울,강남구,개포2동,11230800,6163,6779,90.91
서울,송파구,풍납1동,11240510,1596,3340,47.78
서울,송파구,풍납2동,11240520,4784,6829,70.05
서울,송파구,거여1동,11240530,1521,3429,44.36
서울,송파구,거여2동,11240540,4424,5438,81.35
서울,송파구,마천1동,11240550,2261,5240,43.15
서울,송파구,마천2동,11240560,1300,5265,24.69
서울,송파구,방이1동,11240570,2145,4952,43.32
서울,송파구,방이2동,11240580,1129,9821,11.5
서울,송파구,오륜동,11240590,5497,5503,99.89
서울,송파구,오금동,11240600,7099,12592,56.38
서울,송파구,송파1동,11240610,1263,9102,13.88
서울,송파구,송파2동,11240620,4546,6309,72.06
서울,송파구,석촌동,11240630,1064,12247,8.69
서울,송파구,삼전동,11240640,482,11125,4.33
서울,송파구,가락본동,11240650,4914,8892,55.26
서울,송파구,가락1동,11240660,9464,9469,99.95
서울,송파구,가락2동,11240670,6368,10328,61.66
서울,송파구,문정1동,11240680,3177,6717,47.3
서울,송파구,문정2동,11240690,5531,14460,38.25
서울,송파구,잠실본동,11240710,1145,9937,11.52
서울,송파구,잠실4동,11240750,6803,6851,99.3
서울,송파구,잠실6동,11240770,5217,5477,95.25
서울,송파구,잠실7동,11240780,3171,3171,100.0
서울,송파구,잠실2동,11240790,11036,11036,100.0
서울,송파구,잠실3동,11240800,10950,11233,97.48
서울,송파구,장지동,11240810,8026,11275,71.18
서울,송파구,위례동,11240820,8696,8720,99.72
서울,강동구,명일1동,11250530,6551,7958,82.32
서울,강동구,명일2동,11250540,4137,4939,83.76
서울,강동구,고덕1동,11250550,6714,7387,90.89
서울,강동구,고덕2동,11250560,2131,3053,69.8
서울,강동구,암사2동,11250580,3593,4837,74.28
서울,강동구,암사3동,11250590,4772,5586,85.43
서울,강동구,천호1동,11250610,2541,7634,33.29
서울,강동구,천호3동,11250630,4392,8976,48.93
서울,강동구,성내1동,11250650,3173,6409,49.51
서울,강동구,성내2동,11250660,1773,6551,27.06
서울,강동구,성내3동,11250670,2655,6663,39.85
서울,강동구,둔촌1동,11250700,0,5,0.0
서울,강동구,둔촌2동,11250710,4924,7951,61.93
서울,강동구,암사1동,11250720,2790,9921,28.12
서울,강동구,천호2동,11250730,2636,10235,25.75
서울,강동구,길동,11250740,7800,14389,54.21
서울,강동구,강일동,11250750,7651,8323,91.93
서울,강동구,상일1동,11250760,1280,2820,45.39
서울,강동구,상일2동,11250770,2198,2267,96.96
인천,중구,연안동,23010520,2311,2745,84.19
인천,중구,신포동,23010530,540,2014,26.81
인천,중구,신흥동,23010540,3205,5171,61.98
인천,중구,도원동,23010560,165,1609,10.25
인천,중구,율목동,23010570,0,1583,0.0
인천,중구,동인천동,23010580,176,2144,8.21
인천,중구,용유동,23010630,0,1523,0.0
인천,중구,운서동,23010640,5938,11054,53.72
인천,중구,영종동,23010650,1542,4701,32.8
인천,중구,개항동,23010670,681,3067,22.2
인천,중구,영종1동,23010681,8728,8826,98.89
인천,중구,영종2동,23010691,5005,5039,99.33
인천,동구,만석동,23020510,1671,2846,58.71
인천,동구,화수1·화평동,23020520,706,2209,31.96
인천,동구,화수2동,23020530,2229,3284,67.87
인천,동구,송현1·2동,23020550,3346,3897,85.86
인천,동구,송현3동,23020570,1525,1766,86.35
인천,동구,송림1동,23020580,318,597,53.27
인천,동구,송림2동,23020590,36,963,3.74
인천,동구,송림3·5동,23020600,1503,2809,53.51
인천,동구,송림4동,23020610,1009,1409,71.61
인천,동구,송림6동,23020630,1426,2403,59.34
인천,동구,금창동,23020640,0,1064,0.0
인천,연수구,옥련1동,23040510,4391,6937,63.3
인천,연수구,선학동,23040520,4695,6001,78.24
인천,연수구,연수1동,23040530,3522,4739,74.32
인천,연수구,연수2동,23040540,7281,8455,86.11
인천,연수구,연수3동,23040550,7068,7068,100.0
인천,연수구,청학동,23040560,4500,8232,54.66
인천,연수구,동춘1동,23040570,7979,8367,95.36
인천,연수구,동춘2동,23040580,6505,6539,99.48
인천,연수구,동춘3동,23040590,5541,5541,100.0
인천,연수구,옥련2동,23040600,5733,7123,80.49
인천,연수구,송도1동,23040640,9922,11403,87.01
인천,연수구,송도3동,23040650,14025,16376,85.64
인천,연수구,송도2동,23040660,10571,11398,92.74
인천,연수구,송도4동,23040680,6552,7507,87.28
인천,연수구,송도5동,23040690,4240,4240,100.0
인천,남동구,구월1동,23050510,6880,11121,61.86
인천,남동구,구월2동,23050521,9561,11506,83.1
인천,남동구,구월3동,23050530,2587,11027,23.46
인천,남동구,구월4동,23050540,502,5980,8.39
인천,남동구,간석1동,23050550,3676,8809,41.73
인천,남동구,간석2동,23050561,5095,7649,66.61
인천,남동구,간석3동,23050570,3745,10937,34.24
인천,남동구,간석4동,23050580,5696,10726,53.1
인천,남동구,만수1동,23050590,4124,7194,57.33
인천,남동구,만수2동,23050600,6663,8804,75.68
인천,남동구,만수3동,23050610,2876,6337,45.38
인천,남동구,만수4동,23050620,7183,7909,90.82
인천,남동구,만수5동,23050630,1428,5971,23.92
인천,남동구,만수6동,23050640,7771,8992,86.42
인천,남동구,남촌도림동,23050670,3743,7914,47.3
인천,남동구,논현1동,23050720,9382,10555,88.89
인천,남동구,논현2동,23050730,10301,12816,80.38
인천,남동구,논현고잔동,23050740,11933,14768,80.8
인천,남동구,장수서창동,23050750,4149,6697,61.95
인천,남동구,서창2동,23050760,13788,14017,98.37
인천,부평구,부평1동,23060510,9116,15042,60.6
인천,부평구,부평2동,23060520,368,6808,5.41
인천,부평구,부평3동,23060530,841,4951,16.99
인천,부평구,부평4동,23060540,4401,14197,31.0
인천,부평구,부평5동,23060550,3643,13860,26.28
인천,부평구,부평6동,23060560,1690,5846,28.91
인천,부평구,산곡1동,23060570,2777,4793,57.94
인천,부평구,산곡2동,23060580,9312,10256,90.8
인천,부평구,산곡3동,23060590,5490,7456,73.63
인천,부평구,산곡4동,23060600,5910,6288,93.99
인천,부평구,청천1동,23060610,394,2849,13.83
인천,부평구,청천2동,23060620,8338,12334,67.6
인천,부평구,갈산1동,23060630,2194,6139,35.74
인천,부평구,갈산2동,23060640,6581,6873,95.75
인천,부평구,삼산1동,23060650,11009,13167,83.61
인천,부평구,부개1동,23060660,1849,5855,31.58
인천,부평구,부개2동,23060670,3499,6064,57.7
인천,부평구,부개3동,23060680,10445,11425,91.42
인천,부평구,일신동,23060690,2666,4433,60.14
인천,부평구,십정1동,23060700,1948,4417,44.1
인천,부평구,십정2동,23060710,2348,8041,29.2
인천,부평구,삼산2동,23060720,9136,9591,95.26
인천,계양구,효성1동,23070510,5856,9241,63.37
인천,계양구,효성2동,23070520,6958,10674,65.19
인천,계양구,계산1동,23070530,2286,6790,33.67
인천,계양구,계산2동,23070540,2187,5181,42.21
인천,계양구,계산3동,23070550,6979,7766,89.87
인천,계양구,작전1동,23070560,7888,10088,78.19
인천,계양구,작전2동,23070570,3699,7279,50.82
인천,계양구,작전서운동,23070580,8211,10818,75.9
인천,계양구,계양2동,23070610,6504,12771,50.93
인천,계양구,계산4동,23070620,6335,7877,80.42
인천,계양구,계양1동,23070630,4047,7580,53.39
인천,계양구,계양3동,23070640,4549,9141,49.76
인천,서구,검암경서동,23080510,6292,15465,40.69
인천,서구,연희동,23080531,6147,14723,41.75
인천,서구,가정1동,23080541,6401,8959,71.45
인천,서구,가정2동,23080550,2684,2690,99.78
인천,서구,가정3동,23080560,1193,3861,30.9
인천,서구,석남1동,23080580,3402,8177,41.6
인천,서구,석남2동,23080590,1947,4638,41.98
인천,서구,석남3동,23080600,2162,5869,36.84
인천,서구,가좌1동,23080620,1067,4979,21.43
인천,서구,가좌2동,23080630,6130,7042,87.05
인천,서구,가좌3동,23080640,3279,6300,52.05
인천,서구,가좌4동,23080650,2556,3612,70.76
인천,서구,신현원창동,23080730,6905,10731,64.35
인천,서구,청라1동,23080740,8216,10308,79.71
인천,서구,청라2동,23080780,12787,15523,82.37
인천,서구,청라3동,23080790,6661,7685,86.68
인천,서구,검단동,23080800,8037,10780,74.55
인천,서구,불로대곡동,23080810,6495,7186,90.38
인천,서구,오류왕길동,23080840,6238,8778,71.06
인천,서구,당하동,23080850,6470,9120,70.94
인천,서구,마전동,23080860,5896,7038,83.77
인천,서구,원당동,23080870,5488,7110,77.19
인천,서구,아라동,23080880,0,7,0.0
인천,미추홀구,숭의2동,23090520,1174,5438,21.59
인천,미추홀구,숭의4동,23090540,852,6383,13.35
인천,미추홀구,용현2동,23090560,5783,7345,78.73
인천,미추홀구,용현3동,23090570,241,3132,7.69
인천,미추홀구,용현5동,23090590,11597,15636,74.17
인천,미추홀구,학익1동,23090600,8193,11024,74.32
인천,미추홀구,학익2동,23090610,4939,7244,68.18
인천,미추홀구,도화1동,23090620,2896,9097,31.83
인천,미추홀구,주안1동,23090650,3328,8815,37.75
인천,미추홀구,주안2동,23090660,484,6779,7.14
인천,미추홀구,주안3동,23090670,228,3315,6.88
인천,미추홀구,주안4동,23090680,150,5039,2.98
인천,미추홀구,주안5동,23090690,2928,7113,41.16
인천,미추홀구,주안6동,23090700,4334,8501,50.98
인천,미추홀구,주안7동,23090710,1856,4992,37.18
인천,미추홀구,주안8동,23090720,4595,7875,58.35
인천,미추홀구,관교동,23090730,3677,4515,81.44
인천,미추홀구,문학동,23090740,288,4420,6.52
인천,미추홀구,숭의1·3동,23090750,2114,5552,38.08
인천,미추홀구,용현1·4동,23090760,601,6622,9.08
인천,미추홀구,도화2·3동,23090770,4730,10015,47.23
인천,강화군,강화읍,23510110,1018,7966,12.78
인천,강화군,선원면,23510310,982,2716,36.16
인천,강화군,불은면,23510320,0,1870,0.0
인천,강화군,길상면,23510330,73,2494,2.93
인천,강화군,화도면,23510340,0,1762,0.0
인천,강화군,양도면,23510350,0,1559,0.0
인천,강화군,내가면,23510360,0,1260,0.0
인천,강화군,하점면,23510370,12,1608,0.75
인천,강화군,양사면,23510380,0,792,0.0
인천,강화군,송해면,23510390,0,1248,0.0
인천,강화군,교동면,23510400,0,1221,0.0
인천,강화군,삼산면,23510410,0,915,0.0
인천,강화군,서도면,23510420,0,320,0.0
인천,옹진군,북도면,23520310,0,810,0.0
인천,옹진군,연평면,23520320,74,593,12.48
인천,옹진군,백령면,23520330,401,1882,21.31
인천,옹진군,대청면,23520340,0,537,0.0
인천,옹진군,덕적면,23520350,12,790,1.52
인천,옹진군,자월면,23520360,0,540,0.0
인천,옹진군,영흥면,23520370,78,2184,3.57
경기,수원시 장안구,파장동,31011540,3292,6873,47.9
경기,수원시 장안구,율천동,31011550,9582,13413,71.44
경기,수원시 장안구,정자1동,31011560,8828,9808,90.01
경기,수원시 장안구,정자2동,31011570,6002,9140,65.67
경기,수원시 장안구,영화동,31011580,750,5752,13.04
경기,수원시 장안구,송죽동,31011590,2433,5907,41.19
경기,수원시 장안구,조원1동,31011600,3906,8528,45.8
경기,수원시 장안구,연무동,31011610,1068,5045,21.17
경기,수원시 장안구,정자3동,31011620,11866,12235,96.98
경기,수원시 장안구,조원2동,31011630,5883,5987,98.26
경기,수원시 권선구,세류1동,31012520,2587,3629,71.29
경기,수원시 권선구,세류2동,31012530,1478,7230,20.44
경기,수원시 권선구,세류3동,31012540,1518,5744,26.43
경기,수원시 권선구,평동,31012550,10426,13551,76.94
경기,수원시 권선구,서둔동,31012560,3778,11991,31.51
경기,수원시 권선구,구운동,31012570,4484,6924,64.76
경기,수원시 권선구,권선1동,31012600,3383,8346,40.53
경기,수원시 권선구,곡선동,31012610,4802,6192,77.55
경기,수원시 권선구,입북동,31012620,5106,5744,88.89
경기,수원시 권선구,권선2동,31012640,15648,16031,97.61
경기,수원시 권선구,금곡동,31012650,13949,15493,90.03
경기,수원시 권선구,호매실동,31012660,14332,15472,92.63
경기,수원시 팔달구,지동,31013530,447,3329,13.43
경기,수원시 팔달구,우만1동,31013540,3077,6744,45.63
경기,수원시 팔달구,우만2동,31013550,5123,5998,85.41
경기,수원시 팔달구,인계동,31013560,7676,15175,50.58
경기,수원시 팔달구,매교동,31013670,650,2334,27.85
경기,수원시 팔달구,매산동,31013680,1690,4470,37.81
경기,수원시 팔달구,고등동,31013690,205,3137,6.53
경기,수원시 팔달구,화서1동,31013700,2888,6852,42.15
경기,수원시 팔달구,화서2동,31013710,7896,8400,94.0
경기,수원시 팔달구,행궁동,31013720,40,3264,1.23
경기,수원시 영통구,매탄1동,31014510,4997,6017,83.05
경기,수원시 영통구,매탄2동,31014520,2368,3796,62.38
경기,수원시 영통구,매탄3동,31014530,8927,9956,89.66
경기,수원시 영통구,매탄4동,31014540,6036,6789,88.91
경기,수원시 영통구,원천동,31014600,10013,12328,81.22
경기,수원시 영통구,광교1동,31014620,10776,18379,58.63
경기,수원시 영통구,광교2동,31014630,8458,9792,86.38
경기,수원시 영통구,영통1동,31014640,11449,11890,96.29
경기,수원시 영통구,영통2동,31014650,8368,8985,93.13
경기,수원시 영통구,영통3동,31014660,8539,10048,84.98
경기,수원시 영통구,망포1동,31014670,8644,9306,92.89
경기,수원시 영통구,망포2동,31014680,8487,8932,95.02
경기,성남시 수정구,신흥1동,31021510,212,2815,7.53
경기,성남시 수정구,신흥2동,31021520,2271,3150,72.1
경기,성남시 수정구,신흥3동,31021530,176,2386,7.38
경기,성남시 수정구,태평1동,31021540,593,3792,15.64
경기,성남시 수정구,태평2동,31021550,625,3804,16.43
경기,성남시 수정구,태평3동,31021560,487,2862,17.02
경기,성남시 수정구,태평4동,31021570,798,3237,24.65
경기,성남시 수정구,수진1동,31021580,82,2766,2.96
경기,성남시 수정구,수진2동,31021590,1910,4405,43.36
경기,성남시 수정구,단대동,31021600,2995,5328,56.21
경기,성남시 수정구,산성동,31021610,48,3218,1.49
경기,성남시 수정구,양지동,31021620,530,2514,21.08
경기,성남시 수정구,신촌동,31021640,642,1116,57.53
경기,성남시 수정구,고등동,31021650,1751,2106,83.14
경기,성남시 수정구,시흥동,31021660,0,830,0.0
경기,성남시 수정구,복정동,31021670,0,935,0.0
경기,성남시 수정구,위례동,31021680,13665,15491,88.21
경기,성남시 중원구,성남동,31022510,3020,10093,29.92
경기,성남시 중원구,금광1동,31022530,1150,2030,56.65
경기,성남시 중원구,금광2동,31022540,1990,6112,32.56
경기,성남시 중원구,은행1동,31022550,1250,3734,33.48
경기,성남시 중원구,은행2동,31022560,2400,8768,27.37
경기,성남시 중원구,상대원1동,31022570,4126,8193,50.36
경기,성남시 중원구,상대원2동,31022580,107,2957,3.62
경기,성남시 중원구,상대원3동,31022590,38,2437,1.56
경기,성남시 중원구,하대원동,31022600,3964,6219,63.74
경기,성남시 중원구,도촌동,31022610,7656,9016,84.92
경기,성남시 중원구,중앙동,31022620,1814,3866,46.92
경기,성남시 분당구,분당동,31023510,4462,6416,69.54
경기,성남시 분당구,수내3동,31023520,2596,2966,87.53
경기,성남시 분당구,수내1동,31023530,4248,7028,60.44
경기,성남시 분당구,수내2동,31023540,3027,3027,100.0
경기,성남시 분당구,정자2동,31023550,7122,7122,100.0
경기,성남시 분당구,정자3동,31023560,3723,4190,88.85
경기,성남시 분당구,서현1동,31023580,7776,10731,72.46
경기,성남시 분당구,서현2동,31023590,4652,5228,88.98
경기,성남시 분당구,이매1동,31023600,6850,7668,89.33
경기,성남시 분당구,이매2동,31023610,4120,4131,99.73
경기,성남시 분당구,야탑1동,31023620,4533,6071,74.67
경기,성남시 분당구,야탑3동,31023630,6063,9852,61.54
경기,성남시 분당구,야탑2동,31023640,5037,5469,92.1
경기,성남시 분당구,구미동,31023670,8672,11735,73.9
경기,성남시 분당구,운중동,31023680,4370,6508,67.15
경기,성남시 분당구,금곡동,31023710,7379,11019,66.97
경기,성남시 분당구,구미1동,31023720,3666,6003,61.07
경기,성남시 분당구,삼평동,31023740,7600,8556,88.83
경기,성남시 분당구,판교동,31023750,5118,6648,76.99
경기,성남시 분당구,백현동,31023760,8194,9252,88.56
경기,성남시 분당구,정자1동,31023770,6050,12765,47.4
경기,성남시 분당구,정자동,31023780,4286,5143,83.34
경기,의정부시,의정부2동,31030520,3719,11247,33.07
경기,의정부시,호원1동,31030550,8488,13097,64.81
경기,의정부시,장암동,31030560,7149,7343,97.36
경기,의정부시,신곡1동,31030570,11747,14291,82.2
경기,의정부시,신곡2동,31030580,13487,14883,90.62
경기,의정부시,송산1동,31030591,7191,9079,79.2
경기,의정부시,자금동,31030600,6222,9154,67.97
경기,의정부시,녹양동,31030640,5572,7364,75.67
경기,의정부시,호원2동,31030650,9971,11623,85.79
경기,의정부시,흥선동,31030670,1003,4857,20.65
경기,의정부시,가능동,31030680,2714,7325,37.05
경기,의정부시,의정부1동,31030690,4614,10711,43.08
경기,의정부시,송산2동,31030700,9702,10198,95.14
경기,의정부시,송산3동,31030710,15574,15837,98.34
경기,의정부시,고산동,31030721,13,572,2.27
경기,안양시 만안구,안양1동,31041510,5230,5816,89.92
경기,안양시 만안구,안양2동,31041520,2793,6932,40.29
경기,안양시 만안구,안양3동,31041530,2017,5178,38.95
경기,안양시 만안구,안양4동,31041540,1079,2324,46.43
경기,안양시 만안구,안양5동,31041550,1177,3580,32.88
경기,안양시 만안구,안양6동,31041560,2556,6274,40.74
경기,안양시 만안구,안양7동,31041570,4839,5243,92.29
경기,안양시 만안구,안양8동,31041580,378,3308,11.43
경기,안양시 만안구,안양9동,31041590,3429,5645,60.74
경기,안양시 만안구,석수1동,31041600,5127,6615,77.51
경기,안양시 만안구,석수2동,31041610,6070,10074,60.25
경기,안양시 만안구,박달1동,31041630,1732,4114,42.1
경기,안양시 만안구,박달2동,31041640,5952,7013,84.87
경기,안양시 만안구,충훈동,31041651,1730,4476,38.65
경기,안양시 동안구,비산1동,31042510,6706,7044,95.2
경기,안양시 동안구,비산2동,31042520,3440,3505,98.15
경기,안양시 동안구,비산3동,31042530,3321,7427,44.72
경기,안양시 동안구,부흥동,31042540,6051,6085,99.44
경기,안양시 동안구,달안동,31042550,4959,5127,96.72
경기,안양시 동안구,부림동,31042580,7349,11344,64.78
경기,안양시 동안구,평촌동,31042590,4481,4788,93.59
경기,안양시 동안구,평안동,31042600,7790,7790,100.0
경기,안양시 동안구,귀인동,31042610,4083,4338,94.12
경기,안양시 동안구,호계1동,31042620,2130,2654,80.26
경기,안양시 동안구,호계2동,31042630,6008,7993,75.17
경기,안양시 동안구,호계3동,31042640,6295,7025,89.61
경기,안양시 동안구,범계동,31042650,4893,5174,94.57
경기,안양시 동안구,신촌동,31042660,3672,3816,96.23
경기,안양시 동안구,갈산동,31042670,2329,2601,89.54
경기,안양시 동안구,관양동,31042681,5541,12083,45.86
경기,안양시 동안구,인덕원동,31042691,3620,6325,57.23
경기,부천시 원미구,심곡1동,31051511,736,4364,16.87
경기,부천시 원미구,심곡2동,31051521,1996,7435,26.85
경기,부천시 원미구,심곡3동,31051531,141,3287,4.29
경기,부천시 원미구,원미2동,31051541,936,3794,24.67
경기,부천시 원미구,소사동,31051551,180,2547,7.07
경기,부천시 원미구,원미1동,31051561,1120,5033,22.25
경기,부천시 원미구,역곡1동,31051571,3004,6304,47.65
경기,부천시 원미구,역곡2동,31051581,2937,6820,43.06
경기,부천시 원미구,춘의동,31051591,2052,5238,39.18
경기,부천시 원미구,도당동,31051601,1534,7345,20.88
경기,부천시 원미구,중동,31051611,3751,6407,58.55
경기,부천시 원미구,상동,31051621,2150,5164,41.63
경기,부천시 원미구,약대동,31051631,4230,6120,69.12
경기,부천시 원미구,중1동,31051641,9035,15050,60.03
경기,부천시 원미구,중2동,31051651,6861,9480,72.37
경기,부천시 원미구,중3동,31051661,7671,8303,92.39
경기,부천시 원미구,중4동,31051671,7307,7440,98.21
경기,부천시 원미구,상1동,31051681,8567,9367,91.46
경기,부천시 원미구,상2동,31051691,7485,8788,85.17
경기,부천시 원미구,상3동,31051701,8512,9577,88.88
경기,부천시 소사구,심곡본1동,31052511,1300,5540,23.47
경기,부천시 소사구,심곡본동,31052521,1538,5535,27.79
경기,부천시 소사구,송내1동,31052531,4844,7234,66.96
경기,부천시 소사구,송내2동,31052541,5359,8944,59.92
경기,부천시 소사구,소사본동,31052551,2070,8667,23.88
경기,부천시 소사구,소사본1동,31052561,7221,9551,75.6
경기,부천시 소사구,범박동,31052571,5358,5769,92.88
경기,부천시 소사구,옥길동,31052581,9893,10449,94.68
경기,부천시 소사구,괴안동,31052591,4918,7304,67.33
경기,부천시 소사구,역곡3동,31052601,3855,8514,45.28
경기,부천시 오정구,성곡동,31053511,5376,13379,40.18
경기,부천시 오정구,고강본동,31053521,2496,10904,22.89
경기,부천시 오정구,고강1동,31053531,1318,5517,23.89
경기,부천시 오정구,원종1동,31053541,2927,8178,35.79
경기,부천시 오정구,원종2동,31053551,3454,8324,41.49
경기,부천시 오정구,오정동,31053561,3554,7471,47.57
경기,부천시 오정구,신흥동,31053571,968,6248,15.49
경기,광명시,광명1동,31060510,18,2692,0.67
경기,광명시,광명2동,31060520,37,3317,1.12
경기,광명시,광명3동,31060530,0,3123,0.0
경기,광명시,광명4동,31060540,1651,4786,34.5
경기,광명시,광명5동,31060550,1429,4571,31.26
경기,광명시,광명6동,31060560,1961,3632,53.99
경기,광명시,광명7동,31060570,2281,5569,40.96
경기,광명시,철산1동,31060580,3438,4161,82.62
경기,광명시,철산2동,31060590,3022,4221,71.59
경기,광명시,철산3동,31060600,9451,10277,91.96
경기,광명시,철산4동,31060610,3466,4539,76.36
경기,광명시,하안1동,31060620,6763,7405,91.33
경기,광명시,하안2동,31060630,6129,6129,100.0
경기,광명시,하안3동,31060640,8430,8449,99.78
경기,광명시,하안4동,31060650,4751,4758,99.85
경기,광명시,소하1동,31060660,8612,10267,83.88
경기,광명시,학온동,31060680,0,542,0.0
경기,광명시,소하2동,31060690,5433,9542,56.94
경기,광명시,일직동,31060700,3948,6688,59.03
경기,평택시,팽성읍,31070110,2954,9701,30.45
경기,평택시,안중읍,31070120,10596,14553,72.81
경기,평택시,포승읍,31070130,4952,8867,55.85
경기,평택시,청북읍,31070140,5893,8553,68.9
경기,평택시,진위면,31070310,1796,4189,42.87
경기,평택시,서탄면,31070320,0,1542,0.0
경기,평택시,고덕면,31070330,1610,3408,47.24
경기,평택시,오성면,31070340,114,2416,4.72
경기,평택시,현덕면,31070370,292,2092,13.96
경기,평택시,중앙동,31070510,13179,16308,80.81
경기,평택시,서정동,31070520,2592,9665,26.82
경기,평택시,송탄동,31070530,4381,5701,76.85
경기,평택시,지산동,31070550,2619,5297,49.44
경기,평택시,송북동,31070560,4837,7442,65.0
경기,평택시,신장1동,31070570,518,2414,21.46
경기,평택시,신장2동,31070580,285,2002,14.24
경기,평택시,신평동,31070590,5053,8981,56.26
경기,평택시,원평동,31070600,2286,3959,57.74
경기,평택시,통복동,31070610,679,1691,40.15
경기,평택시,세교동,31070640,7618,9286,82.04
경기,평택시,비전2동,31070650,14495,16864,85.95
경기,평택시,용이동,31070660,5942,7804,76.14
경기,평택시,비전1동,31070670,13946,16427,84.9
경기,평택시,동삭동,31070680,7291,7894,92.36
경기,평택시,고덕동,31070690,958,1280,74.84
경기,동두천시,생연1동,31080510,1177,2584,45.55
경기,동두천시,생연2동,31080520,2940,4265,68.93
경기,동두천시,중앙동,31080530,49,1855,2.64
경기,동두천시,보산동,31080550,194,1178,16.47
경기,동두천시,불현동,31080560,6321,10310,61.31
경기,동두천시,소요동,31080580,627,3269,19.18
경기,동두천시,상패동,31080600,636,2067,30.77
경기,동두천시,송내동,31080610,7830,8999,87.01
경기,안산시 상록구,일동,31091510,24,6888,0.35
경기,안산시 상록구,본오1동,31091540,147,9618,1.53
경기,안산시 상록구,본오2동,31091550,4214,7642,55.14
경기,안산시 상록구,본오3동,31091560,3916,6575,59.56
경기,안산시 상록구,부곡동,31091570,16,6239,0.26
경기,안산시 상록구,월피동,31091580,4330,10967,39.48
경기,안산시 상록구,성포동,31091620,8781,9181,95.64
경기,안산시 상록구,반월동,31091710,4170,6944,60.05
경기,안산시 상록구,안산동,31091730,715,3376,21.18
경기,안산시 상록구,이동,31091740,707,7244,9.76
경기,안산시 상록구,사동,31091760,3249,9993,32.51
경기,안산시 상록구,사이동,31091770,5105,9448,54.03
경기,안산시 상록구,해양동,31091780,4605,5674,81.16
경기,안산시 단원구,와동,31092590,39,9816,0.4
경기,안산시 단원구,초지동,31092660,14534,17249,84.26
경기,안산시 단원구,선부1동,31092680,4201,5348,78.55
경기,안산시 단원구,선부2동,31092690,1693,5638,30.03
경기,안산시 단원구,선부3동,31092700,8537,11529,74.05
경기,안산시 단원구,대부동,31092720,0,3232,0.0
경기,안산시 단원구,호수동,31092730,12190,13624,89.47
경기,안산시 단원구,고잔동,31092740,1065,8292,12.84
경기,안산시 단원구,중앙동,31092750,6849,9931,68.97
경기,안산시 단원구,원곡동,31092760,0,5856,0.0
경기,안산시 단원구,신길동,31092770,6094,7827,77.86
경기,안산시 단원구,백운동,31092780,5855,7318,80.01
경기,고양시 덕양구,주교동,31101510,2173,5695,38.16
경기,고양시 덕양구,흥도동,31101511,8062,8819,91.42
경기,고양시 덕양구,삼송1동,31101512,1675,4377,38.27
경기,고양시 덕양구,삼송2동,31101513,8172,9073,90.07
경기,고양시 덕양구,행신3동,31101514,8159,8180,99.74
경기,고양시 덕양구,행신4동,31101515,4724,6730,70.19
경기,고양시 덕양구,원신동,31101520,7955,8402,94.68
경기,고양시 덕양구,성사1동,31101540,5034,7527,66.88
경기,고양시 덕양구,성사2동,31101550,3747,3885,96.45
경기,고양시 덕양구,효자동,31101560,828,1406,58.89
경기,고양시 덕양구,창릉동,31101580,2041,6466,31.57
경기,고양시 덕양구,고양동,31101590,5949,10450,56.93
경기,고양시 덕양구,관산동,31101600,2725,13121,20.77
경기,고양시 덕양구,능곡동,31101610,3085,4802,64.24
경기,고양시 덕양구,화정1동,31101620,10274,11445,89.77
경기,고양시 덕양구,화정2동,31101630,10435,11762,88.72
경기,고양시 덕양구,행주동,31101640,1705,6083,28.03
경기,고양시 덕양구,행신1동,31101650,6965,7658,90.95
경기,고양시 덕양구,행신2동,31101660,10089,11085,91.01
경기,고양시 덕양구,화전동,31101670,5237,6402,81.8
경기,고양시 덕양구,대덕동,31101680,204,817,24.97
경기,고양시 일산동구,식사동,31103510,8052,9956,80.88
경기,고양시 일산동구,중산1동,31103511,6605,6952,95.01
경기,고양시 일산동구,중산2동,31103512,7149,8418,84.93
경기,고양시 일산동구,정발산동,31103530,0,4573,0.0
경기,고양시 일산동구,풍산동,31103540,10277,12484,82.32
경기,고양시 일산동구,백석1동,31103550,7237,9595,75.42
경기,고양시 일산동구,마두1동,31103560,4872,6719,72.51
경기,고양시 일산동구,마두2동,31103570,5269,5372,98.08
경기,고양시 일산동구,장항1동,31103580,1432,2655,53.94
경기,고양시 일산동구,장항2동,31103590,3421,13031,26.25
경기,고양시 일산동구,고봉동,31103600,1487,7817,19.02
경기,고양시 일산동구,백석2동,31103610,2737,8983,30.47
경기,고양시 일산서구,일산1동,31104510,8563,9086,94.24
경기,고양시 일산서구,탄현1동,31104511,9598,10265,93.5
경기,고양시 일산서구,탄현2동,31104512,6494,6593,98.5
경기,고양시 일산서구,덕이동,31104513,6205,9646,64.33
경기,고양시 일산서구,가좌동,31104514,4745,5947,79.79
경기,고양시 일산서구,일산2동,31104520,4945,6361,77.74
경기,고양시 일산서구,일산3동,31104530,11322,11330,99.93
경기,고양시 일산서구,주엽1동,31104550,9514,9770,97.38
경기,고양시 일산서구,주엽2동,31104560,10458,10610,98.57
경기,고양시 일산서구,대화동,31104570,4482,9616,46.61
경기,고양시 일산서구,송포동,31104580,4188,7008,59.76
경기,과천시,중앙동,31110510,1158,1572,73.66
경기,과천시,갈현동,31110521,0,50,0.0
경기,과천시,원문동,31110522,2883,3047,94.62
경기,과천시,별양동,31110530,2188,2543,86.04
경기,과천시,부림동,31110540,2648,3120,84.87
경기,과천시,과천동,31110550,132,1876,7.04
경기,과천시,문원동,31110560,0,1176,0.0
경기,구리시,갈매동,31120510,9325,10332,90.25
경기,구리시,동구동,31120520,11178,12278,91.04
경기,구리시,인창동,31120530,5592,7628,73.31
경기,구리시,교문1동,31120540,695,3919,17.73
경기,구리시,교문2동,31120550,5989,6405,93.51
경기,구리시,수택1동,31120560,2780,5534,50.23
경기,구리시,수택2동,31120570,2787,6648,41.92
경기,구리시,수택3동,31120580,6151,6667,92.26
경기,남양주시,와부읍,31130110,16357,20671,79.13
경기,남양주시,화도읍,31130111,21762,38484,56.55
경기,남양주시,진접읍,31130120,23351,31327,74.54
경기,남양주시,진건읍,31130140,4479,8657,51.74
경기,남양주시,오남읍,31130150,15193,17995,84.43
경기,남양주시,퇴계원읍,31130160,6938,10239,67.76
경기,남양주시,별내면,31130310,5166,6344,81.43
경기,남양주시,수동면,31130340,0,3237,0.0
경기,남양주시,조안면,31130350,0,1283,0.0
경기,남양주시,호평동,31130510,13815,15799,87.44
경기,남양주시,평내동,31130520,9066,9946,91.15
경기,남양주시,금곡동,31130530,3223,6964,46.28
경기,남양주시,양정동,31130540,290,1291,22.46
경기,남양주시,별내동,31130570,20792,22919,90.72
경기,남양주시,다산1동,31130580,20869,22854,91.31
경기,남양주시,다산2동,31130590,9583,10565,90.71
경기,오산시,중앙동,31140510,9325,11585,80.49
경기,오산시,남촌동,31140530,2269,5450,41.63
경기,오산시,세마동,31140550,8386,10061,83.35
경기,오산시,초평동,31140560,5872,6222,94.37
경기,오산시,신장1동,31140571,10701,11809,90.62
경기,오산시,신장2동,31140572,5662,7926,71.44
경기,오산시,대원1동,31140581,12864,16592,77.53
경기,오산시,대원2동,31140582,5942,6772,87.74
경기,시흥시,대야동,31150510,6584,10324,63.77
경기,시흥시,신천동,31150520,4726,12117,39.0
경기,시흥시,신현동,31150530,2679,3898,68.73
경기,시흥시,은행동,31150540,14179,16234,87.34
경기,시흥시,매화동,31150550,2284,4587,49.79
경기,시흥시,목감동,31150560,13583,15666,86.7
경기,시흥시,과림동,31150590,24,583,4.12
경기,시흥시,정왕2동,31150611,10140,11034,91.9
경기,시흥시,정왕3동,31150620,5047,8241,61.24
경기,시흥시,정왕본동,31150640,2321,6165,37.65
경기,시흥시,정왕1동,31150650,5035,8085,62.28
경기,시흥시,능곡동,31150670,6061,6345,95.52
경기,시흥시,군자동,31150680,3715,8445,43.99
경기,시흥시,월곶동,31150690,5662,6259,90.46
경기,시흥시,연성동,31150700,6773,7283,93.0
경기,시흥시,장곡동,31150710,5085,5230,97.23
경기,시흥시,정왕4동,31150720,7084,7114,99.58
경기,시흥시,배곧1동,31150740,11454,11560,99.08
경기,시흥시,배곧2동,31150750,8575,13033,65.79
경기,시흥시,거북섬동,31150760,0,1394,0.0
경기,군포시,군포1동,31160510,4808,10246,46.93
경기,군포시,군포2동,31160520,11008,13462,81.77
경기,군포시,산본1동,31160540,2787,5748,48.49
경기,군포시,산본2동,31160550,8161,8568,95.25
경기,군포시,금정동,31160560,1379,5419,25.45
경기,군포시,재궁동,31160570,5825,7117,81.85
경기,군포시,오금동,31160580,8228,8228,100.0
경기,군포시,수리동,31160590,6731,6731,100.0
경기,군포시,궁내동,31160600,6589,6598,99.86
경기,군포시,광정동,31160610,7727,9203,83.96
경기,군포시,대야동,31160630,1772,3070,57.72
경기,군포시,송부동,31160640,5731,6059,94.59
경기,의왕시,고천동,31170510,2649,3740,70.83
경기,의왕시,부곡동,31170520,6006,10043,59.8
경기,의왕시,오전동,31170530,10516,11891,88.44
경기,의왕시,내손1동,31170540,5930,6759,87.73
경기,의왕시,내손2동,31170550,6204,9010,68.86
경기,의왕시,청계동,31170560,8024,10122,79.27
경기,하남시,천현동,31180510,0,1538,0.0
경기,하남시,신장1동,31180520,608,1775,34.25
경기,하남시,신장2동,31180530,13171,14518,90.72
경기,하남시,덕풍1동,31180540,3617,4644,77.89
경기,하남시,덕풍2동,31180550,3353,5139,65.25
경기,하남시,덕풍3동,31180560,5800,8030,72.23
경기,하남시,춘궁동,31180590,0,883,0.0
경기,하남시,초이동,31180600,210,953,22.04
경기,하남시,미사3동,31180611,8029,8540,94.02
경기,하남시,미사1동,31180620,11444,17430,65.66
경기,하남시,미사2동,31180630,15824,16145,98.01
경기,하남시,위례동,31180650,4822,6474,74.48
경기,하남시,감북동,31180660,0,648,0.0
경기,하남시,감일동,31180670,923,1120,82.41
경기,용인시 처인구,포곡읍,31191110,3964,10842,36.56
경기,용인시 처인구,모현읍,31191120,1551,8816,17.59
경기,용인시 처인구,이동읍,31191130,2981,6745,44.2
경기,용인시 처인구,남사읍,31191140,6118,8512,71.88
경기,용인시 처인구,원삼면,31191340,50,2959,1.69
경기,용인시 처인구,백암면,31191350,219,3019,7.25
경기,용인시 처인구,양지면,31191360,281,6103,4.6
경기,용인시 처인구,중앙동,31191510,4952,8902,55.63
경기,용인시 처인구,유림동,31191530,6616,11887,55.66
경기,용인시 처인구,동부동,31191540,2082,4672,44.56
경기,용인시 처인구,역북동,31191550,7291,10150,71.83
경기,용인시 처인구,삼가동,31191560,3151,4141,76.09
경기,용인시 기흥구,구갈동,31192520,9984,13028,76.63
경기,용인시 기흥구,기흥동,31192540,5554,7337,75.7
경기,용인시 기흥구,서농동,31192550,6672,7559,88.27
경기,용인시 기흥구,구성동,31192560,11650,12940,90.03
경기,용인시 기흥구,마북동,31192570,9162,10321,88.77
경기,용인시 기흥구,보정동,31192590,9399,10947,85.86
경기,용인시 기흥구,상하동,31192600,6908,8069,85.61
경기,용인시 기흥구,신갈동,31192610,10669,13092,81.49
경기,용인시 기흥구,영덕1동,31192630,8017,9032,88.76
경기,용인시 기흥구,영덕2동,31192640,5251,5905,88.92
경기,용인시 기흥구,상갈동,31192650,3371,4163,80.98
경기,용인시 기흥구,보라동,31192660,8887,10247,86.73
경기,용인시 기흥구,동백1동,31192670,8784,9844,89.23
경기,용인시 기흥구,동백2동,31192680,6471,8047,80.42
경기,용인시 기흥구,동백3동,31192690,5996,7060,84.93
경기,용인시 수지구,풍덕천1동,31193510,9983,11338,88.05
경기,용인시 수지구,풍덕천2동,31193520,11867,12534,94.68
경기,용인시 수지구,신봉동,31193530,10302,11815,87.19
경기,용인시 수지구,죽전2동,31193550,5588,5921,94.38
경기,용인시 수지구,동천동,31193560,11545,14852,77.73
경기,용인시 수지구,상현2동,31193580,9987,10246,97.47
경기,용인시 수지구,성복동,31193590,13654,14546,93.87
경기,용인시 수지구,죽전1동,31193600,8866,9351,94.81
경기,용인시 수지구,죽전3동,31193610,8095,9177,88.21
경기,용인시 수지구,상현1동,31193620,5966,6021,99.09
경기,용인시 수지구,상현3동,31193630,7987,10151,78.68
경기,파주시,문산읍,31200110,12969,17458,74.29
경기,파주시,파주읍,31200120,750,5030,14.91
경기,파주시,법원읍,31200130,528,3972,13.29
경기,파주시,조리읍,31200150,6469,10242,63.16
경기,파주시,월롱면,31200310,0,2384,0.0
경기,파주시,탄현면,31200320,958,4207,22.77
경기,파주시,광탄면,31200350,352,4289,8.21
경기,파주시,파평면,31200360,14,1503,0.93
경기,파주시,적성면,31200370,142,2268,6.26
경기,파주시,장단면,31200390,0,183,0.0
경기,파주시,교하동,31200511,230,2856,8.05
경기,파주시,운정1동,31200512,11945,12611,94.72
경기,파주시,운정3동,31200513,16749,19190,87.28
경기,파주시,운정4동,31200514,0,6327,0.0
경기,파주시,운정5동,31200515,8695,9759,89.1
경기,파주시,금촌2동,31200520,11047,11383,97.05
경기,파주시,금촌1동,31200530,3441,7805,44.09
경기,파주시,금촌3동,31200540,7575,9493,79.8
경기,파주시,운정2동,31200570,18928,19433,97.4
경기,이천시,장호원읍,31210110,1914,5497,34.82
경기,이천시,부발읍,31210120,7838,12579,62.31
경기,이천시,신둔면,31210310,895,4695,19.06
경기,이천시,백사면,31210320,1004,4060,24.73
경기,이천시,호법면,31210330,275,2079,13.23
경기,이천시,마장면,31210340,1171,3805,30.78
경기,이천시,대월면,31210350,2364,4814,49.11
경기,이천시,모가면,31210360,0,1678,0.0
경기,이천시,설성면,31210370,119,1840,6.47
경기,이천시,율면,31210380,0,1228,0.0
경기,이천시,창전동,31210510,1770,5290,33.46
경기,이천시,중리동,31210520,1471,4602,31.96
경기,이천시,관고동,31210530,1395,3521,39.62
경기,이천시,증포동,31210540,14707,16836,87.35
경기,안성시,공도읍,31220110,16444,20600,79.83
경기,안성시,보개면,31220310,180,2085,8.63
경기,안성시,금광면,31220320,1507,3015,49.98
경기,안성시,서운면,31220330,0,1327,0.0
경기,안성시,미양면,31220340,471,2251,20.92
경기,안성시,대덕면,31220350,3437,6576,52.27
경기,안성시,양성면,31220360,0,1929,0.0
경기,안성시,원곡면,31220380,938,2458,38.16
경기,안성시,일죽면,31220390,472,3104,15.21
경기,안성시,죽산면,31220400,420,2740,15.33
경기,안성시,삼죽면,31220410,0,1413,0.0
경기,안성시,고삼면,31220420,0,762,0.0
경기,안성시,안성1동,31220510,1991,4400,45.25
경기,안성시,안성2동,31220520,6456,8166,79.06
경기,안성시,안성3동,31220530,5655,7647,73.95
경기,김포시,통진읍,31230110,4861,10390,46.79
경기,김포시,고촌읍,31230120,6363,8732,72.87
경기,김포시,양촌읍,31230130,6429,10595,60.68
경기,김포시,대곶면,31230340,0,4728,0.0
경기,김포시,월곶면,31230350,0,2254,0.0
경기,김포시,하성면,31230360,11,3241,0.34
경기,김포시,사우동,31230530,5066,7681,65.95
경기,김포시,풍무동,31230540,18131,19538,92.8
경기,김포시,장기동,31230560,12189,13026,93.57
경기,김포시,운양동,31230600,13113,16327,80.31
경기,김포시,김포본동,31230610,13966,16338,85.48
경기,김포시,장기본동,31230620,11276,11488,98.15
경기,김포시,구래동,31230630,13244,14439,91.72
경기,김포시,마산동,31230640,10462,11146,93.86
경기,화성시,봉담읍,31240120,22055,26822,82.23
경기,화성시,우정읍,31240130,1515,6513,23.26
경기,화성시,향남읍,31240140,22766,29009,78.48
경기,화성시,남양읍,31240150,9251,14365,64.4
경기,화성시,매송면,31240310,817,2839,28.78
경기,화성시,비봉면,31240330,365,2244,16.27
경기,화성시,마도면,31240350,115,2912,3.95
경기,화성시,송산면,31240360,419,4067,10.3
경기,화성시,서신면,31240370,0,2794,0.0
경기,화성시,팔탄면,31240380,525,4613,11.38
경기,화성시,장안면,31240390,416,4193,9.92
경기,화성시,양감면,31240420,38,1925,1.97
경기,화성시,정남면,31240430,1001,4658,21.49
경기,화성시,진안동,31240520,10758,13985,76.93
경기,화성시,병점1동,31240530,7971,10042,79.38
경기,화성시,병점2동,31240540,7742,7925,97.69
경기,화성시,반월동,31240550,9506,9803,96.97
경기,화성시,기배동,31240560,3720,4382,84.89
경기,화성시,화산동,31240570,5110,7945,64.32
경기,화성시,동탄2동,31240600,8824,10389,84.94
경기,화성시,동탄1동,31240610,12950,17015,76.11
경기,화성시,동탄3동,31240620,11336,14737,76.92
경기,화성시,동탄4동,31240640,15834,15983,99.07
경기,화성시,동탄5동,31240650,12562,13457,93.35
경기,화성시,새솔동,31240670,5321,5352,99.42
경기,화성시,동탄7동,31240691,13132,13552,96.9
경기,화성시,동탄6동,31240700,7825,10478,74.68
경기,화성시,동탄8동,31240710,6794,7168,94.78
경기,화성시,동탄9동,31240720,10338,10419,99.22
경기,광주시,초월읍,31250120,5985,14225,42.07
경기,광주시,곤지암읍,31250140,2772,7793,35.57
경기,광주시,도척면,31250340,351,3158,11.11
경기,광주시,퇴촌면,31250350,0,5167,0.0
경기,광주시,남종면,31250360,0,542,0.0
경기,광주시,남한산성면,31250380,0,762,0.0
경기,광주시,오포1동,31250511,2040,5625,36.27
경기,광주시,오포2동,31250512,4914,10535,46.64
경기,광주시,신현동,31250513,2767,10687,25.89
경기,광주시,능평동,31250514,1131,7575,14.93
경기,광주시,경안동,31250540,2980,6951,42.87
경기,광주시,송정동,31250550,2550,6651,38.34
경기,광주시,쌍령동,31250560,3771,6109,61.73
경기,광주시,탄벌동,31250570,4123,13290,31.02
경기,광주시,광남1동,31250580,1807,10297,17.55
경기,광주시,광남2동,31250590,9972,10528,94.72
경기,양주시,백석읍,31260110,5856,9415,62.2
경기,양주시,은현면,31260310,156,2345,6.65
경기,양주시,남면,31260320,380,2687,14.14
경기,양주시,광적면,31260330,1611,4622,34.86
경기,양주시,장흥면,31260340,1278,3370,37.92
경기,양주시,양주1동,31260510,495,1694,29.22
경기,양주시,양주2동,31260520,15819,17062,92.71
경기,양주시,회천1동,31260530,2009,3468,57.93
경기,양주시,회천2동,31260540,5957,9409,63.31
경기,양주시,회천3동,31260550,8773,9438,92.95
경기,양주시,옥정1동,31260561,5886,6422,91.65
경기,양주시,옥정2동,31260571,7872,7976,98.7
경기,포천시,소흘읍,31270110,9811,15778,62.18
경기,포천시,군내면,31270310,1168,3370,34.66
경기,포천시,내촌면,31270320,22,1835,1.2
경기,포천시,가산면,31270330,28,3293,0.85
경기,포천시,신북면,31270340,1668,4791,34.82
경기,포천시,창수면,31270350,27,942,2.87
경기,포천시,영중면,31270360,32,1966,1.63
경기,포천시,일동면,31270370,404,3368,12.0
경기,포천시,이동면,31270380,457,2344,19.5
경기,포천시,영북면,31270390,683,3145,21.72
경기,포천시,관인면,31270400,18,1194,1.51
경기,포천시,화현면,31270410,243,1137,21.37
경기,포천시,포천동,31270510,2817,6595,42.71
경기,포천시,선단동,31270520,461,5345,8.62
경기,여주시,가남읍,31280110,2258,5825,38.76
경기,여주시,점동면,31280310,0,1699,0.0
경기,여주시,흥천면,31280330,0,1897,0.0
경기,여주시,금사면,31280340,0,1116,0.0
경기,여주시,산북면,31280350,0,896,0.0
경기,여주시,대신면,31280360,84,2728,3.08
경기,여주시,북내면,31280370,0,1755,0.0
경기,여주시,강천면,31280380,0,1432,0.0
경기,여주시,세종대왕면,31280390,72,2258,3.19
경기,여주시,여흥동,31280510,3417,7397,46.19
경기,여주시,중앙동,31280520,3026,5831,51.9
경기,여주시,오학동,31280530,3319,5925,56.02
경기,연천군,연천읍,31550110,864,2828,30.55
경기,연천군,전곡읍,31550120,3014,6794,44.36
경기,연천군,군남면,31550310,30,1299,2.31
경기,연천군,청산면,31550320,204,1659,12.3
경기,연천군,백학면,31550330,0,992,0.0
경기,연천군,미산면,31550340,0,724,0.0
경기,연천군,왕징면,31550350,0,458,0.0
경기,연천군,신서면,31550360,133,1232,10.8
경기,연천군,중면,31550370,0,53,0.0
경기,연천군,장남면,31550380,0,295,0.0
경기,가평군,가평읍,31570110,2223,7151,31.09
경기,가평군,설악면,31570310,208,3622,5.74
경기,가평군,청평면,31570320,1622,5366,30.23
경기,가평군,상면,31570330,31,2207,1.4
경기,가평군,북면,31570350,51,1630,3.13
경기,가평군,조종면,31570360,415,3049,13.61
경기,양평군,양평읍,31580110,3746,9843,38.06
경기,양평군,강상면,31580310,1070,3520,30.4
경기,양평군,강하면,31580320,0,1872,0.0
경기,양평군,양서면,31580330,613,4648,13.19
경기,양평군,옥천면,31580340,67,2716,2.47
경기,양평군,서종면,31580350,0,3305,0.0
경기,양평군,단월면,31580360,0,1524,0.0
경기,양평군,청운면,31580370,0,1602,0.0
경기,양평군,양동면,31580380,15,1853,0.81
경기,양평군,지평면,31580390,22,2791,0.79
경기,양평군,용문면,31580400,1103,6152,17.93
경기,양평군,개군면,31580410,34,1904,1.79
