dong_code,dong_name,station_count_준고속철도,행정동전체면적_m2,상업업무지역비율_pct,공공시설지역비율_pct,주거지역비율_pct,station_count_고속철도,pop_0_19,pop_20_59,pop_60_plus,worker_count,business_count,아파트비율_퍼센트,station_count_지하철,station_count_일반철도
11010530,사직동,0,1158554.8,16.68,21.77,31.31,0,1123,5344,2531,57319,4855,59.92,6,0
11010540,삼청동,0,1477215.88,0.74,9.15,22.16,0,249,1188,811,5068,992,0.0,1,0
11010550,부암동,0,2274776.33,0.46,0.0,33.64,0,1196,5294,2595,3959,894,4.06,0,0
11010560,평창동,0,8947475.94,1.16,0.12,16.12,0,2534,9706,5147,4246,1300,17.64,0,0
11010570,무악동,0,369526.45,0.0,0.0,50.31,0,1471,4371,2119,1424,362,95.16,1,0
11010580,교남동,0,346931.28,11.07,6.0,60.02,0,1527,5870,2318,7053,566,65.34,2,0
11010600,가회동,0,540013.34,5.93,9.45,53.61,0,462,2232,1166,8964,959,0.0,1,0
11010610,종로1·2·3·4가동,0,2417179.04,34.4,1.6,11.63,0,374,3886,2423,111951,16483,60.86,15,0
11010630,종로5·6가동,0,603176.73,54.98,2.54,20.0,0,359,3497,1528,20911,7290,32.33,8,0
11010640,이화동,0,782407.76,9.85,26.4,40.09,0,487,4510,1902,18513,1761,7.4,3,0
11010670,창신1동,0,305150.31,39.45,0.0,38.1,0,280,2483,1758,5212,2331,51.94,8,0
11010680,창신2동,0,257519.3,0.0,0.51,92.75,0,495,4317,2698,1921,1011,13.61,5,0
11010690,창신3동,0,216839.02,0.0,0.0,91.14,0,708,3708,1929,1152,382,80.14,3,0
11010700,숭인1동,0,239400.01,0.53,0.0,71.09,0,533,3426,1823,1892,689,40.6,5,0
11010710,숭인2동,0,351912.03,41.6,0.0,38.76,0,487,6829,2505,5611,2239,52.75,6,0
11010720,청운효자동,0,2570520.17,2.21,0.0,24.81,0,1680,6719,2950,5330,1462,5.93,1,0
11010730,혜화동,0,1132439.61,2.69,0.58,51.67,0,1693,10547,3629,8696,2246,17.4,2,0
11020520,소공동,0,943810.48,37.38,23.78,1.11,0,289,1501,395,68391,4702,96.49,8,0
11020540,회현동,1,897841.9,37.79,10.83,16.12,3,365,2274,1755,48793,8489,67.66,10,4
11020550,명동,0,969618.23,57.98,7.31,10.4,0,170,1481,944,140423,8437,46.02,15,0
11020570,필동,0,1464710.15,5.87,8.68,17.99,0,336,2488,1188,26509,3505,46.24,8,0
11020580,장충동,0,1017941.33,7.72,24.93,20.03,0,390,3009,1149,7456,950,8.01,13,0
11020590,광희동,0,737215.76,42.41,15.61,18.52,0,307,3911,1572,33150,8662,75.61,16,0
11020600,을지로동,0,611661.31,64.74,3.58,10.48,0,205,2115,708,31160,8714,90.3,16,0
11020650,신당5동,0,319711.38,12.78,3.65,57.45,0,966,6445,2750,4180,1574,67.33,5,0
11020670,황학동,0,328644.97,5.33,0.0,63.93,0,1106,8648,2943,5479,2417,72.45,8,0
11020680,중림동,1,484392.13,13.21,11.65,45.87,3,1648,7373,3127,7672,1248,81.33,9,4
11020690,신당동,0,534950.31,35.1,3.04,29.39,0,464,4781,2172,22759,11624,34.32,11,0
11020700,다산동,0,523979.23,3.42,0.0,71.07,0,1128,8160,4032,8772,2049,11.2,9,0
11020710,약수동,0,486240.61,0.55,0.0,63.82,0,1715,8907,5486,4279,1215,81.68,5,0
11020720,청구동,0,342576.27,1.19,0.0,70.69,0,1364,7513,4094,4672,1235,78.35,5,0
11020730,동화동,0,327050.79,8.92,0.0,61.99,0,1333,5632,2973,4177,1255,82.66,5,0
11030510,후암동,1,865906.04,2.96,5.63,53.31,3,1794,9892,4312,4775,1277,11.09,5,4
11030520,용산2가동,0,1966884.87,0.0,0.88,14.13,0,696,5431,2785,2067,734,10.37,2,0
11030530,남영동,1,1177807.87,11.21,14.53,17.78,3,353,4071,2405,18878,1919,25.21,8,4
11030570,원효로2동,0,708986.84,9.09,6.38,47.7,3,1710,8428,3498,5282,1262,64.98,5,4
11030580,효창동,0,446193.32,0.0,29.56,56.7,0,1428,6916,2341,2158,703,49.68,6,0
11030590,용문동,0,277535.99,0.0,0.13,87.04,0,1266,6995,3146,2096,850,52.39,6,0
11030630,이촌1동,0,2872813.45,0.0,9.57,19.0,0,4807,14024,6102,4075,1469,99.75,6,0
11030640,이촌2동,0,1205563.14,0.25,12.03,12.15,0,868,4529,2471,1085,478,84.42,1,0
11030650,이태원1동,0,582908.09,11.66,0.0,64.04,0,443,3682,1895,7749,1838,32.25,2,0
11030660,이태원2동,0,874257.67,2.16,0.21,50.94,0,767,5431,2465,3032,1064,23.37,3,0
11030690,서빙고동,0,2821993.99,3.06,16.66,15.85,0,2031,7294,3107,4650,721,61.78,5,0
11030700,보광동,0,715107.87,0.0,0.0,59.16,0,801,6762,3584,1821,882,22.14,2,0
11030710,청파동,1,886199.22,2.28,2.54,66.9,3,1459,12679,4705,10412,2255,1.19,8,4
11030720,원효로1동,0,589066.96,17.12,0.0,60.35,3,2038,11901,3068,9884,2212,66.05,9,4
11030730,한강로동,0,2869863.08,11.59,5.02,19.2,3,2208,14078,4730,53052,6011,81.55,10,4
11030740,한남동,0,3031946.65,5.83,3.79,36.65,0,2040,11005,4710,21222,3387,54.34,6,0
11040520,왕십리2동,0,372431.54,1.19,0.0,84.16,0,2113,9953,4029,2409,1117,81.3,7,0
11040540,마장동,0,1035292.65,10.84,5.95,55.88,0,2387,13279,5907,12105,3557,63.24,7,0
11040550,사근동,0,1169235.04,0.12,1.24,32.29,0,987,8867,2093,11029,1205,40.19,9,0
11040560,행당1동,0,573574.98,3.7,2.73,74.11,0,1828,8626,3231,9568,1543,80.32,9,0
11040570,행당2동,0,457676.35,0.0,0.0,75.43,0,3435,13558,5858,2131,930,95.74,8,0
11040580,응봉동,0,553593.41,0.0,0.0,51.48,0,2460,8812,3669,1006,553,73.28,2,0
11040590,금호1가동,0,445441.26,0.0,0.0,70.23,0,2104,8632,4009,2109,870,85.05,3,0
11040620,금호4가동,0,831854.66,0.0,0.0,37.31,0,2115,8371,3668,2271,943,85.6,4,0
11040650,성수1가1동,0,1885905.37,0.0,23.91,26.47,0,1721,9794,3877,15977,2863,69.16,4,0
11040660,성수1가2동,0,930100.68,1.17,0.51,42.43,0,1339,7648,2956,28072,4557,66.72,4,0
11040670,성수2가1동,0,1184983.65,3.02,5.78,31.33,0,1299,8743,4563,17452,3164,46.49,1,0
11040680,성수2가3동,0,1054518.46,26.1,0.0,24.71,0,944,6387,2716,62482,7704,67.17,3,0
11040690,송정동,0,681926.68,0.0,0.0,39.69,0,857,6009,2854,2756,913,34.92,1,0
11040700,용답동,0,2377186.4,6.57,8.21,11.89,0,821,8046,3172,11442,2317,24.56,5,0
11040710,왕십리도선동,0,710297.02,5.86,2.37,74.79,0,3606,16714,5949,10293,3148,86.54,10,0
11040720,금호2·3가동,0,631206.23,0.0,2.3,77.37,0,2832,13347,5774,2969,1422,68.77,2,0
11040730,옥수동,0,1922203.17,0.0,0.0,29.33,0,3896,15232,6274,4729,1361,95.95,4,0
11050530,화양동,0,1136335.58,4.52,0.0,41.21,0,916,19028,3249,16150,2999,28.52,4,0
11050540,군자동,0,738037.47,0.45,0.0,67.46,0,1578,12833,4659,9773,2286,16.8,3,0
11050550,중곡1동,0,614514.79,2.78,2.74,56.76,0,1235,10124,3880,6454,1977,10.82,3,0
11050560,중곡2동,0,545550.94,0.0,0.0,75.64,0,2070,13139,5312,7667,2133,5.88,4,0
11050570,중곡3동,0,601876.05,0.85,6.82,62.27,0,1442,9782,4503,5696,1537,11.74,2,0
11050580,중곡4동,0,2313505.98,0.34,0.0,25.05,0,2677,16666,8251,4421,1692,4.16,3,0
11050590,능동,0,1092122.62,0.0,0.0,13.4,0,924,7760,2413,6811,1146,1.39,4,0
11050600,구의1동,0,595014.14,1.25,0.0,77.3,0,2022,16006,5099,6825,2280,16.86,1,0
11050610,구의2동,0,1388063.3,0.74,7.56,42.56,0,3452,15328,6830,5372,1652,20.31,2,0
11050620,구의3동,0,1027578.03,7.29,4.4,47.73,0,3858,17322,6660,15629,3261,66.32,2,0
11050630,광장동,0,2393800.15,8.2,0.13,22.12,0,7792,20057,6122,12054,2088,87.85,1,0
11050640,자양1동,0,568877.08,2.02,2.8,83.03,0,2101,14218,5514,10177,2067,16.51,1,0
11050650,자양2동,0,1657549.85,0.28,19.57,28.52,0,2885,14363,6380,5573,1871,38.85,2,0
11050660,자양3동,0,1196438.64,0.0,15.38,34.09,0,4368,16089,6764,7030,1809,82.56,4,0
11050670,자양4동,0,1180042.06,2.81,6.22,41.4,0,1692,12336,5855,5834,2084,41.86,4,0
11060710,회기동,0,766929.29,3.35,4.97,36.51,0,1011,7323,2060,11644,1318,52.14,3,0
11060720,휘경1동,0,521804.76,9.06,0.0,65.01,0,1425,9274,3013,4043,1326,70.63,4,0
11060730,휘경2동,0,1113627.07,1.25,6.92,43.75,0,2811,15554,5799,5215,1197,64.92,3,0
11060800,청량리동,1,1204417.83,1.76,20.33,43.24,0,1544,9619,7579,7852,1796,63.34,4,3
11060810,용신동,1,1618425.76,10.8,1.87,57.5,0,3883,25161,9366,28958,6720,65.02,9,3
11060820,제기동,1,1181724.03,5.87,0.59,68.65,0,1962,13427,7625,11403,4980,40.15,7,3
11060830,전농1동,1,1126713.76,6.52,0.0,67.12,0,4034,19379,8744,7609,2708,55.62,6,3
11060840,전농2동,0,977583.58,1.3,0.0,38.29,0,2542,9914,5502,4972,1234,85.04,3,0
11060860,답십리2동,0,875759.26,7.86,0.0,66.4,0,3298,15810,8405,8740,2603,84.26,2,0
11060870,장안1동,0,1342189.45,12.6,1.52,52.31,0,4601,22705,10080,22014,5980,58.19,2,0
11060880,장안2동,0,996656.47,13.38,2.1,60.71,0,5336,19287,8069,11387,3477,61.59,0,0
11060890,이문1동,0,1039619.54,0.0,0.0,69.44,0,1697,11662,4405,6706,1503,46.15,5,0
11060900,이문2동,0,723901.66,1.5,16.87,43.13,0,2578,11081,5741,2188,916,77.4,2,0
11060910,답십리1동,1,788254.72,6.54,6.72,64.53,0,4187,17373,6283,9453,3471,81.92,6,3
11070520,면목2동,1,763134.02,6.9,0.0,60.27,0,2281,14007,7315,5735,2198,35.5,6,0
11070540,면목4동,0,843480.2,0.0,0.0,40.01,0,1945,10529,5681,5016,2463,52.11,2,0
11070550,면목5동,0,704947.41,13.28,0.0,39.79,0,2168,8723,3707,3117,1067,48.79,2,0
11070570,면목7동,0,1235495.07,1.32,0.0,35.36,0,2096,12443,6686,4536,1767,49.43,2,0
11070590,상봉1동,1,854232.74,6.45,6.31,47.79,0,3235,13510,6449,6508,1750,66.99,7,0
11070600,상봉2동,1,677456.3,23.37,4.29,44.35,0,1389,14225,4690,9495,3249,39.73,8,0
11070610,중화1동,1,641503.96,6.76,0.0,51.54,0,2064,10888,5754,3586,1391,36.93,6,0
11070620,중화2동,1,1016971.83,13.25,0.55,48.33,0,1853,14167,7833,6025,2237,13.51,7,0
11070640,묵1동,0,1238456.26,9.1,0.0,45.24,0,4659,19911,9130,6227,2120,60.58,6,0
11070650,묵2동,0,669214.47,6.92,0.08,50.32,0,1816,10723,5522,4536,1788,30.57,6,0
11070680,망우3동,0,962576.96,0.42,0.0,35.84,0,1424,8925,5310,3717,1309,1.55,0,0
11070690,신내1동,0,2606991.46,0.5,3.23,24.43,0,6093,20597,11076,15285,3047,87.59,7,1
11070700,신내2동,0,911296.04,1.55,1.49,33.64,0,2438,10939,6310,6553,1594,99.85,3,0
11070710,면목본동,1,849032.56,9.76,0.0,73.14,0,2819,20438,9534,7104,3015,12.3,5,0
11070720,면목3·8동,0,1614802.35,2.25,0.64,32.2,0,2142,14415,7835,7438,2413,32.44,2,0
11070730,망우본동,0,2948157.11,1.83,0.56,25.49,0,4652,21288,10521,12164,3913,60.39,5,1
11080580,돈암1동,0,489303.57,0.07,1.68,51.49,0,1739,8136,4390,2164,625,92.68,1,0
11080590,돈암2동,0,518516.7,0.0,2.14,76.53,0,4249,13659,5518,2852,940,94.46,4,0
11080600,안암동,0,1379593.47,0.11,2.46,30.6,0,1093,10841,2981,14041,1839,35.17,9,0
11080610,보문동,0,553015.27,6.27,0.0,67.76,0,1935,10426,3809,5597,1587,60.1,10,0
11080620,정릉1동,0,411972.1,0.0,0.22,82.84,0,2847,10338,4592,2333,1084,78.01,3,0
11080630,정릉2동,0,1094907.52,0.0,0.0,51.37,0,2836,13028,6685,3403,1332,38.21,2,0
11080640,정릉3동,0,3327180.65,1.59,0.0,20.26,0,1345,9013,4577,5881,896,13.49,1,0
11080650,정릉4동,0,3570972.76,1.09,0.0,17.28,0,3161,13748,7118,5112,1474,56.91,2,0
11080660,길음1동,0,797325.9,2.43,2.98,77.25,0,7905,20125,6722,4178,1576,96.76,2,0
11080680,길음2동,0,588011.39,20.89,0.0,63.99,0,4068,12929,4682,5598,1539,93.36,2,0
11080710,월곡1동,0,801770.14,4.91,3.78,67.34,0,4028,14516,7035,5543,1668,74.75,2,0
11080720,월곡2동,0,1364923.18,1.81,11.78,36.06,0,2134,11495,5280,10384,1938,59.32,3,0
11080760,장위1동,0,708557.66,0.0,0.0,85.63,0,3197,13789,6385,3227,1481,23.16,0,0
11080770,장위2동,0,679904.93,4.03,0.0,79.43,0,1255,7448,4416,3532,1360,8.98,2,0
11080780,장위3동,0,652611.89,2.06,0.0,77.47,0,2783,9344,3400,2000,754,85.19,3,0
11080810,성북동,0,2879959.41,1.06,0.68,42.76,0,1678,9981,4266,7480,1764,10.83,3,0
11080820,삼선동,0,926242.04,6.93,1.7,61.55,0,2474,14047,5677,10727,2472,44.49,7,0
11080830,동선동,0,724795.74,4.62,0.1,54.78,0,1238,10766,3002,10928,2601,26.28,5,0
11080840,종암동,0,1404550.54,4.9,0.8,54.4,0,5501,22123,10059,8511,2698,65.65,3,0
11080850,석관동,0,1705088.72,0.61,6.2,46.15,0,3633,19439,10718,9303,2576,45.55,7,0
11090600,번1동,0,627046.16,6.78,0.0,72.24,0,1341,10779,5254,9154,2252,24.88,2,0
11090610,번2동,0,974313.64,3.53,0.0,42.45,0,1331,7875,5669,3306,717,39.8,1,0
11090620,번3동,0,1081194.33,3.81,0.0,24.01,0,1794,8200,6360,2933,832,94.81,0,0
11090630,수유1동,0,1649989.82,3.76,0.0,32.38,0,1918,11372,6570,5823,1753,10.14,3,0
11090640,수유2동,0,581626.13,9.47,0.0,78.79,0,2065,11202,7255,4118,1659,36.42,2,0
11090650,수유3동,0,745657.28,11.08,0.0,71.74,0,1594,14392,7009,8885,2992,15.97,3,0
11090690,삼양동,0,924107.03,2.71,0.0,69.59,0,2574,12641,7193,3522,1301,39.32,4,0
11090700,미아동,0,841218.37,8.06,0.73,54.93,0,1701,12396,6756,6790,2088,17.62,4,0
11090710,송중동,0,1075813.38,3.99,2.64,67.26,0,3127,16570,8926,8670,2670,35.53,2,0
11090720,송천동,0,929928.26,5.94,0.84,73.55,0,2087,13633,9035,6849,2304,18.23,4,0
11090730,삼각산동,0,621921.15,0.0,0.0,92.24,0,6041,17641,6924,3210,1465,99.29,2,0
11090740,우이동,0,10587928.05,0.54,0.84,6.87,0,2069,10840,6906,5267,1385,12.72,4,0
11090750,인수동,0,2998060.8,2.14,2.79,29.96,0,3074,15778,10221,6251,1932,7.74,3,0
11100510,쌍문1동,0,1175793.51,2.8,0.88,50.77,0,2289,11569,6785,4217,1118,28.13,3,0
11100520,쌍문2동,0,541201.52,13.36,0.0,72.09,0,1922,10071,5917,4733,1370,44.36,1,0
11100530,쌍문3동,0,504813.81,9.25,5.38,65.93,0,1590,9766,5096,4645,1227,37.04,1,0
11100540,쌍문4동,0,554876.65,0.0,0.0,52.74,0,2733,10152,5174,1992,796,88.59,1,0
11100550,방학1동,0,1040874.09,6.22,0.0,43.81,0,3236,15430,9089,13212,2545,54.32,1,0
11100560,방학2동,0,1092832.29,0.0,0.0,47.54,0,1901,9974,6670,3233,1292,4.49,1,0
11100570,방학3동,0,1951057.98,0.97,0.0,28.04,0,4026,13778,8278,2995,1125,95.51,2,0
11100590,창1동,0,1122189.71,3.58,2.38,43.08,0,3064,13906,7072,3287,1383,80.91,4,0
11100600,창2동,0,654452.82,4.21,0.0,62.36,0,3397,16574,8212,4298,1667,33.77,1,0
11100610,창3동,0,655496.18,0.0,0.0,54.04,0,1413,7335,4445,2107,1028,28.69,0,0
11100620,창4동,0,1140194.42,11.18,8.24,36.19,0,3711,15405,7057,8554,1779,99.16,3,0
11100630,창5동,0,701487.72,10.62,0.0,49.21,0,2882,14012,6987,7116,1847,79.97,3,0
11100640,도봉1동,0,8451608.1,0.96,0.39,8.83,0,1629,10215,8202,7132,1767,15.78,4,0
11100650,도봉2동,0,1119049.45,4.22,9.12,41.17,0,2821,13636,9527,7747,1681,90.28,5,0
11110510,월계1동,0,1141604.81,5.49,0.0,42.88,0,2382,12130,6039,6394,1588,61.21,6,0
11110520,월계2동,0,2004817.61,2.61,0.0,27.84,0,3246,13638,8607,3696,988,94.61,2,0
11110530,월계3동,0,1134176.52,0.0,0.01,44.06,0,3605,16109,9004,4438,1148,99.35,9,0
11110560,공릉2동,0,6983547.66,1.78,20.16,10.98,0,7058,25309,9099,12302,2402,84.94,4,0
11110580,하계1동,0,1527085.8,3.51,4.17,31.81,0,3724,15333,7083,8724,1468,88.61,1,0
11110590,하계2동,0,500031.86,0.0,0.0,61.1,0,3682,12345,5283,1545,719,100.0,2,0
11110600,중계본동,0,2183269.89,1.33,0.76,29.37,0,5337,13457,4272,6001,1547,81.99,0,0
11110610,중계1동,0,623460.83,8.02,2.34,55.69,0,6898,15285,4143,4220,1273,99.93,0,0
11110640,중계4동,0,1519296.26,4.12,0.0,16.81,0,2801,10573,5745,4143,1279,94.99,1,0
11110650,상계1동,0,5402703.05,0.71,0.5,13.81,0,4727,20735,11382,9184,2603,80.94,3,0
11110660,상계2동,0,623135.79,22.89,0.0,55.96,0,2262,11292,5548,10794,3198,64.89,3,0
11110690,상계5동,0,906905.94,3.04,0.1,45.94,0,2537,12852,7623,5867,2527,55.68,3,0
11110720,상계8동,0,666359.13,1.96,4.82,57.38,0,3642,13791,4410,2054,733,100.0,2,0
11110730,상계9동,0,719457.06,2.73,0.18,48.84,0,2761,11547,5357,2626,841,100.0,1,0
11110740,상계10동,0,809227.78,13.31,2.52,35.19,0,2697,11122,4366,2382,665,100.0,3,0
11110760,상계3·4동,0,5211971.8,2.02,0.0,14.25,0,3585,14837,9069,5383,1713,63.24,3,0
11110770,상계6·7동,0,1450319.22,8.13,12.37,36.24,0,4529,19015,7856,15738,2525,100.0,5,0
11110780,중계2·3동,0,919098.32,4.26,3.58,48.51,0,4195,17844,10461,5458,1758,99.58,3,0
11110790,공릉1동,0,1263281.38,13.16,1.07,45.63,0,3929,21951,10104,13451,3539,67.48,6,0
11120510,녹번동,0,1794244.69,1.23,5.4,44.01,0,4215,21361,10535,10719,2606,40.8,4,0
11120520,불광1동,0,3124978.64,0.76,2.21,29.38,0,4221,21613,11605,6853,2257,55.51,5,0
11120550,갈현1동,0,961087.28,7.23,0.0,58.06,0,1417,8626,4439,4635,1574,19.98,2,0
11120560,갈현2동,0,985181.66,5.47,0.84,58.05,0,3291,16408,7742,6370,2117,16.3,3,0
11120570,구산동,0,1389798.06,2.71,0.14,49.42,0,3817,18214,9422,6221,1733,27.3,1,0
11120580,대조동,0,851706.63,8.23,0.0,72.23,0,2348,17650,7371,7897,3175,32.57,6,0
11120590,응암1동,0,1109881.13,5.68,3.54,49.97,0,4868,19951,7839,8179,2515,58.12,3,0
11120600,응암2동,0,755259.48,0.0,2.11,74.89,0,5323,16139,5882,2969,1257,81.77,2,0
11120650,신사1동,0,808326.97,0.0,0.0,67.8,0,2997,15674,7801,5376,1735,31.87,2,0
11120660,신사2동,0,1046239.37,0.0,0.0,57.53,0,2189,10978,5767,3442,1146,37.29,1,0
11120670,증산동,0,807742.44,3.3,0.0,60.54,0,2404,10657,5197,4121,1234,56.01,6,0
11120680,수색동,0,1289959.17,6.68,0.0,38.83,0,3210,12695,4536,2820,755,90.07,4,0
11120710,진관동,0,11565506.04,1.02,0.52,13.54,0,10417,31126,12839,13796,3028,96.92,2,0
11120720,불광2동,0,1396112.11,1.24,0.86,49.71,0,2246,15607,8885,4616,1734,10.49,3,0
11120730,응암3동,0,752785.25,4.28,0.0,72.52,0,1975,13444,8025,5664,2203,14.83,3,0
11120740,역촌동,0,1157561.37,2.63,1.0,78.51,0,4875,26083,12846,8363,3172,12.82,3,0
11130520,천연동,0,982832.72,2.67,12.24,35.11,0,2274,9566,4746,3110,1068,85.34,2,0
11130620,홍제1동,0,1235652.51,0.0,0.0,45.28,0,3208,14494,7000,4828,1478,65.87,2,0
11130640,홍제3동,0,1192527.84,0.87,0.0,41.37,0,2105,10072,5513,4003,1415,59.17,1,0
11130650,홍제2동,0,699989.18,0.0,0.0,37.2,0,1524,7519,4140,1994,760,82.34,2,0
11130660,홍은1동,0,1615166.85,1.37,0.0,36.68,0,2754,12700,6722,2738,1227,72.92,2,0
11130680,홍은2동,0,2075118.74,2.81,2.15,36.46,0,3667,16974,7883,6424,1941,35.24,2,0
11130690,남가좌1동,0,475544.18,7.54,0.0,69.69,0,3809,9586,3299,2825,926,97.58,1,0
11130700,남가좌2동,0,783810.91,1.7,0.0,75.95,0,4682,17371,7028,5530,1785,67.39,0,0
11130710,북가좌1동,0,577988.94,2.31,0.0,71.41,0,3067,9973,4528,3269,877,79.09,4,0
11130720,북가좌2동,0,824857.15,2.53,0.0,78.31,0,3322,17908,9444,4951,2042,18.77,2,0
11130730,충현동,0,1116019.72,16.62,1.73,47.94,0,2308,12313,5061,23250,2540,48.4,5,0
11130740,북아현동,0,458952.09,8.9,0.0,63.99,0,2248,9743,3450,2760,1017,79.37,5,0
11130750,신촌동,0,2720327.74,5.94,0.0,20.73,0,1345,15940,2955,36521,4969,28.93,7,0
11130760,연희동,0,2929301.07,2.7,0.18,46.57,0,3333,22326,8331,12974,3139,29.98,4,0
11140590,용강동,0,790614.56,12.49,2.23,45.9,0,4036,12837,4373,18811,3282,83.56,6,0
11140600,대흥동,0,848212.58,6.63,0.0,40.46,0,1412,10124,2875,9443,1910,57.2,5,0
11140610,염리동,0,501840.02,5.58,2.52,65.88,0,2971,10779,3091,5196,1025,72.82,9,0
11140630,신수동,0,797892.61,0.0,2.76,64.74,0,3232,13945,4915,6817,2068,69.9,4,0
11140660,서교동,0,1679006.65,12.82,0.0,62.66,0,1637,17804,4620,65165,12668,29.96,9,0
11140680,합정동,0,1712417.12,1.43,7.57,29.05,0,1359,11255,3724,14003,3760,17.75,4,0
11140690,망원1동,0,1101022.99,1.14,6.84,37.17,0,1832,12535,4792,6576,2715,21.63,1,0
11140700,망원2동,0,676421.76,4.52,2.98,49.34,0,2215,11184,4523,4873,1851,42.84,2,0
11140710,연남동,0,647450.36,1.53,0.0,74.4,0,1136,9860,3231,9158,3042,15.54,4,0
11140720,성산1동,0,859268.41,10.3,2.24,48.29,0,1967,12229,4370,13021,2510,10.37,3,0
11140730,성산2동,0,1978756.33,6.7,10.74,37.16,0,4754,24915,9029,12736,3261,75.67,6,0
11140740,상암동,0,8402553.65,0.0,1.27,7.32,0,5608,17893,6160,48844,3648,90.72,5,0
11140750,도화동,0,625028.52,8.37,0.7,66.65,0,2723,12367,5550,20594,2893,83.36,5,0
11140760,서강동,0,1478601.04,1.16,2.83,43.71,0,3263,16280,5029,10953,2581,70.13,7,0
11140770,공덕동,0,1019224.92,3.7,1.34,72.55,0,4001,23384,9096,20775,3352,63.75,8,0
11140780,아현동,0,744347.78,5.76,3.88,66.38,0,4957,18284,5541,14420,2322,96.64,9,0
11150510,목1동,0,1433134.56,15.16,19.42,24.15,0,7465,17363,5445,22047,3688,95.24,3,0
11150520,목2동,0,1021372.28,2.61,17.59,60.49,0,3551,18391,6930,5053,1886,27.35,2,0
11150530,목3동,0,531858.84,8.89,0.0,72.76,0,2381,13250,5593,4993,1798,30.91,2,0
11150540,목4동,0,577502.78,8.94,0.0,69.08,0,3984,15199,5275,4587,1895,37.65,1,0
11150570,신월1동,0,622409.85,16.25,0.0,58.53,0,1841,10919,6672,4824,1865,21.49,0,0
11150580,신월2동,0,606821.39,15.6,0.0,56.18,0,2991,11662,6120,4424,1286,55.23,4,0
11150590,신월3동,0,918054.67,5.04,2.54,39.2,0,1565,8011,4710,5029,1183,25.16,0,0
11150600,신월4동,0,469881.05,7.47,0.0,61.06,0,2650,9602,5192,3339,1225,55.56,0,0
11150610,신월5동,0,638313.02,12.34,0.0,43.92,0,1823,8154,4010,3740,1112,30.91,0,0
11150620,신월6동,0,444293.67,6.92,0.0,50.29,0,2650,8066,3156,2854,994,86.89,0,0
11150630,신월7동,0,1230648.01,6.48,2.02,32.13,0,1856,10315,6493,5395,1338,39.71,0,0
11150640,신정1동,0,747580.56,10.68,3.96,62.2,0,4413,11056,4248,5868,1503,89.97,3,0
11150650,신정2동,0,525907.74,17.33,8.62,43.16,0,3950,10557,4267,4036,1456,87.37,2,0
11150660,신정3동,0,2756581.47,6.22,0.82,20.26,0,8456,28788,12317,8930,2582,89.65,1,0
11150690,신정6동,0,940900.23,7.34,5.1,53.18,0,5301,13802,4858,6671,995,100.0,4,0
11150700,신정7동,0,1234150.66,2.52,5.2,40.29,0,4860,15501,7912,7130,1448,98.16,1,0
11150710,목5동,0,1766389.8,3.36,13.6,51.96,0,10213,22727,7765,10499,2284,100.0,2,0
11150720,신정4동,0,997159.99,29.74,0.0,42.18,0,3163,19589,9000,16820,4149,19.01,5,0
11160510,염창동,0,1734485.94,15.41,0.0,25.68,0,7798,26080,7481,16080,2956,90.07,4,0
11160520,등촌1동,0,650751.62,34.43,0.52,28.45,0,2378,17903,4653,19441,2881,72.36,3,0
11160530,등촌2동,0,910680.73,6.41,14.23,32.24,0,2376,11804,5170,3858,1108,39.91,1,0
11160540,등촌3동,0,1060380.03,20.84,5.23,35.59,0,3052,15918,10437,22632,3186,97.97,2,0
11160550,화곡본동,0,972750.88,0.11,3.21,65.99,0,3602,21542,7809,4602,1851,9.27,1,0
11160570,화곡2동,0,454628.14,6.84,0.0,71.02,0,2092,10475,4486,2582,1132,5.6,3,0
11160580,화곡3동,0,521866.74,9.16,0.0,77.24,0,2563,12315,6230,4628,1554,54.84,2,0
11160590,화곡4동,0,852063.14,7.19,0.0,46.35,0,2041,11751,5929,4053,1752,10.51,2,0
11160610,화곡6동,0,1037928.57,6.84,13.33,40.84,0,2819,16721,6411,13049,2190,41.61,0,0
11160630,화곡8동,0,593332.24,9.2,0.01,68.55,0,2350,14516,6624,3613,1581,8.3,2,0
11160640,가양1동,0,4970773.28,5.8,0.46,7.72,0,3023,25252,5598,77654,9365,85.29,0,0
11160650,가양2동,0,823888.07,3.43,4.85,24.02,0,815,6515,6128,3368,766,100.0,1,0
11160660,가양3동,0,472634.19,2.27,7.57,46.36,0,1026,7837,5253,7209,1006,100.0,2,0
11160670,발산1동,0,2887716.6,11.58,2.41,15.68,0,7198,20542,7913,35989,6432,76.14,3,0
11160690,공항동,0,10861857.22,0.51,4.81,8.67,0,5075,17823,6563,34783,2480,49.33,12,0
11160700,방화1동,0,1475630.04,3.69,1.48,45.19,0,7404,23936,10659,12672,3289,74.17,9,0
11160710,방화2동,0,6157643.3,1.25,1.98,10.57,0,2252,13265,7181,11494,2292,54.1,10,0
11160720,방화3동,0,2558951.1,2.1,2.95,15.48,0,2420,11828,7744,4612,1042,91.68,0,0
11160730,화곡1동,0,1197765.63,8.73,0.0,69.09,0,4174,33650,12950,10246,3869,32.51,3,0
11160740,우장산동,0,1261608.82,6.35,3.2,58.05,0,8548,25758,9402,7141,2370,72.11,2,0
11170510,신도림동,0,1392811.21,3.83,2.01,28.24,0,6565,21914,7519,17291,3437,95.21,4,0
11170520,구로1동,0,1008908.98,0.0,0.0,28.62,0,3467,12505,4538,2888,1023,98.44,2,0
11170540,구로3동,0,1040133.06,5.69,3.18,30.0,0,2277,15891,5126,90351,9883,74.77,4,0
11170550,구로4동,0,524509.57,5.3,0.0,71.28,0,1481,10727,6445,6628,2347,72.3,3,0
11170560,구로5동,0,1012489.65,17.18,7.78,44.39,0,2923,18850,7348,24272,4204,77.52,3,0
11170610,고척1동,0,1151257.3,13.89,0.0,35.16,0,3506,16085,6793,10524,2934,82.52,2,0
11170620,고척2동,0,1025588.7,1.6,8.99,53.61,0,3307,14473,8023,4489,1990,54.46,1,0
11170640,개봉2동,0,782536.63,0.0,6.02,62.68,0,3680,16319,9731,3818,1495,59.67,3,0
11170650,개봉3동,0,828431.68,0.0,0.0,45.85,0,2153,10904,6520,8404,1216,29.02,2,0
11170670,오류1동,0,727426.37,7.21,0.0,51.16,0,2052,14667,5937,5032,1707,59.88,1,0
11170690,수궁동,0,2661396.05,0.53,3.79,23.63,0,2939,12713,7068,5938,1494,17.77,2,0
11170700,가리봉동,0,411005.81,0.0,0.0,82.63,0,401,5517,2848,3895,1056,4.38,3,0
11170710,구로2동,0,1703383.69,14.89,6.46,42.79,0,1786,12515,8138,29446,8862,26.29,5,0
11170720,개봉1동,0,1320340.53,2.67,0.15,47.34,0,4130,19034,9967,5687,2226,54.92,3,0
11170730,오류2동,0,3061068.07,1.79,2.88,26.91,0,6046,20649,10593,7863,2059,70.55,4,0
11170740,항동,0,1446965.1,0.0,0.0,13.94,0,3939,9531,2865,3866,1123,88.11,2,0
11180510,가산동,0,2512893.57,6.16,0.0,14.37,0,1187,19105,4403,183549,25031,50.3,4,0
11180520,독산1동,0,2061954.43,7.58,8.34,18.35,0,5298,31385,9654,24359,5105,78.67,2,0
11180530,독산2동,0,617183.74,8.34,0.2,63.47,0,1697,10437,5682,3556,1343,4.67,0,0
11180540,독산3동,0,935000.19,12.95,0.0,51.98,0,1840,14330,7423,6229,2320,22.77,0,0
11180550,독산4동,0,591055.03,9.67,8.7,53.17,0,1273,8539,4719,2856,1220,10.86,0,0
11180570,시흥1동,0,1523382.66,13.93,0.15,41.44,0,3415,19055,9650,15999,3850,47.54,1,0
11180580,시흥2동,0,1308902.91,0.0,1.86,25.19,0,3157,10996,6417,2379,823,95.21,0,0
11180590,시흥3동,0,1261411.99,13.63,3.33,21.32,0,1026,5590,3615,8821,3463,11.65,1,0
11180600,시흥4동,0,821722.67,4.24,3.0,45.82,0,2039,10711,6646,1940,905,26.03,0,0
11180610,시흥5동,0,1386994.22,2.23,0.0,31.36,0,1879,9838,6475,3650,1259,25.48,0,0
11190540,여의동,0,8437681.44,7.51,17.75,6.26,0,5270,19159,8921,185171,17285,100.0,12,0
11190550,당산1동,0,745316.88,32.73,6.7,40.14,0,1867,14205,4944,27681,5679,70.62,4,0
11190560,당산2동,0,1581335.82,6.45,10.22,34.95,0,4696,24849,7142,28858,4050,84.1,6,0
11190610,양평1동,0,974928.18,12.67,1.53,26.43,0,2154,12583,3409,24405,2903,78.54,5,0
11190620,양평2동,0,2874643.85,11.06,16.51,11.17,0,2860,15521,4152,22988,3153,63.08,6,0
11190630,신길1동,0,722936.51,9.44,1.99,58.4,0,1594,12561,5167,4321,1342,41.5,7,0
11190650,신길3동,0,520091.89,13.14,0.0,66.75,0,2044,9244,4710,2808,1155,67.08,1,0
11190660,신길4동,0,322606.88,4.45,0.0,77.24,0,1571,7011,3604,1371,545,71.63,1,0
11190670,신길5동,0,494660.84,2.06,7.54,70.71,0,1380,5513,3051,1939,611,53.99,1,0
11190680,신길6동,0,618363.64,6.2,0.0,69.86,0,2026,10840,4856,4565,1465,71.62,4,0
11190690,신길7동,0,647180.43,11.24,11.56,50.6,0,3668,12049,4085,3141,850,91.29,8,0
11190700,대림1동,0,498985.99,7.35,0.0,75.78,0,1441,7767,4523,5072,1257,51.89,3,0
11190710,대림2동,0,572548.83,11.09,0.0,61.75,0,831,7002,3923,4649,1920,38.24,3,0
11190720,대림3동,0,921711.3,13.48,0.0,52.2,0,2129,12431,6999,8768,2685,55.44,4,0
11190730,영등포본동,0,846384.36,2.73,6.6,58.66,1,2251,12350,6191,4961,1571,57.39,3,5
11190740,영등포동,0,1372116.25,38.08,2.82,22.46,1,1911,23525,5121,45833,14591,69.31,6,5
11190750,도림동,0,585894.19,11.32,0.0,60.53,1,1606,11125,4848,3140,1422,39.72,3,5
11190760,문래동,0,1786737.86,18.05,11.13,22.7,1,5831,19534,6749,50398,7117,96.02,7,5
11200520,노량진2동,0,600578.26,21.15,0.0,57.61,0,556,6460,3170,6801,1843,15.46,5,0
11200530,상도1동,0,1482881.14,3.15,0.62,61.59,0,5209,28371,10614,9253,2518,60.42,3,0
11200540,상도2동,0,778668.57,9.86,0.0,78.63,0,4169,16985,6339,5159,1649,75.82,2,0
11200550,상도3동,0,637209.87,6.11,0.0,74.81,0,2285,14928,6717,3441,1368,12.88,3,0
11200560,상도4동,0,939577.66,1.98,0.0,72.27,0,2929,16992,7767,3282,1362,15.94,4,0
11200630,사당1동,0,635182.65,3.36,0.0,75.87,0,1391,15547,5581,10847,2455,11.39,6,0
11200650,사당3동,0,907699.14,3.2,0.0,49.99,0,3300,13717,6678,4734,1304,68.73,4,0
11200660,사당4동,0,436154.87,0.0,0.0,67.91,0,1228,8616,3980,1880,871,23.35,2,0
11200670,사당5동,0,682209.62,0.0,0.0,39.0,0,1743,8829,3577,1930,797,59.49,2,0
11200680,대방동,0,1544928.38,10.28,6.69,42.1,0,5174,22343,8121,12000,2222,61.08,10,0
11200690,신대방1동,0,675291.7,6.88,2.44,57.02,0,3512,13914,5871,4189,1347,71.82,4,0
11200700,신대방2동,0,977393.31,13.63,38.58,32.57,0,3211,13934,4878,17213,1749,62.53,7,0
11200710,흑석동,0,1708333.59,0.0,2.01,53.96,0,4509,18182,7270,10586,1696,83.46,3,0
11200720,노량진1동,0,1613472.12,9.76,3.56,43.75,0,3389,20147,8486,7175,2169,78.08,6,0
11200730,사당2동,0,2763246.32,1.95,1.89,20.14,0,3460,16558,8132,6229,2118,78.39,6,0
11210520,보라매동,0,749893.17,6.64,0.0,64.3,0,2229,15014,6585,7212,1827,22.46,5,0
11210540,청림동,0,297159.82,0.0,0.0,62.31,0,2129,8570,4025,1493,695,82.79,0,0
11210570,행운동,0,718246.43,3.07,0.0,68.28,0,2080,20486,6299,6632,1960,49.39,2,0
11210580,낙성대동,0,2262854.67,2.05,2.46,13.97,0,1294,13159,2825,8617,1832,42.69,2,0
11210610,중앙동,0,384734.5,11.15,0.0,65.24,0,859,10978,3344,5124,1576,28.15,2,0
11210620,인헌동,0,1089095.4,1.33,0.0,40.33,0,2134,17464,5856,4469,1449,18.72,1,0
11210630,남현동,0,3281077.09,1.04,1.5,13.45,0,1420,11976,4291,6669,1453,39.88,3,0
11210640,서원동,0,647542.9,11.55,0.0,61.57,0,1249,16816,4859,8251,1794,18.81,5,0
11210650,신원동,0,544985.89,2.94,0.0,65.32,0,1079,11945,4544,2624,1110,17.11,4,0
11210660,서림동,0,941267.09,3.27,0.0,47.53,0,1538,16476,5335,2893,1233,33.58,3,0
11210680,신사동,0,641041.84,9.63,0.02,63.64,0,1440,15640,5205,4368,1787,6.57,3,0
11210690,신림동,0,541248.63,23.4,3.11,47.84,0,685,19377,2778,5851,2181,30.52,5,0
11210710,난향동,0,821409.89,2.08,0.0,36.14,0,2213,8387,4130,1917,617,78.61,0,0
11210720,조원동,0,666617.47,16.34,2.98,51.13,0,1502,13678,4463,6434,2053,44.74,2,0
11210730,대학동,0,8405319.65,0.36,0.28,5.84,0,1463,18122,4696,16255,2076,49.59,2,0
11210780,은천동,0,776224.67,11.35,0.0,66.33,0,4078,19660,8657,7517,2181,56.91,3,0
11210790,성현동,0,678233.66,0.0,4.99,73.23,0,4165,16281,7821,2976,1180,82.98,1,0
11210800,청룡동,0,1195623.79,12.05,1.9,42.82,0,2502,26674,6607,12886,2594,55.0,6,0
11210810,난곡동,0,972388.64,2.34,0.0,53.34,0,2434,14759,8141,2790,1181,11.66,0,0
11210820,삼성동,0,2604428.79,0.67,0.48,23.69,0,1728,10478,7776,2516,1014,67.27,2,0
11210830,미성동,0,1359451.7,5.38,0.75,43.11,0,3338,17390,8830,5347,1848,41.47,0,0
11220510,서초1동,0,1382707.51,13.68,7.43,41.66,0,2982,12668,4515,38516,5279,67.21,3,0
11220520,서초2동,0,1230944.41,21.6,8.31,33.04,0,4295,15981,4404,76349,8269,92.47,4,0
11220530,서초3동,0,2998620.44,19.52,22.63,20.64,0,4237,20577,7202,93255,11147,63.11,5,0
11220540,서초4동,0,879787.48,21.34,0.63,53.43,0,6586,17588,6110,29297,4180,99.14,7,0
11220550,잠원동,0,1756895.34,3.36,9.21,42.6,0,5122,16422,5268,17138,3235,88.25,7,0
11220560,반포본동,0,972551.61,1.64,12.84,42.58,0,44,137,49,949,229,100.0,4,0
11220570,반포1동,0,992383.8,5.22,0.0,65.66,0,6966,20891,5951,11439,2510,72.77,9,0
11220580,반포2동,0,1396053.87,2.1,9.17,29.16,0,5942,12842,4521,2617,569,100.0,5,0
11220590,반포3동,0,1251728.58,5.5,12.18,33.18,0,5158,13886,4728,7367,1410,99.91,6,0
11220600,반포4동,0,1427164.01,20.13,23.74,35.55,0,3522,10729,4222,28826,4063,61.9,8,0
11220610,방배본동,0,677520.99,7.28,0.09,67.68,0,3931,11863,4620,9270,2240,60.21,3,0
11220620,방배1동,0,689255.66,7.45,14.93,58.18,0,2232,10050,4230,23145,2676,35.19,2,0
11220630,방배2동,0,1904061.32,2.67,4.9,37.44,0,2442,10560,5047,16664,2634,41.25,8,0
11220640,방배3동,0,2375172.0,3.1,1.13,25.63,0,2689,8847,4346,12585,1906,83.33,3,0
11220650,방배4동,0,949542.25,4.88,11.01,62.44,0,3885,13756,5141,13760,3228,47.9,4,0
11220660,양재1동,0,5765451.1,3.9,2.93,11.77,0,7160,24082,10746,49549,5382,74.04,4,0
11220670,양재2동,0,7562389.88,10.96,6.65,4.94,0,2440,14082,4774,51197,7134,12.42,2,0
11220680,내곡동,0,12709085.01,1.52,4.55,4.82,0,2991,9352,4853,10233,1325,87.19,1,0
11230510,신사동,0,2059267.86,6.4,10.34,28.89,0,2347,8997,4098,27934,5847,76.84,4,0
11230520,논현1동,0,1258764.65,11.13,0.0,63.4,0,1369,15495,4176,49670,8020,31.87,8,0
11230530,논현2동,0,1458547.67,24.73,4.74,47.98,0,2080,13911,4416,68183,8291,51.1,7,0
11230580,삼성1동,0,1944660.09,12.41,23.75,20.17,0,1776,7241,3133,71426,7462,70.17,6,0
11230590,삼성2동,0,1242291.61,15.32,21.99,44.08,0,5524,19649,5420,48075,5954,72.92,8,0
11230600,대치1동,0,809835.92,9.69,4.8,47.28,0,6873,13070,3946,7798,1377,99.19,6,0
11230630,대치4동,0,701092.72,31.83,0.0,46.96,0,2807,12811,3020,32608,5484,31.33,3,0
11230640,역삼1동,0,2362171.48,32.99,4.25,40.38,0,2143,26570,5418,171515,19243,29.24,10,0
11230650,역삼2동,0,1135047.65,22.17,1.76,51.58,0,7985,23169,5244,42557,5600,76.7,4,0
11230660,도곡1동,0,1050626.28,9.25,34.53,30.68,0,3805,12242,4519,19183,2286,86.7,3,0
11230670,도곡2동,0,990779.0,8.55,8.44,43.37,0,7205,18218,7226,21716,2793,95.26,5,0
11230680,개포1동,0,1449975.08,1.95,1.03,38.16,0,2228,6320,3338,1116,254,98.72,3,0
11230710,개포4동,0,1665487.9,11.95,7.0,23.99,0,3689,14201,5313,10653,2827,46.27,1,0
11230720,일원본동,0,2354662.64,0.0,6.89,17.25,0,5025,12730,5050,10089,707,94.78,1,0
11230730,일원1동,0,953486.66,5.07,10.1,27.6,0,1575,8215,4768,5804,1234,58.11,1,0
11230740,일원2동,0,1300311.08,1.95,11.64,29.47,0,2624,9388,4820,9337,749,100.0,0,0
11230750,수서동,0,1629429.58,2.08,6.84,15.21,0,1013,6456,6558,17682,1812,99.21,2,0
11230760,세곡동,0,6367874.51,1.18,0.24,6.27,0,8709,26701,10121,9536,2437,92.54,4,0
11230770,압구정동,0,2345094.88,4.5,3.41,41.99,0,4479,14073,7028,38685,5746,90.71,2,0
11230780,청담동,0,2329254.63,10.73,3.42,37.39,0,3864,15262,5503,43007,6336,74.56,4,0
11230790,대치2동,0,1837396.61,15.99,6.36,35.41,0,8923,21347,7965,58795,5599,92.44,7,0
11230800,개포2동,0,2243374.71,1.14,7.31,30.8,0,8770,25034,7880,4240,1294,97.43,8,0
11240510,풍납1동,0,1075311.08,1.26,9.63,30.92,0,1231,6493,4064,2105,724,51.85,3,0
11240520,풍납2동,0,2564595.77,2.26,8.32,18.53,0,3440,14382,5886,16221,1621,74.07,4,0
11240530,거여1동,0,522316.8,4.21,9.18,46.99,0,1339,7002,3686,3457,1081,44.52,2,0
11240540,거여2동,0,509628.67,8.19,0.0,76.87,0,3522,13578,6461,4829,1257,89.14,2,0
11240550,마천1동,0,575267.44,0.0,0.0,60.67,0,2021,9699,6262,2867,1167,44.6,1,0
11240560,마천2동,0,890702.3,4.43,0.0,41.0,0,1633,9590,6361,4307,1411,25.26,1,0
11240570,방이1동,0,609269.2,17.3,6.5,45.36,0,2338,9168,3618,7796,1771,43.14,5,0
11240580,방이2동,0,769853.37,33.64,1.37,47.14,0,2027,18675,5538,22550,4894,16.55,4,0
11240590,오륜동,0,3085137.89,0.72,0.0,11.12,0,3619,9576,4601,5009,780,100.0,7,0
11240600,오금동,0,1648894.59,11.13,1.42,35.57,0,5217,21655,10541,18895,3230,55.63,5,0
11240610,송파1동,0,686936.38,15.78,0.0,67.04,0,2097,15935,5334,13205,2926,14.47,5,0
11240620,송파2동,0,631032.88,3.7,0.0,46.32,0,2983,10881,4684,3904,1186,69.79,7,0
11240630,석촌동,0,946929.69,26.14,6.82,44.93,0,2813,20809,7144,14722,3546,9.21,4,0
11240640,삼전동,0,953353.62,7.39,1.36,54.95,0,2820,19893,6362,10704,2555,3.96,2,0
11240650,가락본동,0,1014754.65,23.75,4.02,31.06,0,2967,15709,6511,27038,4737,58.59,8,0
11240660,가락1동,0,1393250.31,34.0,1.17,29.13,0,5719,15857,5892,12851,3808,100.0,3,0
11240670,가락2동,0,932326.39,9.06,8.54,55.08,0,5255,18817,7139,11767,3166,61.24,5,0
11240680,문정1동,0,612556.07,11.94,0.0,56.59,0,2439,11969,5113,7514,1783,50.47,5,0
11240690,문정2동,0,2242068.76,2.62,1.59,15.04,0,2902,19918,5969,97117,11426,100.0,6,0
11240710,잠실본동,0,1029013.59,20.68,1.56,44.58,0,2449,19326,5975,22363,4282,17.5,3,0
11240750,잠실4동,0,780216.16,0.0,0.03,63.2,0,4931,11834,4444,1645,582,100.0,5,0
11240770,잠실6동,0,1508025.59,7.28,11.84,15.3,0,2947,9127,4432,63129,3034,100.0,7,0
11240780,잠실7동,0,723498.1,0.0,19.26,34.08,0,1435,4931,3053,1213,339,100.0,2,0
11240790,잠실2동,0,2686893.95,0.0,27.73,17.12,0,9111,20260,5533,3929,1188,100.0,2,0
11240800,잠실3동,0,1542667.75,10.69,2.51,36.25,0,6580,18570,8662,8305,1842,100.0,6,0
11240810,장지동,0,1278375.5,14.8,0.0,31.97,0,4332,16948,7221,10313,1654,78.18,4,0
11240820,위례동,0,2640695.0,0.46,0.0,2.64,0,12600,26303,6008,6902,1648,99.37,5,0
11250530,명일1동,0,634952.36,8.42,0.0,73.86,0,4367,14515,6396,7309,2558,81.9,3,0
11250540,명일2동,0,914343.46,7.73,0.0,40.32,0,3313,9526,4197,5589,1474,90.0,3,0
11250550,고덕1동,0,1518519.7,3.33,0.0,31.03,0,6081,13144,4760,2811,999,87.16,2,0
11250560,고덕2동,0,2475353.8,1.38,7.97,17.24,0,4758,13124,4891,5860,1320,82.98,3,0
11250580,암사2동,0,2174364.73,1.62,0.0,10.49,0,2127,8986,3761,3514,1052,78.54,1,0
11250590,암사3동,0,1799397.05,0.93,0.0,17.27,0,3442,9535,4195,2782,1210,85.25,1,0
11250610,천호1동,0,669009.18,4.03,0.0,73.06,0,2646,15157,8168,5465,2066,31.85,3,0
11250630,천호3동,0,561881.09,13.48,0.0,74.4,0,2198,16672,7184,9135,2299,55.65,5,0
11250650,성내1동,0,663685.94,17.99,2.63,49.91,0,2900,11664,4827,19343,2788,49.81,2,0
11250660,성내2동,0,625157.32,1.91,0.0,79.28,0,1878,14862,6765,6560,2361,38.88,5,0
11250670,성내3동,0,647366.91,21.04,0.0,54.69,0,2471,13741,6225,9030,2951,40.58,4,0
11250700,둔촌1동,0,912192.44,4.16,0.0,53.0,0,5,34,13,205,22,0.0,3,0
11250710,둔촌2동,0,1550480.18,3.79,2.7,33.03,0,3369,14256,6672,9432,1830,61.34,3,0
11250720,암사1동,0,735491.49,3.11,0.0,76.52,0,4032,20083,9614,6285,2332,26.89,2,0
11250730,천호2동,0,1850883.41,9.57,0.0,32.19,0,3076,20476,9234,14701,4229,34.94,3,0
11250740,길동,0,1631642.7,13.92,0.3,42.19,0,4622,27129,12924,19527,5177,63.79,3,0
11250750,강일동,0,2272204.27,0.0,0.03,12.15,0,6789,18514,8796,4894,1330,99.77,2,0
11250760,상일1동,0,1804074.54,5.24,0.0,42.41,0,9335,22059,7923,7003,1638,87.88,3,0
11250770,상일2동,0,1116420.44,5.01,0.0,2.36,0,2344,6733,2659,17923,468,98.73,2,0
23010520,연안동,0,5702041.92,0.0,0.82,0.0,0,422,2674,2337,12289,2357,93.83,0,0
23010530,신포동,0,1589150.25,8.43,3.63,6.66,0,510,2401,1750,10357,1858,38.82,4,0
23010540,신흥동,0,3540442.82,12.31,0.36,5.93,0,1901,7967,4242,14790,2369,73.39,1,0
23010560,도원동,0,232955.67,7.25,17.79,48.82,0,289,1730,1650,952,338,10.17,2,0
23010570,율목동,0,183031.1,8.93,14.84,52.8,0,198,1448,1305,856,218,0.0,2,0
23010580,동인천동,0,626315.51,26.57,0.0,35.34,0,375,2634,2373,3822,1395,14.32,4,0
23010630,용유동,0,39144255.64,0.0,0.0,0.0,0,148,1511,1958,2774,982,0.0,4,0
23010640,운서동,0,52833221.33,0.0,0.0,0.0,0,5014,26575,5031,54243,3786,79.07,12,0
23010650,영종동,0,36096066.13,0.0,0.0,0.0,0,3301,14328,5295,4991,1949,56.03,1,0
23010660,영종1동,0,5666940.43,0.0,0.0,0.0,0,13868,32264,6528,7659,3298,99.69,0,0
23010670,개항동,0,2875179.71,0.0,0.0,2.01,0,546,3564,2821,4042,865,24.14,2,0
23020510,만석동,0,1134326.29,0.0,0.0,8.04,0,806,3345,2277,3267,653,59.02,0,0
23020520,화수1·화평동,0,286959.76,1.78,0.0,78.38,0,570,2660,2347,1215,436,33.41,1,0
23020530,화수2동,0,593046.36,0.0,0.0,29.93,0,672,3357,3039,3832,331,69.03,1,0
23020550,송현1·2동,0,333430.46,0.0,0.0,85.87,0,1374,5364,3134,1690,785,89.97,1,0
23020570,송현3동,0,2236368.64,2.98,0.75,8.27,0,200,1391,1302,7186,1663,98.42,0,0
23020580,송림1동,0,196248.51,0.0,0.0,83.2,0,916,4083,1494,794,190,98.8,1,0
23020590,송림2동,0,198269.3,2.34,0.0,77.68,0,84,584,759,1661,305,7.88,0,0
23020600,송림3·5동,0,520068.26,5.37,0.0,50.08,0,755,3035,1830,1711,382,75.15,1,0
23020610,송림4동,0,799912.22,0.57,12.37,21.02,0,1018,3703,1333,7589,3300,92.49,0,0
23020630,송림6동,0,558669.25,7.17,0.0,31.25,0,909,2950,1917,4314,874,69.69,0,0
23020640,금창동,0,289380.6,0.0,0.0,68.69,0,179,999,1096,1583,425,0.0,2,0
23040510,옥련1동,0,2168209.69,9.35,3.25,24.96,0,2574,10126,5146,6831,2451,65.47,0,0
23040520,선학동,0,2436102.63,2.46,0.0,20.19,0,2010,10180,5675,3789,1194,81.11,4,0
23040530,연수1동,0,1638933.05,2.53,0.0,40.54,0,1783,10670,4929,4128,1800,75.39,2,0
23040540,연수2동,0,971087.79,11.71,1.17,32.25,0,2511,11930,5428,10438,2023,94.72,6,0
23040550,연수3동,0,864323.77,2.63,7.77,43.75,0,1720,8391,5049,2718,476,100.0,6,0
23040560,청학동,0,2389609.79,5.84,0.87,27.87,0,2379,13209,7561,7416,2048,54.2,2,0
23040570,동춘1동,0,3822861.77,23.83,2.62,18.75,0,4486,14498,5339,4682,1436,96.35,2,0
23040580,동춘2동,0,1280097.15,3.38,4.03,40.61,0,2728,10462,4201,4624,1222,100.0,2,0
23040590,동춘3동,0,707819.84,0.0,3.06,54.49,0,3767,10229,3924,4628,905,100.0,1,0
23040600,옥련2동,0,1994192.01,0.65,1.09,26.06,0,3093,11102,5042,3571,1262,82.61,0,0
23040640,송도1동,0,5839624.81,0.0,0.0,0.0,0,7937,23486,6420,37096,4312,100.0,4,0
23040650,송도3동,0,22065947.16,0.0,0.0,0.0,0,12085,30874,5599,36076,5890,100.0,2,0
23040660,송도2동,0,3605251.25,0.0,0.0,0.0,0,10730,21702,4244,13970,3932,100.0,4,0
23040680,송도4동,0,6961280.55,0.0,0.0,0.0,0,8915,20589,3509,11017,2640,99.94,4,0
23040690,송도5동,0,6446776.38,0.0,0.0,0.0,0,11724,29426,5034,3943,1601,100.0,1,0
23050510,구월1동,0,1678314.71,9.15,1.09,17.38,0,5327,18571,7313,16141,3742,68.75,2,0
23050520,구월2동,0,814586.2,6.04,0.41,65.88,0,7343,20479,7829,4678,1334,84.83,0,0
23050530,구월3동,0,1838440.44,28.72,9.23,24.94,0,2800,20484,5605,37329,6312,40.23,6,0
23050540,구월4동,0,1042121.75,10.89,0.0,26.1,0,1154,7693,4659,5322,1860,8.65,1,0
23050550,간석1동,0,947035.27,6.56,1.47,53.48,0,1822,9907,5167,6065,1831,61.41,5,0
23050560,간석2동,0,594944.72,12.43,0.0,69.01,0,3142,11821,5835,4747,1554,73.23,0,0
23050570,간석3동,0,1650693.51,4.19,0.63,29.75,0,2946,15152,7793,8331,2644,41.46,4,0
23050580,간석4동,0,1065724.93,16.1,0.0,44.18,0,3551,16823,7845,7474,2245,63.47,4,0
23050590,만수1동,0,756880.16,8.97,0.88,38.26,0,1468,8800,5678,7327,1404,61.57,2,0
23050600,만수2동,0,852403.03,2.61,0.0,54.92,0,3474,13121,6383,3450,1508,79.94,1,0
23050610,만수3동,0,1268216.69,0.14,1.29,22.27,0,2439,9472,4665,2011,907,49.87,0,0
23050620,만수4동,0,968781.18,0.0,0.0,52.97,0,2550,10836,5897,1701,655,91.33,2,0
23050630,만수5동,0,544223.95,10.67,0.0,65.88,0,1311,8009,5261,4056,1539,23.97,2,0
23050640,만수6동,0,1722080.55,4.86,3.06,25.22,0,2829,12652,7214,8863,2032,89.02,2,0
23050670,남촌도림동,0,9849260.79,0.34,0.75,6.26,0,2507,11372,6191,19596,3241,48.94,3,0
23050720,논현1동,0,3817406.29,1.35,0.0,9.03,0,5529,18305,6988,7435,2762,92.45,2,0
23050730,논현2동,0,3264669.77,0.71,3.12,17.98,0,4638,18931,7844,22643,4264,96.69,6,0
23050740,논현고잔동,0,10981448.56,0.74,0.43,2.46,0,8876,24104,7008,66665,9579,94.28,8,0
23050750,장수서창동,0,11435113.25,0.26,3.8,8.12,0,3203,10336,5439,5349,1468,63.21,3,0
23050760,서창2동,0,2513830.01,0.0,0.0,1.3,0,8820,21759,7445,7149,2060,98.72,0,0
23060510,부평1동,0,1096717.86,12.36,0.0,50.32,0,4134,21882,9025,15012,4446,83.03,6,0
23060520,부평2동,0,2342372.04,1.16,1.4,18.28,0,1724,8603,4318,1868,767,15.84,5,0
23060530,부평3동,0,975771.57,1.92,1.51,42.4,0,1788,8670,4521,3537,1184,43.61,3,0
23060540,부평4동,0,1053722.45,18.85,0.0,51.46,0,3990,21971,8555,20261,4458,45.2,6,0
23060550,부평5동,0,809166.4,16.81,0.0,55.51,0,4843,21592,7091,12255,3770,55.38,3,0
23060560,부평6동,0,706141.51,0.82,0.0,60.85,0,1755,8765,4192,5430,1221,51.52,3,0
23060570,산곡1동,0,2298105.96,0.01,0.0,25.6,0,2276,8938,3577,2216,606,91.99,1,0
23060580,산곡2동,0,813645.53,1.04,0.0,52.2,0,5401,16917,7286,4413,1469,91.43,1,0
23060590,산곡3동,0,1639545.0,0.63,0.0,36.43,0,2540,10829,7217,2573,1062,73.66,1,0
23060600,산곡4동,0,691874.52,6.66,0.0,39.49,0,2422,9573,4650,2354,948,94.12,0,0
23060610,청천1동,0,2087001.79,5.67,0.0,27.9,0,2993,10829,3333,6127,1567,57.19,1,0
23060620,청천2동,0,2819957.74,3.26,0.0,20.23,0,4869,19889,8695,33854,4465,73.01,4,0
23060630,갈산1동,0,1101058.95,0.8,0.0,41.39,0,1660,9333,4397,9002,2414,40.73,3,0
23060640,갈산2동,0,674153.88,5.22,2.51,49.59,0,2071,9722,5843,2813,1185,96.03,4,0
23060650,삼산1동,0,1969354.13,6.34,0.0,31.5,0,4960,19194,8522,5536,2041,85.75,0,0
23060660,부개1동,0,928527.18,0.0,0.0,52.41,0,1648,8627,5573,3771,1321,35.01,1,0
23060670,부개2동,0,722726.45,1.59,0.0,53.81,0,2775,11326,5010,3402,1250,67.12,1,0
23060680,부개3동,0,870382.5,0.0,0.0,66.66,0,3884,17465,7265,4417,1682,91.69,2,0
23060690,일신동,0,4330297.02,2.62,2.23,10.58,0,1647,6458,3634,6281,1313,59.99,2,0
23060700,십정1동,0,1741062.94,13.04,0.0,29.27,0,3340,15366,5840,6628,1539,78.26,3,0
23060710,십정2동,0,1090707.91,5.92,0.42,57.61,0,2059,11968,7201,5855,2275,31.46,5,0
23060720,삼산2동,0,1352571.68,0.0,0.0,4.28,0,5434,16572,5691,10976,2530,98.61,2,0
23070510,효성1동,0,2082824.02,0.57,0.0,43.89,0,3565,15463,7595,4903,1557,71.03,1,0
23070520,효성2동,0,2910609.15,3.23,1.85,15.72,0,3633,15680,8014,7523,1966,66.87,1,0
23070530,계산1동,0,1457427.38,13.07,3.61,24.32,0,1565,10530,5829,8566,2692,36.83,2,0
23070540,계산2동,0,1584017.19,4.74,8.36,21.49,0,1210,8551,4947,5361,1334,46.62,2,0
23070550,계산3동,0,522309.07,9.5,0.0,59.42,0,1851,11158,4984,8130,998,90.17,3,0
23070560,작전1동,0,832020.0,18.8,0.0,40.65,0,3572,15663,6873,4671,1611,84.6,1,0
23070570,작전2동,0,968009.87,23.66,0.0,41.64,0,1876,10599,5836,7843,2094,68.79,2,0
23070580,작전서운동,0,3278707.23,8.11,0.74,13.77,0,5258,20863,7098,17010,3092,81.28,0,0
23070610,계양2동,0,4159040.58,2.91,0.8,14.31,0,3515,19351,9306,6386,2350,54.28,3,0
23070620,계산4동,0,850882.36,12.39,8.0,28.61,0,3465,14066,4972,17698,4207,98.45,1,0
23070630,계양1동,0,17071926.7,0.07,0.45,5.77,0,2475,11169,5726,4482,1351,54.94,3,0
23070640,계양3동,0,9818259.34,0.0,2.46,7.49,0,4633,14095,5280,4523,1606,49.86,4,0
23080510,검암경서동,0,15005648.17,0.89,0.43,2.81,0,9826,35429,8859,20557,4855,58.11,5,0
23080530,연희동,0,9453836.13,3.91,7.34,5.44,0,4365,23056,10387,19078,3946,43.0,0,0
23080540,가정1동,0,2436494.26,6.69,0.0,19.91,0,8565,25205,7456,8056,2774,82.55,0,0
23080550,가정2동,0,1283015.46,3.12,0.1,23.7,0,3140,11099,2671,944,372,99.91,2,0
23080560,가정3동,0,589346.24,0.0,4.37,31.9,0,894,5363,2565,777,304,30.75,1,0
23080580,석남1동,0,1147173.39,12.75,0.0,40.15,0,2169,11980,6544,5201,2015,44.9,3,0
23080590,석남2동,0,2723776.28,16.05,0.0,15.67,0,1238,6677,4154,14365,3433,44.04,3,0
23080600,석남3동,0,1450847.43,0.4,0.0,21.79,0,1321,7336,3985,1596,644,33.91,4,0
23080620,가좌1동,0,4345305.47,1.8,0.39,5.85,0,1310,7608,3649,25358,4349,23.98,2,0
23080630,가좌2동,0,724432.27,5.82,0.0,45.68,0,2603,10617,5325,2778,1055,88.25,2,0
23080640,가좌3동,0,1941645.91,5.53,0.71,18.02,0,1534,8690,5353,13756,2194,53.42,4,0
23080650,가좌4동,0,1900243.97,7.92,0.64,18.47,0,1547,6833,3473,6817,1212,79.47,1,0
23080730,신현원창동,0,10084374.51,0.19,0.08,6.29,0,4814,17224,7700,19682,3809,65.54,2,0
23080740,청라1동,0,2470167.51,0.0,0.12,0.12,0,7372,19431,3505,13310,3836,96.7,0,0
23080780,청라2동,0,4922596.98,0.04,0.0,0.0,0,11924,29224,6390,8636,3277,96.74,0,0
23080790,청라3동,0,13202934.97,0.0,0.0,0.0,0,9088,22384,3916,9978,2255,83.05,1,0
23080800,검단동,0,8029081.32,2.02,0.0,6.83,0,5288,20169,6976,8992,2886,74.61,2,0
23080810,불로대곡동,0,10786442.49,0.15,0.14,5.09,0,4077,13987,5149,4268,1578,89.08,0,0
23080840,오류왕길동,0,30022641.71,0.36,0.19,2.51,0,4291,14342,5632,33111,5699,81.69,5,0
23080850,당하동,0,2339405.81,2.95,0.0,7.52,0,5283,18037,5361,5570,1499,76.91,3,0
23080860,마전동,0,1213302.17,8.28,0.0,19.28,0,4307,13213,4140,4629,1545,85.19,2,0
23080870,원당동,0,2619018.12,0.0,0.83,6.91,0,4683,14214,3859,4904,1744,80.34,0,0
23080880,아라동,0,3962497.88,0.0,0.0,8.1,0,18118,41419,6015,6574,2295,99.95,1,0
23090520,숭의2동,0,531845.98,6.53,2.52,61.78,0,1746,7804,4250,6864,1747,30.57,1,0
23090540,숭의4동,0,793241.04,0.2,0.0,67.16,0,1977,8363,4695,2025,870,17.61,1,0
23090560,용현2동,0,665530.79,5.89,0.0,68.41,0,2971,11472,5061,3339,1311,85.07,2,0
23090570,용현3동,0,431861.75,6.71,0.0,71.1,0,523,3744,2886,2080,852,7.98,1,0
23090590,용현5동,0,1959270.15,1.65,0.0,34.19,0,7909,27283,10706,8584,3075,78.64,2,0
23090600,학익1동,0,5113685.63,1.51,1.45,13.37,0,4908,16793,7694,8761,2116,86.67,1,0
23090610,학익2동,0,836601.32,3.49,14.32,56.15,0,2271,9835,5714,7511,1642,74.35,0,0
23090620,도화1동,0,1003874.58,11.53,0.0,59.44,0,2699,12361,6051,4951,1640,45.75,5,0
23090650,주안1동,0,647972.02,26.83,0.0,52.56,0,1855,13944,4057,11401,2970,61.69,4,0
23090660,주안2동,0,1009098.99,4.44,0.0,70.35,0,2795,12547,6527,3324,1288,38.5,1,0
23090670,주안3동,0,459499.22,5.45,1.49,73.06,0,1650,7124,3457,2391,625,45.92,0,0
23090680,주안4동,0,981119.41,4.6,1.31,69.1,0,2291,9879,5532,5832,1525,50.93,2,0
23090690,주안5동,0,1164464.91,5.12,1.26,42.17,0,2062,11800,5957,10355,2186,54.71,5,0
23090700,주안6동,0,658912.17,23.84,2.73,47.07,0,3150,12261,5619,8499,2192,63.6,4,0
23090710,주안7동,0,484014.01,5.06,0.0,73.31,0,1135,6024,4449,2939,1275,42.82,0,0
23090720,주안8동,0,776966.42,8.85,0.0,58.11,0,2432,10917,6123,4815,1315,60.52,0,0
23090730,관교동,0,899767.2,9.4,0.01,40.1,0,1867,7785,4670,5471,1443,82.04,2,0
23090740,문학동,0,1713864.7,1.19,16.83,32.53,0,1740,9054,3274,3239,1008,5.85,2,0
23090750,숭의1·3동,0,717130.91,24.78,10.23,41.18,0,2130,9689,3914,7742,3196,70.04,3,0
23090760,용현1·4동,0,1259509.97,0.81,2.96,50.45,0,1380,10307,5566,7329,1681,8.55,1,0
23090770,도화2·3동,0,2875410.76,2.99,0.09,24.25,0,5204,18277,7835,17181,3298,60.41,2,0
23310110,강화읍,0,25018609.54,0.0,0.0,0.0,0,3342,10644,8313,10028,2922,12.89,0,0
23310310,선원면,0,21417078.74,0.0,0.0,0.0,0,1070,3586,3275,2441,824,41.53,0,0
23310320,불은면,0,31632031.28,0.0,0.0,0.0,0,371,1768,2928,2398,545,0.0,0,0
23310330,길상면,0,35389541.24,0.0,0.0,0.0,0,656,2937,3639,3052,1248,2.45,0,0
23310340,화도면,0,42431956.99,0.0,0.0,0.0,0,320,1614,2618,1699,826,0.0,0,0
23310350,양도면,0,35640101.54,0.0,0.0,0.0,0,320,1453,2442,1064,389,0.0,0,0
23310360,내가면,0,29883953.74,0.0,0.0,0.0,0,184,995,1850,956,407,0.0,0,0
23310370,하점면,0,36393361.27,0.0,0.0,0.0,0,237,1310,2462,915,342,0.73,0,0
23310380,양사면,0,27303213.38,0.0,0.0,0.0,0,141,583,1189,426,171,0.0,0,0
23310390,송해면,0,22309485.59,0.0,0.0,0.0,0,267,1141,1844,697,267,0.0,0,0
23310400,교동면,0,47056587.79,0.0,0.0,0.0,0,141,869,1745,697,292,0.0,0,0
23310410,삼산면,0,45623778.95,0.0,0.0,0.0,0,111,677,1312,840,406,0.0,0,0
23310420,서도면,0,13141759.75,0.0,0.0,0.0,0,24,112,242,118,47,0.0,0,0
23320310,북도면,0,19231663.53,0.0,0.0,0.0,0,71,412,679,625,276,0.0,0,0
23320320,연평면,0,7294644.65,0.0,0.0,0.0,0,177,1279,629,475,176,20.18,0,0
23320330,백령면,0,51369920.2,0.0,0.0,0.0,0,516,2706,1653,1396,517,10.06,0,0
23320340,대청면,0,15844398.63,0.0,0.0,0.0,0,85,589,527,407,141,0.0,0,0
23320350,덕적면,0,41528404.03,0.0,0.0,0.0,0,134,659,1147,553,191,0.0,0,0
23320360,자월면,0,20195000.04,0.0,0.0,0.0,0,30,358,590,387,211,0.0,0,0
23320370,영흥면,0,29865381.98,0.0,0.0,0.0,0,631,3087,2858,3805,1101,3.03,0,0
31011540,파장동,0,8644987.94,1.74,5.94,9.55,0,3303,14757,6798,12695,2275,55.54,0,0
31011550,율천동,0,2999227.06,0.49,0.73,25.64,0,5788,27153,7451,11720,2832,69.38,1,0
31011560,정자1동,0,1147886.74,3.5,0.03,43.08,0,4825,16609,6127,4087,1372,93.35,0,0
31011570,정자2동,0,1216123.24,9.9,23.01,44.11,0,6874,23020,7831,9611,2525,75.1,1,0
31011580,영화동,0,1282446.03,18.9,6.31,40.67,0,1615,10376,6633,8050,2651,14.3,0,0
31011590,송죽동,0,1676416.56,8.5,2.04,21.94,0,2389,11137,4980,8761,2562,41.03,0,0
31011600,조원1동,0,1635550.71,5.61,16.67,36.07,0,3776,16862,7944,5877,1913,49.53,0,0
31011610,연무동,0,11575515.7,0.81,0.77,5.31,0,1662,9933,5654,6925,1389,36.19,0,0
31011620,정자3동,0,1908798.4,0.62,7.56,33.83,0,8369,25119,6153,10069,2454,97.79,1,0
31011630,조원2동,0,1256580.68,5.07,3.63,20.73,0,2781,10230,4700,3613,894,99.56,0,0
31012520,세류1동,0,786932.52,0.0,0.0,41.59,1,1238,5973,2475,1990,642,69.11,3,5
31012530,세류2동,0,4155323.63,0.83,0.09,21.42,0,2285,14187,6424,5728,1998,18.77,1,0
31012540,세류3동,0,876849.49,4.82,0.0,70.13,0,1902,10549,5351,5303,1987,26.46,1,0
31012550,평동,0,10865513.36,2.44,10.68,11.91,1,6131,24853,9978,40776,5560,78.73,4,5
31012560,서둔동,0,5445639.82,0.67,23.39,16.98,1,4594,23322,9698,12768,3656,32.97,3,5
31012570,구운동,0,1942479.62,0.26,0.0,26.48,0,2708,14048,6394,6290,1978,63.79,0,0
31012600,권선1동,0,1220184.58,25.2,0.0,43.03,0,2290,16749,5138,14568,3339,49.29,3,0
31012610,곡선동,0,3598806.36,0.0,0.3,5.1,0,4967,24871,5211,9459,3028,86.72,1,0
31012620,입북동,0,6952434.82,0.0,5.22,7.67,0,3441,12470,3737,2641,1102,93.24,0,0
31012640,권선2동,0,2459441.9,2.87,0.5,20.87,0,9276,28768,8461,7667,2292,97.45,2,0
31012650,금곡동,0,4098966.06,0.0,1.53,10.08,0,8585,26795,8647,9852,3107,96.39,0,0
31012660,호매실동,0,4751722.35,0.0,0.02,6.05,0,10417,26791,7443,8028,2921,92.66,0,0
31013530,지동,0,793302.54,3.65,6.12,73.19,0,800,5217,3824,5181,1014,13.76,0,0
31013540,우만1동,0,1305428.0,4.64,32.14,35.06,0,1662,11456,5620,5754,1746,43.79,0,0
31013550,우만2동,0,806999.14,11.37,33.13,28.35,0,2400,10986,3416,4981,1168,87.0,0,0
31013560,인계동,0,2921788.54,24.86,9.71,29.04,0,5719,31613,8276,47946,9130,71.39,2,0
31013670,매교동,0,723616.73,13.0,0.91,57.53,0,4121,13911,3422,3702,1292,84.11,1,0
31013680,매산동,0,832111.27,22.29,7.17,33.13,1,777,6129,2972,11681,3091,45.54,2,5
31013690,고등동,0,1014081.57,2.07,0.59,66.88,1,2968,12266,4669,2968,1260,65.4,2,5
31013700,화서1동,0,955014.87,9.86,3.64,61.52,0,2943,12087,6184,4875,1915,41.75,0,0
31013710,화서2동,0,1954307.25,2.25,7.64,23.36,0,3861,15143,5338,5476,1367,94.23,1,0
31013720,행궁동,0,1562074.03,22.63,0.75,33.93,0,565,5274,3594,8073,3009,1.49,0,0
31014510,매탄1동,0,601331.98,3.75,0.0,75.42,0,1829,7355,2520,1827,771,73.29,0,0
31014520,매탄2동,0,608340.8,10.3,1.79,50.24,0,1905,8553,3472,4052,1136,62.91,0,0
31014530,매탄3동,0,3184842.52,0.66,0.0,11.4,0,5950,23103,5459,45811,2546,89.87,2,0
31014540,매탄4동,0,745572.01,0.24,0.0,52.64,0,2622,13116,4555,2401,1113,89.29,0,0
31014600,원천동,0,3238978.58,3.2,4.58,15.92,0,9262,29818,6367,24527,4348,90.39,1,0
31014620,광교1동,0,7972362.98,0.05,1.84,3.25,0,11212,35845,6015,32061,5300,87.6,2,0
31014630,광교2동,0,4145245.92,0.0,1.68,2.68,0,5848,17790,5074,13110,3411,98.42,2,0
31014640,영통1동,0,1688727.53,2.39,3.14,32.16,0,6636,21431,5128,3750,1331,98.78,1,0
31014650,영통2동,0,1369352.44,3.78,0.28,25.1,0,3767,19084,2542,16848,3206,95.53,3,0
31014660,영통3동,0,1699302.91,14.37,4.24,32.32,0,5712,21478,4434,16347,4225,94.42,2,0
31014670,망포1동,0,1027429.72,0.05,0.0,34.97,0,7042,20244,4398,3837,1370,93.61,1,0
31014680,망포2동,0,1420101.38,1.23,6.34,2.59,0,9202,21052,3208,4411,1376,96.39,1,0
31021510,신흥1동,0,322852.53,24.03,0.0,62.8,0,958,7502,4205,4156,1366,8.04,2,0
31021520,신흥2동,0,1141191.37,9.94,7.54,38.09,0,4822,17673,6400,3537,1233,95.33,3,0
31021530,신흥3동,0,321414.37,33.59,0.0,50.56,0,846,6536,3445,4380,1487,8.53,3,0
31021540,태평1동,0,1342137.62,4.09,1.78,20.37,0,1017,8722,4637,4917,1654,17.19,2,0
31021550,태평2동,0,482637.62,5.91,9.77,60.9,0,1405,8674,4351,4028,1088,16.38,0,0
31021560,태평3동,0,371412.97,7.05,0.0,64.21,0,1168,7212,4062,2617,1165,17.87,2,0
31021570,태평4동,0,404584.23,6.58,4.72,57.79,0,1319,7075,3514,2193,731,25.36,0,0
31021580,수진1동,0,333426.38,12.08,0.0,73.11,0,764,6513,4287,2831,1400,3.1,4,0
31021590,수진2동,0,924607.7,13.85,0.0,20.55,0,1449,8456,5110,5155,1390,46.13,3,0
31021600,단대동,0,803119.52,6.87,5.69,30.97,0,1897,8442,4235,3604,1008,57.08,3,0
31021610,산성동,0,584996.76,5.53,7.67,36.92,0,599,2653,1471,971,301,0.0,2,0
31021620,양지동,0,1260366.86,3.85,3.53,11.12,0,1139,5374,2818,1976,588,21.13,1,0
31021640,신촌동,0,4983271.31,0.0,0.0,6.88,0,879,2864,832,1239,300,61.48,0,0
31021650,고등동,0,12322533.77,0.0,0.0,3.55,0,2111,7466,2299,5291,1340,88.68,0,0
31021660,시흥동,0,12949411.37,0.11,3.93,2.95,0,263,2228,906,16814,1438,21.84,0,0
31021670,복정동,0,3559313.69,1.18,0.92,4.22,0,936,7589,1832,9923,1484,0.0,5,0
31021680,위례동,0,3166325.65,0.0,0.61,7.31,0,9186,26773,9028,17883,4511,95.74,4,0
31022510,성남동,0,2000825.67,16.89,5.91,19.45,0,2856,20378,9196,14022,4578,41.06,4,0
31022530,금광1동,0,606187.92,7.91,1.79,53.39,0,3348,12311,3908,2528,893,90.22,1,0
31022540,금광2동,0,1094812.06,5.47,1.01,37.42,0,2811,14776,7104,5112,2030,41.36,2,0
31022550,은행1동,0,273136.46,0.0,0.0,46.49,0,1274,5893,2509,707,331,33.4,1,0
31022560,은행2동,0,2407367.88,0.88,1.41,17.52,0,2383,12916,6876,2649,1284,27.17,1,0
31022570,상대원1동,0,6791300.5,1.08,0.29,7.05,0,2737,14443,7156,46392,6318,54.1,0,0
31022580,상대원2동,0,514232.54,8.37,0.0,48.75,0,316,1819,1034,4436,852,9.99,0,0
31022590,상대원3동,0,305902.58,8.65,0.0,73.66,0,1071,6654,4033,1828,1010,1.58,0,0
31022600,하대원동,0,2339445.8,6.89,0.61,11.57,0,2587,11299,5707,5958,1802,65.09,2,0
31022610,도촌동,0,9399368.92,0.3,0.6,2.56,0,4956,15474,6098,9026,2051,93.03,0,0
31022620,중앙동,0,679222.17,17.38,0.0,44.74,0,2573,10037,4315,1729,932,74.48,3,0
31023510,분당동,0,3386618.59,1.25,1.36,19.38,0,4293,14913,5682,3475,893,70.02,0,0
31023520,수내3동,0,1049864.37,1.52,1.52,24.42,0,3118,8204,2114,2333,734,87.85,0,0
31023530,수내1동,0,1022529.66,12.95,7.13,25.35,0,3311,11123,3404,23859,3498,100.0,2,0
31023540,수내2동,0,823351.32,1.12,4.87,23.2,0,2982,5750,1623,1889,695,100.0,2,0
31023550,정자2동,0,502331.51,0.0,0.0,70.22,0,1907,8973,3734,1381,537,100.0,0,0
31023560,정자3동,0,1970271.79,3.39,5.48,15.38,0,3295,10260,3342,7681,670,93.45,0,0
31023580,서현1동,0,7490739.68,4.72,1.96,7.51,0,6061,19059,5901,37303,5423,90.68,1,0
31023590,서현2동,0,780679.23,6.38,0.0,49.53,0,3268,10708,3783,3221,1190,89.11,0,0
31023600,이매1동,0,2885199.91,3.77,0.88,16.41,0,4818,14769,5258,5363,1299,88.45,3,0
31023610,이매2동,0,636016.57,0.0,0.0,49.86,0,2549,7368,3229,2299,740,100.0,2,0
31023620,야탑1동,0,1152104.97,10.13,16.85,28.58,0,2286,10132,4390,25254,3727,96.27,1,0
31023630,야탑3동,0,5108682.39,2.0,1.1,13.05,0,3487,16195,7156,13664,2619,68.13,3,0
31023640,야탑2동,0,623246.83,2.99,0.0,58.5,0,2697,8709,4468,8635,891,97.72,1,0
31023670,구미동,0,3758023.76,5.51,2.72,20.84,0,4070,16732,7871,23169,2632,86.16,2,0
31023680,운중동,0,17585271.72,1.16,0.87,1.71,0,7517,20947,6092,8594,2206,79.48,0,0
31023710,금곡동,0,5763143.06,1.19,0.18,8.92,0,3797,16026,7260,14262,2668,85.23,4,0
31023720,구미1동,0,3546946.85,1.08,0.0,14.55,0,2480,10294,3721,10208,2271,75.48,4,0
31023740,삼평동,1,2796727.21,0.78,0.55,4.68,0,5053,14477,4409,96004,4677,100.0,2,2
31023750,판교동,0,4576521.94,2.39,2.53,5.19,0,6499,15721,4292,6261,1474,81.81,0,0
31023760,백현동,1,1932769.41,0.0,0.0,4.97,0,5002,16272,5574,26195,2420,97.02,2,2
31023770,정자1동,0,1456921.56,3.47,0.32,4.7,0,5048,19526,5674,34858,4184,100.0,3,0
31023780,정자동,0,974622.46,15.35,0.0,35.34,0,2171,8988,3125,4832,1646,76.93,3,0
31030520,의정부2동,0,2320381.05,8.41,2.0,29.06,0,3171,18630,7773,20008,4664,41.04,8,0
31030550,호원1동,0,6227405.2,1.15,0.42,12.54,0,4352,19051,11080,7528,2065,67.67,7,0
31030560,장암동,0,8963288.56,1.12,0.0,6.05,0,2920,10239,5848,3460,932,98.14,7,0
31030570,신곡1동,0,2957597.22,2.52,0.65,29.05,0,5135,22868,11416,5211,1932,85.23,3,0
31030580,신곡2동,0,2436233.75,0.63,0.55,22.74,0,7161,26244,11996,10920,3679,92.8,6,0
31030590,송산1동,0,16096788.51,0.06,0.16,7.63,0,10706,35009,11578,15262,3703,91.04,0,0
31030600,자금동,0,11853900.16,0.77,1.4,6.69,0,3601,14913,7288,13391,2350,69.58,7,0
31030640,녹양동,0,3827297.28,0.42,6.92,15.7,0,2884,11393,5875,5173,1411,78.86,1,0
31030650,호원2동,0,4496387.8,0.83,0.0,12.51,0,4742,18372,9906,6004,1995,85.69,4,0
31030670,흥선동,0,6633189.78,0.03,0.0,10.84,0,2610,11038,5720,5153,1406,38.2,5,0
31030680,가능동,0,3310318.11,1.77,8.72,21.92,0,2956,13883,7421,6449,2125,37.57,3,0
31030690,의정부1동,0,1944041.14,13.77,2.26,47.26,0,3973,25474,9519,19314,6524,68.81,11,0
31030700,송산2동,0,1449692.05,2.6,0.91,40.37,0,5804,19339,6869,5786,1941,95.22,3,0
31030710,송산3동,0,9306172.38,0.0,0.0,2.43,0,10624,27092,7740,12952,3703,98.13,2,0
31041510,안양1동,0,606692.36,31.53,0.0,25.69,0,1636,7319,2928,7022,2230,95.5,1,2
31041520,안양2동,0,1709180.92,8.67,3.96,26.91,0,2717,13779,6487,6827,2038,56.51,1,2
31041530,안양3동,0,728205.6,3.32,0.0,43.89,0,1716,8886,5085,4954,1346,37.91,1,2
31041540,안양4동,0,310155.68,24.89,0.0,44.96,0,603,3855,2280,5280,1708,57.3,1,2
31041550,안양5동,0,644161.87,6.18,0.0,52.16,0,1049,5563,3400,4870,978,43.99,0,0
31041560,안양6동,0,1440984.12,10.59,7.58,20.47,0,3396,16803,6358,10395,2729,64.3,1,0
31041570,안양7동,0,1054269.24,10.66,0.0,23.58,0,2741,9157,3108,20688,3650,94.4,1,0
31041580,안양8동,0,1169433.17,2.08,4.15,23.71,0,757,4764,2818,4543,872,14.57,1,0
31041590,안양9동,0,6529738.06,0.03,0.0,6.4,0,1812,8987,5725,2086,794,59.62,0,0
31041600,석수1동,0,10369360.64,0.57,0.35,4.9,0,2498,10695,5671,6013,1279,76.71,2,0
31041610,석수2동,0,3313257.13,2.4,0.99,18.38,2,3888,17515,8694,9633,2044,62.37,3,0
31041620,석수3동,0,788986.56,1.3,9.04,33.35,0,1755,7161,3619,1674,678,39.08,0,0
31041630,박달1동,0,451171.36,7.21,4.97,64.56,0,1401,7980,4799,3309,1397,41.68,0,0
31041640,박달2동,0,7427220.98,0.39,0.66,5.4,2,3885,12457,4917,5879,1206,85.06,1,0
31042510,비산1동,0,2098510.5,1.28,0.87,20.25,0,5081,17303,6416,3276,995,99.39,1,2
31042520,비산2동,0,476894.19,6.52,0.0,47.45,0,2537,8663,3347,2489,700,98.78,0,0
31042530,비산3동,0,5335692.5,1.32,3.03,8.37,0,1279,6515,3644,5538,1284,54.28,0,0
31042540,부흥동,0,483614.38,0.87,12.64,52.32,0,3146,9469,3902,5364,1354,100.0,1,0
31042550,달안동,0,433768.11,5.12,18.41,38.24,0,1023,6440,2489,5628,1062,100.0,1,0
31042560,관양1동,0,3239770.22,1.75,0.03,18.49,0,3800,19767,10249,10085,3095,47.99,0,0
31042570,관양2동,0,1660688.25,4.28,1.05,19.26,0,2295,11479,4601,57742,8060,61.69,0,0
31042580,부림동,0,947724.6,4.74,18.5,29.16,0,3842,17213,4792,16927,3615,100.0,2,0
31042590,평촌동,0,533385.6,0.0,0.86,49.12,0,2562,8541,2944,11654,1833,95.29,0,0
31042600,평안동,0,831387.37,0.0,17.82,41.6,0,5568,13808,3569,4418,831,100.0,2,0
31042610,귀인동,0,715438.98,13.59,1.53,47.53,0,4485,9244,2499,5106,1600,94.63,0,0
31042620,호계1동,0,1006107.86,0.0,0.0,40.63,0,4812,13347,3091,22980,5301,96.84,2,0
31042630,호계2동,0,1661540.89,6.56,0.27,21.85,0,2590,11432,4825,9983,2051,88.87,4,0
31042640,호계3동,0,849850.45,1.72,0.0,47.98,0,3626,13958,5576,5220,1499,93.38,0,0
31042650,범계동,0,572755.32,10.37,5.32,47.6,0,3110,9254,2962,12289,2649,100.0,1,0
31042660,신촌동,0,400300.32,4.37,0.0,60.84,0,2241,7276,2869,3139,988,96.42,0,0
31042670,갈산동,0,729835.25,0.0,9.62,41.67,0,2032,5830,2653,1846,679,89.7,0,0
31050870,심곡동,0,17155775.75,2.45,1.74,15.94,0,5750,36110,17333,24149,7173,26.0,0,0
31050880,부천동,0,17155775.75,2.45,1.74,15.94,0,10676,49845,24479,60159,13002,37.91,0,0
31050890,중동,0,17155775.75,2.45,1.74,15.94,0,5622,23311,10989,20977,4502,58.76,0,0
31050900,신중동,0,17155775.75,2.45,1.74,15.94,0,18824,78534,30332,53817,12687,93.21,0,0
31050910,상동,0,17155775.75,2.45,1.74,15.94,0,15384,50940,16167,31197,8652,96.4,0,0
31050920,대산동,0,17155775.75,2.45,1.74,15.94,0,9196,44098,23073,19428,6492,52.59,0,0
31050930,소사본동,0,17155775.75,2.45,1.74,15.94,0,6834,30212,16684,11862,3844,58.92,0,0
31050940,범안동,0,17155775.75,2.45,1.74,15.94,0,19019,58049,22895,20049,7127,81.15,0,0
31050950,성곡동,0,17155775.75,2.45,1.74,15.94,0,9012,45499,23047,14144,5163,34.35,0,0
31050960,오정동,0,17155775.75,2.45,1.74,15.94,0,9564,46762,21728,52553,12390,39.38,0,0
31060510,광명1동,0,308585.62,2.54,0.0,70.56,0,4,32,14,56,30,66.19,0,0
31060520,광명2동,0,258223.36,4.83,0.0,74.1,0,242,1542,1137,777,291,3.85,1,0
31060530,광명3동,0,319192.97,2.53,0.0,69.35,0,850,5155,3723,3680,1448,0.0,1,0
31060540,광명4동,0,289068.66,0.0,0.0,82.9,0,790,4044,2858,2231,843,61.57,1,0
31060550,광명5동,0,394641.84,0.0,0.0,69.97,0,1632,6684,3687,1942,667,37.9,1,0
31060560,광명6동,0,2436247.68,0.71,0.0,19.97,0,2496,7840,3408,4771,1265,73.24,0,0
31060570,광명7동,0,2321173.46,0.52,0.0,18.24,0,3456,12990,5603,3750,1177,68.44,1,0
31060580,철산1동,0,568373.17,2.27,0.1,31.87,0,1932,6426,2174,2139,457,99.68,1,0
31060590,철산2동,0,616783.92,0.0,0.0,65.99,0,452,3097,1828,1820,556,2.19,1,0
31060600,철산3동,0,1332741.69,6.21,6.26,46.87,0,7584,21509,7679,14209,2295,99.29,1,0
31060610,철산4동,0,334981.53,0.0,0.0,64.51,0,1612,5960,1817,743,386,99.51,1,0
31060620,하안1동,0,3904565.93,1.69,4.3,17.03,0,4855,14586,5877,7667,1702,92.92,0,0
31060630,하안2동,0,441554.91,6.28,0.0,55.27,0,1557,8149,3496,2065,669,100.0,0,0
31060640,하안3동,0,576420.07,7.69,0.0,60.52,0,2637,11039,5413,4943,1533,100.0,1,0
31060650,하안4동,0,430821.96,0.0,2.71,44.58,0,1889,7530,2416,1250,456,100.0,1,0
31060660,소하1동,0,3754836.94,0.37,0.0,9.64,0,6261,17372,6578,23983,3052,94.4,2,0
31060680,학온동,0,12912992.76,0.66,0.0,4.89,0,126,851,927,6326,1744,0.0,0,0
31060690,소하2동,0,3899319.9,2.01,0.4,11.44,0,3959,15055,7623,4432,1414,61.21,0,0
31060700,일직동,0,3449914.18,0.0,0.29,4.58,2,4470,14781,2493,20617,3835,97.23,1,0
31070110,팽성읍,0,56841957.48,0.31,0.35,5.93,0,3277,15314,9749,11356,2857,33.65,0,0
31070120,안중읍,0,28552059.0,1.06,0.52,6.37,0,8181,26407,8150,13694,3913,75.15,0,0
31070130,포승읍,0,61908938.41,0.9,0.04,3.86,0,3058,15267,5314,28233,3380,61.64,0,0
31070140,청북읍,0,52484366.58,0.11,0.18,3.09,0,6609,15494,4532,23651,3240,76.07,0,0
31070310,진위면,0,33968295.13,0.28,0.19,4.25,0,1059,6318,3755,25097,2074,44.31,1,0
31070320,서탄면,0,28554805.47,0.1,0.23,3.82,0,289,1684,1593,12814,1679,0.0,0,0
31070330,고덕면,0,22184075.2,0.14,0.13,6.81,0,1692,7839,3233,8226,1549,65.59,0,0
31070340,오성면,0,32509332.4,0.22,0.15,5.29,0,643,3164,2651,4696,898,5.41,0,0
31070370,현덕면,0,46399871.38,0.2,0.1,3.93,0,526,2695,2585,1466,573,34.43,0,0
31070510,중앙동,0,5341866.85,1.77,1.06,15.44,0,6272,27767,9236,12654,3162,83.24,1,2
31070520,서정동,0,1672522.6,2.45,2.4,59.26,0,2827,14561,6487,7262,2512,36.54,1,0
31070530,송탄동,0,19553607.39,0.22,0.13,5.02,0,4356,14067,3480,18953,2600,87.35,0,0
31070550,지산동,0,698334.53,2.37,0.0,56.25,0,1326,8876,2495,2428,833,56.17,1,0
31070560,송북동,0,7131737.13,0.64,0.0,11.59,0,3161,12607,5607,5219,1719,64.47,1,0
31070570,신장1동,0,1588391.5,0.0,0.0,22.02,0,1011,4438,1609,1773,569,30.02,0,0
31070580,신장2동,0,632375.77,0.0,0.0,55.21,0,376,2879,1853,2471,868,18.23,1,0
31070590,신평동,0,6417828.23,2.74,1.6,14.24,0,2103,12974,5486,16647,5063,56.36,1,4
31070600,원평동,0,5241974.93,0.25,0.19,11.56,0,1473,8441,3382,4076,1052,69.02,1,4
31070610,통복동,0,608915.44,11.79,0.68,37.9,0,253,2081,1484,2828,1248,61.71,1,4
31070640,세교동,0,7083657.03,1.77,0.17,13.5,0,7248,23901,6483,12931,2514,89.45,1,0
31070650,비전2동,0,4766524.53,2.92,2.1,23.84,0,12029,35254,10374,11871,3257,86.93,0,0
31070660,용이동,0,2625417.8,2.97,0.77,6.36,0,6198,16871,2813,4150,1311,72.18,0,0
31070670,비전1동,0,13005389.09,0.86,0.26,6.74,0,11019,32050,8534,17666,5424,84.98,0,0
31070680,동삭동,0,3027451.57,0.0,0.9,14.08,0,9894,27701,3949,6150,1979,94.25,0,0
31070690,고덕동,0,16609179.77,0.08,0.21,6.76,0,9759,29939,2960,25947,3034,93.44,1,2
31080510,생연1동,0,1974235.42,0.0,0.0,0.0,0,822,3201,2367,1978,375,45.59,2,0
31080520,생연2동,0,751403.38,0.0,0.0,0.0,0,1643,5575,3775,2675,1075,75.44,2,0
31080530,중앙동,0,648495.38,0.0,0.0,0.0,0,274,2020,2229,3017,1146,8.86,2,0
31080550,보산동,0,13728874.5,0.0,0.0,0.0,0,264,1323,1120,779,384,17.56,2,0
31080560,불현동,0,33814506.09,0.07,0.02,0.26,0,3667,13687,8031,5692,1687,59.77,2,0
31080580,소요동,0,31405818.79,0.0,0.0,0.0,0,829,4131,3579,5431,868,18.5,2,0
31080600,상패동,0,8079781.1,0.0,0.0,0.0,0,449,2485,2052,2717,629,37.42,1,0
31080610,송내동,0,5519409.76,0.53,0.0,0.0,0,4361,14367,6375,7970,2326,88.58,1,0
31091510,일동,0,2453387.95,1.61,7.04,20.78,0,3382,14588,5474,5012,1537,0.11,1,0
31091540,본오1동,0,6484897.09,0.6,1.14,13.34,0,5288,22723,7578,10390,4547,1.43,1,0
31091550,본오2동,0,834377.53,2.59,5.76,55.2,0,3459,15442,6027,5082,2028,53.36,1,0
31091560,본오3동,0,1080047.36,8.08,9.92,33.89,0,2019,11849,4759,5376,1977,62.24,1,0
31091570,부곡동,0,5700877.98,0.46,3.13,11.05,0,3021,12899,4888,4374,1612,0.24,0,0
31091580,월피동,0,6072845.6,1.0,1.11,15.45,0,4789,23301,8374,8389,2907,38.79,0,0
31091620,성포동,0,1704147.49,3.43,9.18,28.25,0,3457,15174,6465,4151,1108,96.36,2,0
31091710,반월동,0,13259427.32,0.0,0.07,6.36,0,1996,9030,5805,9199,1740,62.45,1,0
31091730,안산동,0,8374241.71,0.07,0.0,7.02,0,1041,4651,2982,4720,1340,22.73,0,0
31091740,이동,0,2369742.96,4.37,5.57,16.43,0,2143,15255,5407,11987,3929,10.04,5,0
31091760,사동,0,2244415.21,1.7,0.16,31.87,0,3593,19768,6738,7351,2283,31.27,3,0
31091770,사이동,0,3011739.72,1.05,13.53,23.0,0,4998,19455,6658,5545,1867,55.71,1,0
31091780,해양동,0,4806224.34,0.0,5.25,3.6,0,8751,25809,5831,9531,1869,90.3,0,0
31092590,와동,0,3221239.33,1.63,2.28,24.84,0,5506,23482,7709,5241,2348,4.44,0,0
31092660,초지동,0,25860308.01,0.38,1.94,1.23,0,7381,29423,9034,114603,12691,96.71,10,0
31092680,선부1동,0,843508.84,4.73,5.14,40.87,0,2356,10772,3944,3653,1075,88.75,1,0
31092690,선부2동,0,3090406.44,2.93,1.07,16.88,0,1879,9271,3584,6012,2253,45.41,2,0
31092700,선부3동,0,4813520.95,1.18,0.86,13.59,0,4857,21433,6832,6037,2153,74.96,2,0
31092720,대부동,0,60883058.18,0.09,0.34,0.22,0,628,4066,4511,4827,1970,0.0,0,0
31092730,호수동,0,2645303.17,0.0,0.76,10.79,0,7647,27019,8106,28720,9278,96.88,4,0
31092740,고잔동,0,1459729.35,5.1,10.37,31.8,0,2386,13349,4661,9280,1475,15.15,2,0
31092750,중앙동,0,1998724.02,11.37,4.77,25.21,0,2997,15961,4591,19681,5482,91.83,2,0
31092760,원곡동,0,1320370.9,5.21,5.79,33.34,0,517,2990,2106,13552,4980,0.0,2,0
31092770,신길동,0,6841270.42,1.45,0.27,5.92,0,3404,12826,4992,17726,3270,87.05,5,0
31092780,백운동,0,1465715.27,2.71,1.58,30.42,0,3774,15125,5322,3437,1449,86.94,7,0
31101510,주교동,0,5520761.04,0.0,0.0,0.0,0,1097,6190,3674,4833,1149,36.44,0,0
31101520,원신동,0,12901447.01,0.37,0.0,2.23,0,4715,12689,5486,5618,1671,94.25,0,0
31101530,흥도동,0,11195493.58,0.19,0.03,2.75,0,6158,17754,5669,14397,2946,92.47,0,0
31101540,성사1동,0,2309005.94,0.0,0.0,0.0,0,2570,12305,6329,7556,2326,75.65,1,0
31101550,성사2동,0,993602.4,0.0,0.0,0.0,0,1308,5874,3558,2040,648,96.79,1,0
31101560,효자동,0,25774227.64,1.24,0.11,3.09,0,5329,14763,3842,4868,1329,91.82,1,0
31101580,창릉동,0,11302131.13,2.58,0.97,8.25,0,4237,14869,4207,12293,3023,51.32,2,0
31101590,고양동,0,23899326.38,1.01,0.36,4.6,0,4295,15613,8522,8150,2278,57.9,0,0
31101600,관산동,0,16408160.7,0.0,0.0,0.75,0,4013,18967,12072,8355,2870,19.87,0,0
31101610,능곡동,0,12511678.65,0.45,0.0,3.45,0,2461,10756,4985,4688,1464,72.13,7,0
31101620,화정1동,0,2267379.79,0.0,0.0,0.0,0,4569,21582,9848,12168,2939,95.33,3,0
31101630,화정2동,0,1982741.57,0.92,0.0,4.82,0,5139,19353,6957,10245,2860,99.92,2,0
31101640,행주동,1,6392821.17,3.64,8.61,10.02,3,1346,9578,5398,6344,1823,35.01,3,0
31101650,행신1동,0,667785.86,5.63,0.0,52.27,0,2741,12210,5755,3738,1302,93.28,0,0
31101660,행신2동,1,4311403.81,1.52,15.58,12.63,3,4049,18948,7382,8454,2587,96.55,4,0
31101670,화전동,0,7274995.9,0.61,0.0,16.07,0,5807,17160,4980,7777,2634,86.89,1,0
31101680,대덕동,0,10768770.68,0.96,1.16,7.42,0,4014,10015,1985,5934,1308,88.57,1,0
31101690,행신3동,0,1960157.94,3.69,0.3,24.46,0,3270,14046,5648,7525,2291,86.67,0,0
31101700,삼송동,0,6816244.16,0.5,0.2,12.31,0,7637,32091,10767,11953,3823,75.47,0,0
31103510,식사동,0,6850086.62,0.0,0.0,0.0,0,9044,24847,6929,13657,3881,82.58,0,0
31103520,중산동,0,2835451.54,0.0,0.0,0.0,0,6525,25772,12265,10424,3539,90.63,0,0
31103530,정발산동,0,1547485.88,0.0,0.0,0.0,0,2755,13174,5988,6873,2594,0.0,3,0
31103540,풍산동,0,5685010.51,0.0,0.0,0.0,0,6485,21737,8940,9790,2991,81.28,6,0
31103550,백석1동,0,1756936.33,0.0,0.0,0.0,0,4029,18282,6737,14788,3370,86.47,5,0
31103560,마두1동,0,2212686.44,0.0,0.0,0.0,0,4082,13600,5344,10058,1944,72.71,5,0
31103570,마두2동,0,622647.73,0.0,0.0,0.0,0,3017,8928,3612,4228,1513,100.0,0,0
31103580,장항1동,0,10231101.36,0.0,0.0,0.0,0,2174,6636,2053,11193,2611,93.1,0,0
31103590,장항2동,0,2409012.13,0.0,0.0,0.0,0,2110,18727,5694,38978,10057,100.0,1,0
31103600,고봉동,0,25045596.17,0.0,0.0,0.0,0,2433,12426,7155,27113,6157,20.56,0,0
31103610,백석2동,0,789408.75,0.0,0.0,0.0,0,1778,13420,4899,11170,3121,87.61,1,0
31104510,일산1동,0,644567.33,0.0,0.0,0.0,0,3727,14928,6995,3208,1328,94.1,2,0
31104520,일산2동,0,815472.5,0.0,0.0,0.0,0,2217,11154,5774,4163,1726,81.55,2,0
31104530,일산3동,0,1142407.32,0.0,0.0,0.0,0,7422,20079,6435,4465,1737,100.0,2,0
31104540,탄현동,0,2180892.8,0.0,0.0,0.0,0,8562,30419,10329,9336,3488,98.34,0,0
31104550,주엽1동,0,935237.87,0.0,0.0,0.0,0,4201,15539,7100,5365,1894,100.0,1,0
31104560,주엽2동,0,997720.35,0.0,0.0,0.0,0,4463,15275,7547,7712,2466,100.0,1,0
31104570,대화동,0,3771077.62,0.0,0.0,0.0,0,4449,22031,8096,20149,4308,59.6,1,0
31104580,송포동,0,12758921.39,0.0,0.0,0.0,0,3269,12490,4811,5873,1660,80.84,0,0
31104590,송산동,0,18076219.47,0.0,0.0,0.0,0,9188,29376,10996,19923,5818,72.47,0,0
31110510,중앙동,0,6988738.41,0.19,8.05,4.55,0,1797,6396,3150,12774,872,86.88,2,0
31110520,갈현동,0,4374294.82,0.0,0.66,10.86,0,3405,6999,1006,12950,1207,97.65,0,0
31110530,별양동,0,650056.54,12.1,9.53,49.31,0,2732,8508,3418,8023,1214,85.18,2,0
31110540,부림동,0,406096.8,0.0,0.15,67.49,0,2599,8703,3357,1081,431,86.18,2,0
31110550,과천동,0,10778203.54,1.26,8.22,5.74,0,812,3777,2078,10784,2099,0.0,4,0
31110560,문원동,0,12651238.39,0.12,1.78,1.62,0,992,3967,1890,2448,482,0.0,2,0
31120510,갈매동,0,3974578.93,5.19,0.0,12.02,0,6446,17777,5982,8577,3676,97.36,2,0
31120520,동구동,0,7309951.88,5.99,0.0,9.93,0,5472,21628,8774,15004,4070,92.24,3,0
31120530,인창동,0,2214410.61,6.13,0.0,33.51,0,3838,14425,5540,8812,1860,81.09,1,0
31120540,교문1동,0,10031711.16,1.3,4.26,6.87,0,1456,8717,4862,10642,2566,19.2,1,0
31120550,교문2동,0,1169961.94,1.14,0.0,36.24,0,3749,12306,5142,2524,1089,93.72,0,0
31120560,수택1동,0,1192245.41,7.82,0.21,37.62,0,1631,9133,4379,6497,2491,72.85,1,0
31120570,수택2동,0,630340.28,6.72,0.0,71.03,0,2813,14401,7412,4326,2101,49.65,0,0
31120580,수택3동,0,6672799.15,0.69,3.35,9.84,0,3156,12923,5131,9107,2071,93.61,0,0
31130110,와부읍,1,50093139.91,1.59,0.13,3.7,0,9516,32276,15794,14360,4784,86.3,3,3
31130120,진접읍,0,66177141.06,0.51,0.14,3.64,0,18001,54356,23653,33698,9325,77.07,0,0
31130130,화도읍,0,71597209.89,1.58,0.24,4.8,0,10474,37325,16914,31030,9081,57.85,0,0
31130140,진건읍,0,31239928.07,0.87,0.86,4.18,0,2181,11383,7415,15421,4346,57.51,2,0
31130150,오남읍,0,25308565.59,0.67,0.11,4.51,0,8576,30520,12633,13388,4458,83.92,0,0
31130160,퇴계원읍,0,3287087.8,4.67,0.41,15.37,0,3490,15148,8823,4106,1618,68.88,2,0
31130310,별내면,0,22292034.91,0.58,0.09,3.42,0,2522,10128,5855,4594,1509,86.75,0,0
31130340,수동면,0,72905660.18,0.25,0.38,1.91,0,787,3974,4046,7342,1815,0.0,0,0
31130350,조안면,0,50983894.55,0.47,0.43,1.57,0,354,1808,1712,1153,393,0.0,1,0
31130510,호평동,0,9216068.32,0.4,0.87,5.45,0,11997,33179,11165,10781,3575,88.84,1,0
31130520,평내동,0,7340493.96,0.15,0.0,7.45,0,7588,22827,7454,8402,2736,93.18,1,0
31130530,금곡동,0,6990313.9,3.69,1.29,9.3,0,1401,9301,7001,7533,1990,50.75,1,0
31130540,양정동,1,12418117.06,1.39,0.5,5.64,0,178,1485,1248,6315,1753,20.14,2,3
31130570,별내동,0,18702183.9,0.7,0.46,4.52,0,15061,48163,17167,23651,7796,93.87,1,0
31130580,다산1동,0,5589878.13,2.39,0.0,15.42,0,23705,60630,17456,21438,7012,94.81,1,0
31130590,다산2동,0,5557033.46,1.88,0.93,8.23,0,8091,21724,6369,12268,3185,93.66,1,0
31140510,중앙동,0,3681372.39,5.49,6.83,17.79,0,7129,20974,6584,10491,2805,83.8,1,2
31140520,대원동,0,6052691.83,7.41,0.61,13.8,0,11618,40821,11257,19894,5358,83.33,0,0
31140530,남촌동,0,5774636.92,0.42,2.12,7.0,0,2647,17235,3558,14972,3169,64.2,1,2
31140540,신장동,0,6944926.24,1.39,5.89,10.55,0,12680,35544,11342,12602,3753,83.97,0,0
31140550,세마동,0,13727618.42,0.14,0.13,3.81,0,6729,19844,5190,15543,2888,84.33,2,0
31140560,초평동,0,6482070.52,1.01,1.23,7.09,0,2818,10341,3345,5578,1117,96.53,1,2
31150510,대야동,0,9388209.11,1.68,1.48,13.34,0,6228,26075,10174,17353,5420,75.86,3,0
31150520,신천동,0,3442063.75,4.88,0.21,28.67,0,3617,20413,9815,12344,4425,41.08,1,0
31150530,신현동,0,12767073.55,0.0,0.26,6.76,0,908,5136,3219,7938,2463,73.09,1,0
31150540,은행동,0,6412636.56,1.04,0.0,11.45,0,12224,33297,9626,12280,3899,89.82,0,0
31150550,매화동,0,11181259.01,0.11,0.14,6.01,0,1485,6578,3486,7160,1969,51.19,1,0
31150560,목감동,0,17627489.27,2.78,0.4,5.12,0,8633,24270,8383,10688,3666,89.6,0,0
31150590,과림동,0,7630524.35,0.15,0.0,8.24,0,85,757,964,7920,2618,6.49,0,0
31150610,정왕2동,0,11686960.93,0.72,3.19,6.39,0,4792,17864,5038,36830,6809,80.95,0,0
31150620,정왕3동,0,6099305.3,1.11,5.26,9.66,0,3184,14211,4526,23004,4683,70.66,0,0
31150640,정왕본동,0,8283861.52,0.33,0.93,8.51,0,1911,13406,3320,9321,3537,38.11,5,0
31150650,정왕1동,0,6660101.26,3.11,5.81,11.48,0,2990,15192,3747,42727,8312,80.56,2,0
31150670,능곡동,0,4334613.29,0.24,0.23,7.23,0,4977,15573,4548,5651,1846,96.9,1,0
31150680,군자동,0,8151557.25,0.25,0.04,8.88,0,3254,12808,5554,4736,1559,50.81,3,0
31150690,월곶동,0,8555086.34,0.84,0.0,4.15,0,2759,10750,3792,5704,1790,95.25,2,0
31150700,연성동,0,9255261.31,0.5,0.5,4.45,0,4136,15285,4735,8710,2346,94.83,1,0
31150710,장곡동,0,4113993.72,1.29,0.52,6.35,0,10576,28157,6120,6578,1964,98.86,0,0
31150720,정왕4동,0,1028778.74,3.66,1.27,49.2,0,3555,12983,3464,2803,1105,100.0,2,0
31150740,배곧1동,0,2590182.55,0.0,0.0,0.0,0,9849,21785,3651,5511,2035,98.87,1,0
31150750,배곧2동,0,2429678.3,0.0,0.0,0.0,0,8305,24163,2984,12002,4186,100.0,0,0
31160510,군포1동,0,3305154.08,0.79,0.14,24.07,0,3881,19789,8528,38642,7009,51.33,2,0
31160520,군포2동,0,3280452.73,0.63,0.0,17.23,0,7273,24932,9811,8251,2485,83.95,2,0
31160540,산본1동,0,689678.25,0.0,0.0,62.98,0,1125,8715,5154,7691,2173,50.07,2,0
31160550,산본2동,0,1405950.55,0.0,3.01,34.6,0,4230,14633,6694,5373,1467,96.5,0,0
31160560,금정동,0,1190782.27,1.53,0.87,41.55,0,2099,12216,5183,10857,2670,37.37,2,0
31160570,재궁동,0,853066.3,0.0,17.28,38.84,0,1959,10493,5099,5762,1220,83.53,0,0
31160580,오금동,0,1088735.61,0.0,0.36,31.6,0,3156,12590,4744,1829,660,100.0,2,0
31160590,수리동,0,2993526.66,0.78,0.8,9.5,0,2058,8805,4607,1593,556,100.0,2,0
31160600,궁내동,0,1690097.26,0.94,0.66,20.95,0,4168,11644,4086,2003,720,100.0,0,0
31160610,광정동,0,1490081.07,7.44,2.8,27.94,0,3646,14268,5870,13012,3456,97.68,2,0
31160630,대야동,0,12859511.2,0.14,0.0,4.74,0,1380,5236,2683,2494,778,63.19,1,0
31160640,송부동,0,5557320.79,5.4,0.5,5.12,0,4371,12133,3970,14020,1878,94.74,2,0
31170510,고천동,0,8880079.7,0.54,0.99,5.85,0,1894,8297,3350,10239,1584,90.57,0,0
31170520,부곡동,0,11217354.69,0.44,3.58,9.02,0,4373,17034,7557,16683,2660,68.47,2,0
31170530,오전동,0,6743586.89,0.71,0.12,12.59,0,5936,21261,9993,9780,2408,95.28,0,0
31170540,내손1동,0,1996246.31,0.0,0.0,7.61,0,3017,11787,5330,4562,1481,95.23,0,0
31170550,내손2동,0,1410789.89,0.41,7.34,41.67,0,3972,12887,4843,2810,1080,90.74,0,0
31170560,청계동,0,23656370.72,0.22,0.75,2.51,0,5830,22085,9424,17565,3434,81.87,0,0
31180510,천현동,0,34537733.76,0.82,0.51,2.95,0,555,3434,2418,11390,2282,0.0,2,0
31180520,신장1동,0,207779.73,11.95,0.0,63.59,0,585,4296,2038,2555,1052,41.88,1,0
31180530,신장2동,0,4339862.57,4.75,2.09,14.45,0,7306,25223,13244,12697,3340,94.22,2,0
31180540,덕풍1동,0,938740.27,1.32,0.0,26.29,0,1611,7974,4883,1784,818,81.42,1,0
31180550,덕풍2동,0,486402.5,4.8,0.0,60.78,0,1897,10042,6084,2533,1169,66.0,1,0
31180560,덕풍3동,0,2169545.79,7.71,9.39,12.01,0,3968,14348,6794,15718,3714,81.35,2,0
31180590,춘궁동,0,14504635.01,1.49,0.0,6.53,0,115,971,767,5529,1514,0.0,0,0
31180600,초이동,0,6153325.95,1.38,0.0,8.12,0,275,1750,1184,7897,1724,27.85,0,0
31180610,풍산동,0,2678878.19,6.02,0.0,13.66,0,7152,17884,4813,19249,5008,98.22,0,0
31180620,미사1동,1,6653638.85,3.72,10.35,2.81,0,8986,37372,7571,15839,5077,98.15,2,3
31180630,미사2동,1,5146423.44,0.89,1.39,3.31,0,10906,26908,9087,10371,3842,97.86,1,3
31180650,위례동,0,4777976.5,0.0,0.0,2.32,0,8714,21267,5112,3479,1251,99.38,0,0
31180660,감북동,0,4510073.93,5.57,1.25,13.64,0,213,1641,958,6234,1206,0.0,1,0
31180670,감일동,0,5731516.78,1.38,0.4,10.88,0,10175,23800,5540,5333,1768,97.78,1,0
31191110,포곡읍,0,41789682.79,0.16,0.21,3.78,0,5181,19921,7778,15327,3962,35.88,3,0
31191120,모현읍,0,50289567.34,0.75,0.2,3.73,0,3816,15072,7399,17413,4605,16.42,0,0
31191130,이동읍,0,75915739.37,0.3,0.27,2.16,0,2861,11054,6151,16470,3561,45.84,0,0
31191140,남사읍,0,58785863.92,0.47,0.32,2.82,0,5236,12888,5757,16550,2706,75.21,0,0
31191340,원삼면,0,59990250.49,0.28,0.76,3.26,0,845,3641,3428,6514,1502,1.35,0,0
31191350,백암면,0,65717288.21,0.54,0.36,3.01,0,566,3720,3759,8196,1465,7.77,0,0
31191360,양지면,0,57694305.65,0.89,0.5,3.33,0,2790,11523,5533,13259,2772,9.43,0,0
31191510,중앙동,0,7987806.45,4.27,1.35,9.72,0,3317,15302,6229,15070,3673,62.18,5,0
31191530,유림동,0,13659749.2,0.54,0.37,6.73,0,6973,22741,7419,10230,2337,69.69,5,0
31191540,동부동,0,23561306.84,0.73,2.1,3.93,0,1523,7272,3971,8043,2462,44.25,2,0
31191550,역북동,0,6045810.59,1.73,0.98,9.94,0,6856,22876,5731,8463,2656,77.07,4,0
31191560,삼가동,0,6441692.87,1.9,0.39,3.74,0,2057,7541,2761,7168,957,76.15,3,0
31192520,구갈동,0,4246345.47,1.71,1.3,7.86,0,6730,27008,7277,21693,8416,87.06,5,0
31192540,기흥동,0,11742514.28,2.17,4.07,4.4,0,3378,12288,5627,16165,3552,71.34,0,0
31192550,서농동,0,4235915.14,1.97,1.74,4.52,0,5147,16363,3730,25559,2098,86.4,0,0
31192560,구성동,0,6912953.71,0.53,11.07,8.84,0,7236,21773,10294,9102,2462,90.5,0,0
31192570,마북동,0,5381173.49,3.57,8.96,11.84,0,5023,17895,8531,12425,1802,91.16,2,0
31192590,보정동,0,6808738.4,2.97,1.52,7.01,0,6994,20194,8138,15584,3658,88.48,4,0
31192600,상하동,0,5518833.78,2.21,3.03,6.79,0,3879,13823,5918,5883,1559,86.5,4,0
31192610,신갈동,0,4850536.86,2.32,1.47,15.4,0,5989,22731,8521,9949,2497,82.68,3,0
31192630,영덕1동,0,3620111.78,1.56,3.55,7.12,0,6302,19575,5476,18607,3411,90.8,0,0
31192640,영덕2동,0,5913849.95,1.19,2.08,4.5,0,3358,11932,3909,10563,1653,89.02,1,0
31192650,상갈동,0,2006743.88,3.07,7.16,14.36,0,1790,8099,3007,3761,909,84.96,4,0
31192660,보라동,0,10157352.69,0.65,1.0,3.24,0,6418,19013,7475,9953,2349,85.21,2,0
31192670,동백1동,0,4014744.74,0.0,0.73,6.72,0,7756,19079,5188,3766,1425,88.24,0,0
31192680,동백2동,0,4664885.17,0.42,1.73,5.43,0,6330,15959,4605,14005,4182,81.63,3,0
31192690,동백3동,0,1687577.93,12.72,1.66,2.23,0,6336,15110,5452,5312,1294,91.65,2,0
31193510,풍덕천1동,0,1906460.57,11.43,7.31,24.71,0,5591,21890,7708,9006,3170,90.33,2,0
31193520,풍덕천2동,0,1485363.92,6.79,5.19,39.49,0,9692,25886,5872,7794,2091,98.56,2,0
31193530,신봉동,0,6664064.67,0.3,0.36,7.76,0,8927,23852,8538,6187,2203,87.51,0,0
31193550,죽전2동,0,1107120.98,7.71,1.08,23.51,0,2656,11496,3851,6260,1613,94.6,3,0
31193560,동천동,0,16620698.66,3.41,0.49,3.78,0,10740,30408,9645,15519,3902,81.35,2,0
31193580,상현2동,0,1566596.62,0.25,0.0,18.54,0,6953,19071,7086,4621,1768,97.1,1,0
31193590,성복동,0,4977844.58,0.78,0.43,11.51,0,11836,30131,12729,8828,2833,94.1,1,0
31193600,죽전1동,0,2353212.49,1.12,0.0,16.3,0,5365,16608,6460,11067,2548,96.52,1,0
31193610,죽전3동,0,2083139.83,3.21,0.0,7.27,0,5049,16308,5227,7393,2414,91.4,1,0
31193620,상현1동,0,672559.33,1.75,0.0,40.25,0,4451,11587,4050,2220,779,99.2,1,0
31193630,상현3동,0,2702945.32,1.18,0.0,8.85,0,5631,17285,4843,13144,2545,100.0,1,0
31200110,문산읍,0,17155775.75,2.45,1.74,15.94,0,8699,26207,11993,14332,4128,78.57,3,0
31200120,파주읍,0,17155775.75,2.45,1.74,15.94,0,1392,7467,5252,9210,1818,20.78,2,0
31200130,법원읍,0,17155775.75,2.45,1.74,15.94,0,768,4712,4376,6699,1466,16.88,0,0
31200150,조리읍,0,17155775.75,2.45,1.74,15.94,0,3750,15240,9386,14664,4201,65.52,0,0
31200310,월롱면,0,17155775.75,2.45,1.74,15.94,0,336,6015,2404,33378,2723,0.0,1,0
31200320,탄현면,0,17155775.75,2.45,1.74,15.94,0,1379,7149,4535,19419,4128,25.63,0,0
31200350,광탄면,0,17155775.75,2.45,1.74,15.94,0,928,5088,4670,14586,3266,8.88,0,0
31200360,파평면,0,17155775.75,2.45,1.74,15.94,0,221,1538,1899,2289,579,2.25,0,0
31200370,적성면,0,17155775.75,2.45,1.74,15.94,0,861,3372,2745,3189,1039,23.54,0,0
31200390,장단면,0,17155775.75,2.45,1.74,15.94,0,67,324,328,214,68,0.0,1,0
31200520,금촌2동,0,17155775.75,2.45,1.74,15.94,0,6255,18448,6803,8816,2916,98.47,1,0
31200530,금촌1동,0,17155775.75,2.45,1.74,15.94,0,2116,12946,6532,15301,4409,52.22,1,0
31200540,금촌3동,0,17155775.75,2.45,1.74,15.94,0,4184,15085,6452,7349,1903,82.91,1,0
31200550,교하동,0,17155775.75,2.45,1.74,15.94,0,700,4000,2715,41469,9604,89.13,0,0
31200560,운정1동,0,17155775.75,2.45,1.74,15.94,0,10088,29115,8395,18284,6442,64.73,0,0
31200570,운정2동,0,17155775.75,2.45,1.74,15.94,0,16387,38950,9523,8588,3516,96.13,0,0
31200580,운정3동,0,17155775.75,2.45,1.74,15.94,0,15944,42181,11331,13743,5115,90.94,0,0
31210110,장호원읍,0,60475093.59,0.19,0.18,3.45,0,1980,6874,5268,4665,1669,38.02,0,0
31210120,부발읍,1,41964114.36,0.4,0.33,5.66,0,6765,22717,7013,45107,3453,65.52,1,0
31210310,신둔면,0,36462204.0,0.48,0.0,5.22,0,1892,7774,4345,8045,1987,18.22,1,0
31210320,백사면,0,32559676.85,0.29,0.06,5.65,0,1448,6140,3844,6073,1261,22.37,0,0
31210330,호법면,0,37968655.36,0.22,0.33,2.79,0,709,2976,2239,8547,1471,13.63,0,0
31210340,마장면,0,51487484.63,0.73,0.63,3.17,0,2893,9415,3392,14102,2225,53.62,0,0
31210350,대월면,0,31410916.6,0.25,1.31,3.96,0,2032,9106,3196,8102,1236,50.2,0,0
31210360,모가면,0,41103125.44,0.19,0.11,3.18,0,279,1795,2078,4677,758,0.0,0,0
31210370,설성면,0,51798240.55,0.09,0.58,2.58,0,306,1824,2371,3229,922,4.54,0,0
31210380,율면,0,36802465.11,0.08,0.0,3.07,0,140,902,1540,1175,406,0.0,0,0
31210510,창전동,0,1134924.22,12.21,3.39,44.72,0,1986,9434,4598,9109,3037,34.57,0,0
31210520,중리동,0,22030381.16,0.95,0.18,4.58,0,1730,9942,3972,13571,2563,47.27,1,0
31210530,관고동,0,7764423.97,1.98,0.21,6.54,0,1136,5630,2843,5958,1447,37.7,0,0
31210540,증포동,0,8937218.94,1.55,0.0,11.48,0,14086,35601,7887,10838,3635,87.38,0,0
31220110,공도읍,0,31932585.72,0.34,1.25,7.39,0,12237,37121,11992,17826,4786,85.09,0,0
31220310,보개면,0,53054924.32,0.26,0.37,2.64,0,402,2176,2532,4774,864,9.81,0,0
31220320,금광면,0,71447774.44,0.05,0.07,1.76,0,851,3503,2987,2052,627,52.41,0,0
31220330,서운면,0,36363832.37,0.05,0.0,3.26,0,163,1253,1665,5331,763,0.0,0,0
31220340,미양면,0,33603155.7,0.18,0.2,4.34,0,396,2599,2538,11665,1345,31.51,0,0
31220350,대덕면,0,31058292.06,0.42,0.08,5.55,0,2090,9320,3797,9889,1939,56.93,0,0
31220360,양성면,0,53161313.16,0.22,0.57,2.64,0,362,2197,2572,6835,1294,0.0,0,0
31220380,원곡면,0,38114968.19,0.23,0.23,2.86,0,666,3746,2083,12315,1783,44.4,0,0
31220390,일죽면,0,55459885.54,0.16,0.23,3.92,0,638,3082,3559,5301,1489,16.87,0,0
31220400,죽산면,0,57239836.24,0.17,0.07,3.02,0,557,3165,3112,6089,1194,17.01,0,0
31220410,삼죽면,0,39231973.82,0.31,0.21,2.71,0,276,1729,1734,3244,731,0.0,0,0
31220420,고삼면,0,27773829.46,0.04,0.08,2.61,0,123,802,962,1794,354,0.0,0,0
31220510,안성1동,0,6537175.1,0.89,1.74,13.75,0,1464,6223,4115,7483,1548,46.88,0,0
31220520,안성2동,0,10129740.12,3.42,0.51,7.49,0,4561,15987,5617,11118,2920,84.79,0,0
31220530,안성3동,0,8244575.32,1.4,0.0,10.94,0,3842,12858,5380,11102,2341,79.62,0,0
31230110,통진읍,0,29412106.03,0.0,0.0,0.0,0,4781,19365,10443,23607,5755,65.47,0,0
31230120,고촌읍,0,24949986.57,0.27,0.07,5.34,0,11172,27927,9298,18396,5416,88.95,1,0
31230130,양촌읍,0,36371421.52,0.0,0.04,0.13,0,4471,16783,8971,37925,7880,76.02,2,0
31230340,대곶면,0,43240481.68,0.0,0.0,0.0,0,721,4722,4143,32338,7391,0.0,0,0
31230350,월곶면,0,51986446.42,0.0,0.0,0.0,0,294,2281,2629,10626,1968,0.0,0,0
31230360,하성면,0,56265681.65,0.0,0.0,0.0,0,614,3503,3801,11427,3005,2.66,0,0
31230530,사우동,0,3296592.25,6.53,2.56,13.9,0,3122,12543,5748,10906,3213,68.14,2,0
31230540,풍무동,0,4426995.52,2.59,0.0,10.01,0,12180,36031,12053,11452,4349,95.24,1,0
31230560,장기동,0,3690802.96,0.0,0.0,0.2,0,10016,23903,6851,11456,4407,90.05,1,0
31230600,운양동,0,7938383.91,0.0,0.0,0.0,0,12387,29258,7662,9736,3600,85.73,1,0
31230610,김포본동,0,11759603.73,2.26,0.4,6.48,0,10804,34199,13561,12840,4188,92.13,2,0
31230620,장기본동,0,2530700.89,0.0,0.0,0.0,0,9768,22910,6576,8092,2492,96.4,1,0
31230630,구래동,0,2120411.26,0.0,0.0,0.0,0,10045,29164,5991,15116,6330,99.4,2,0
31230640,마산동,0,3034927.36,0.0,0.0,0.0,0,8547,20789,6145,3976,1782,93.73,2,0
31240120,봉담읍,0,42792284.34,0.52,0.62,3.87,0,19612,57940,17233,34557,10022,89.4,0,0
31240130,우정읍,0,91339995.37,0.2,0.26,3.13,0,1980,9365,6066,28374,3067,23.46,0,0
31240140,향남읍,0,50003727.8,0.38,0.06,3.41,0,18815,53241,13212,50522,10879,83.55,0,0
31240150,남양읍,0,74398934.61,0.4,0.32,2.77,0,9779,35993,11544,46657,6683,79.99,0,0
31240310,매송면,0,27509230.81,0.13,0.1,3.77,0,557,3332,2780,3865,908,28.35,2,0
31240330,비봉면,0,38737547.77,0.18,0.28,3.16,0,547,3890,3059,8345,1946,55.13,1,0
31240350,마도면,0,32217868.06,0.22,0.28,2.52,0,488,3588,2729,19965,2951,4.22,0,0
31240360,송산면,0,108696793.17,0.14,0.13,1.81,0,1003,5066,4686,9943,2525,13.22,0,0
31240370,서신면,0,47568020.06,0.43,0.17,2.41,0,414,3144,3589,9733,2100,0.0,0,0
31240380,팔탄면,0,50921639.22,0.51,0.07,3.05,0,667,5223,3917,38340,7455,17.3,0,0
31240390,장안면,0,68095987.73,0.04,0.0,3.46,0,810,4880,4260,24354,3951,13.1,0,0
31240420,양감면,0,31066316.28,0.0,0.22,2.48,0,214,2011,1734,17823,2710,2.11,0,0
31240430,정남면,0,40643430.34,0.38,0.26,3.41,0,895,5903,4170,31890,6417,27.79,0,0
31240520,진안동,0,6987499.62,1.82,0.41,9.11,0,9416,33838,7116,16369,4691,79.88,2,0
31240530,병점1동,0,1511572.48,5.37,2.88,23.98,0,6850,24042,5684,7911,2283,91.29,1,0
31240540,병점2동,0,995868.42,0.0,0.0,7.72,0,5120,14048,3756,4601,1599,98.75,0,0
31240550,반월동,0,3970797.21,2.86,0.01,7.75,0,9280,23261,4724,67487,2728,98.46,0,0
31240560,기배동,0,4249236.27,0.6,0.0,13.5,0,3140,9783,3126,5993,1488,88.53,0,0
31240570,화산동,0,11607420.04,0.57,0.73,7.32,0,4146,16834,6224,13082,2712,75.49,0,0
31240600,동탄2동,0,2386099.25,0.0,0.0,1.71,0,9427,20820,4162,5213,1591,86.6,0,0
31240610,동탄1동,0,4860314.23,0.0,0.0,4.6,0,11543,34118,4714,34768,6279,93.08,0,0
31240620,동탄3동,0,1869185.71,0.0,0.0,2.39,0,9569,26871,4456,7241,2331,96.6,1,0
31240640,동탄4동,0,4245504.84,0.0,0.0,0.89,0,17108,32527,3805,6247,2134,99.83,0,0
31240650,동탄5동,0,11401013.05,0.35,0.3,2.23,0,10548,30820,5529,44753,10334,95.57,0,0
31240670,새솔동,0,3130129.8,0.0,0.0,0.0,0,7318,15873,2564,3830,1593,90.77,0,0
31240690,동탄7동,0,14743041.73,0.0,1.06,2.48,0,14957,36234,5689,20803,5136,96.88,0,0
31240700,동탄6동,0,9501636.43,1.31,0.12,4.96,0,10179,29388,3773,30607,4585,90.75,0,0
31240710,동탄8동,0,6547891.05,1.16,0.0,3.0,0,9379,21164,3114,5295,1673,94.2,0,0
31250110,오포읍,0,46814511.49,1.4,0.56,5.6,0,19356,69676,25686,35575,11663,39.4,0,0
31250120,초월읍,0,55823132.28,1.39,0.05,3.64,0,8436,29989,11981,27951,7181,53.33,2,0
31250140,곤지암읍,0,76216727.87,0.55,0.21,3.89,0,2671,12550,6975,20820,4732,37.97,1,0
31250340,도척면,0,52171945.1,0.84,0.27,3.52,0,905,4895,3525,13862,2798,11.8,0,0
31250350,퇴촌면,0,60268701.21,1.07,0.25,2.47,0,2104,7568,6106,3291,1560,0.0,0,0
31250360,남종면,0,48381904.7,0.25,0.1,1.27,0,65,537,821,538,183,0.0,1,0
31250380,남한산성면,0,33615152.85,0.54,0.39,1.98,0,251,1002,1063,1439,477,0.0,0,0
31250540,경안동,0,3192830.27,5.61,2.6,21.82,0,5199,17392,6464,12962,3987,55.64,1,0
31250550,송정동,0,5087864.54,4.15,2.44,9.65,0,3053,12387,5762,9247,2220,44.44,0,0
31250560,쌍령동,0,3327638.38,1.18,1.74,4.56,0,3156,10743,3965,2573,985,60.15,0,0
31250570,탄벌동,0,16723454.15,2.08,0.2,5.05,0,6270,24299,10219,8362,3008,34.21,0,0
31250580,광남1동,0,26079667.74,1.5,0.14,4.03,0,4596,19635,8410,18531,4750,26.66,1,0
31250590,광남2동,0,2299717.61,0.0,0.0,7.96,0,8811,19722,5132,4169,1758,93.38,0,0
31260110,백석읍,0,41139927.2,0.06,0.91,1.21,0,3148,13139,8857,11000,2882,64.26,0,0
31260310,은현면,0,34603242.86,0.12,0.04,2.88,0,355,2566,2534,12237,2655,7.89,0,0
31260320,남면,0,36466535.98,0.0,0.0,0.29,0,584,3128,2731,8122,1628,15.52,0,0
31260330,광적면,0,48453881.73,0.0,0.0,0.13,0,1192,5723,4209,13110,3252,40.24,0,0
31260340,장흥면,0,63930008.84,0.95,0.19,2.07,0,954,5599,5254,6124,1593,47.48,0,0
31260510,양주1동,0,23675734.59,0.32,1.86,5.06,0,404,2129,2247,5292,1106,31.48,1,0
31260520,양주2동,0,19099784.1,0.41,0.49,6.76,0,10210,28607,11801,14078,4510,93.77,0,0
31260530,회천1동,0,10552808.5,0.93,0.0,8.67,0,1170,5173,2701,6339,1659,62.98,1,0
31260540,회천2동,0,11179375.98,0.83,0.9,8.98,0,5883,21668,9040,8798,2479,79.95,2,0
31260550,회천3동,0,3570491.82,0.0,0.32,17.33,0,4394,15200,5875,4490,1582,93.03,1,0
31260560,회천4동,0,17828575.08,0.22,0.0,7.06,0,20192,50206,11153,14632,5221,95.99,0,0
31270110,소흘읍,0,46111255.88,1.14,0.27,6.68,0,6559,24685,12161,22919,6457,67.35,0,0
31270310,군내면,0,36188682.84,0.24,0.3,4.61,0,1021,4544,3051,10733,2254,53.25,0,0
31270320,내촌면,0,52703613.88,0.85,0.72,2.92,0,207,2045,2073,8139,1791,2.16,0,0
31270330,가산면,0,35776451.11,0.12,0.04,6.2,0,485,3556,3196,16409,3793,1.42,0,0
31270340,신북면,0,95650871.47,0.14,0.04,2.73,0,1231,5951,4539,8058,1572,37.44,0,0
31270350,창수면,0,71509021.89,0.0,0.02,0.53,0,99,764,1200,1687,398,2.55,0,0
31270360,영중면,0,61177848.64,0.1,0.0,1.68,0,342,1874,2414,3810,915,3.16,0,0
31270370,일동면,0,83288757.18,0.81,0.11,2.6,0,1016,4154,3933,3430,1134,15.21,0,0
31270380,이동면,0,112789217.2,0.01,0.0,0.01,0,659,2764,2291,1944,645,21.09,0,0
31270390,영북면,0,81851166.75,0.0,0.0,0.0,0,882,3608,3263,2994,1072,21.97,0,0
31270400,관인면,0,70061812.04,0.0,0.0,0.0,0,123,935,1506,710,270,1.77,0,0
31270410,화현면,0,43491103.12,0.31,0.07,2.67,0,296,1163,1116,2472,441,19.14,0,0
31270510,포천동,0,11341422.68,1.8,0.2,9.66,0,2689,10761,5792,8928,2505,49.76,0,0
31270520,선단동,0,23891207.76,0.35,0.25,5.68,0,1536,8330,4509,11649,2413,8.3,0,0
31280110,가남읍,0,75150187.92,0.22,0.6,2.93,0,1786,7473,5209,9518,1813,39.28,0,0
31280310,점동면,0,71748818.97,0.11,0.11,2.36,0,431,1883,2422,2712,587,0.0,0,0
31280330,흥천면,0,44097300.5,0.16,0.0,4.25,0,379,1972,2668,2073,613,0.0,0,0
31280340,금사면,0,41702519.41,0.08,0.05,2.44,0,189,1081,1648,961,338,0.0,0,0
31280350,산북면,0,32625279.41,0.2,0.05,2.24,0,254,953,1270,1459,363,0.0,0,0
31280360,대신면,0,75818785.16,0.22,0.0,3.61,0,489,2524,3650,3171,1020,2.38,0,0
31280370,북내면,0,65654587.28,0.04,0.19,2.43,0,394,2032,2303,3034,799,0.0,0,0
31280380,강천면,0,74282612.08,0.09,0.23,1.58,0,333,1868,2110,2514,568,0.0,0,0
31280390,세종대왕면,0,52980210.93,0.03,0.03,3.26,0,537,2411,2967,3017,667,2.83,1,0
31280510,여흥동,0,38735045.88,0.61,0.6,4.14,0,2766,11615,6536,14511,3768,45.24,1,0
31280520,중앙동,0,17785599.08,0.79,0.95,5.55,0,4564,14171,5520,8986,2291,69.13,1,0
31280530,오학동,0,16827268.83,1.31,0.4,4.7,0,3394,10396,4214,5118,1688,60.6,0,0
31350110,연천읍,0,17155775.75,2.45,1.74,15.94,0,1061,3947,2819,3858,1035,46.55,0,0
31350120,전곡읍,0,17155775.75,2.45,1.74,15.94,0,2855,9293,5907,7264,2407,48.71,0,0
31350310,군남면,0,17155775.75,2.45,1.74,15.94,0,189,1157,1628,1181,429,2.44,0,0
31350320,청산면,0,17155775.75,2.45,1.74,15.94,0,278,1888,2010,1952,470,16.15,0,0
31350330,백학면,0,17155775.75,2.45,1.74,15.94,0,187,972,1349,1590,390,0.0,0,0
31350340,미산면,0,17155775.75,2.45,1.74,15.94,0,100,619,986,488,263,0.0,0,0
31350350,왕징면,0,17155775.75,2.45,1.74,15.94,0,53,317,616,232,112,0.0,0,0
31350360,신서면,0,17155775.75,2.45,1.74,15.94,0,126,878,1471,577,352,11.33,0,0
31350370,중면,0,17155775.75,2.45,1.74,15.94,0,12,70,82,43,33,0.0,0,0
31350380,장남면,0,17155775.75,2.45,1.74,15.94,0,42,254,418,277,92,0.0,0,0
31370110,가평읍,0,145122903.69,0.37,0.21,1.66,0,2837,10512,7307,10408,2905,45.35,0,0
31370310,설악면,0,141036128.39,0.35,0.06,0.99,0,1164,4238,4243,5890,1619,6.64,0,0
31370320,청평면,0,112109327.81,1.06,0.36,1.31,0,1289,6381,5827,6540,2123,31.01,0,0
31370330,상면,0,99940676.28,0.47,0.2,1.12,0,332,2306,2852,3452,1034,1.32,0,0
31370350,북면,0,229866156.43,0.07,0.06,0.64,0,263,1365,2033,1940,836,2.95,0,0
31370360,조종면,0,112713723.38,0.23,0.16,1.23,0,1227,4639,3487,3565,1145,9.91,0,0
31380110,양평읍,0,42337493.14,1.43,0.18,6.89,0,5908,19100,10605,15813,5060,53.52,0,0
31380310,강상면,0,37907777.18,0.54,0.41,2.8,0,1621,4735,3676,2434,927,32.6,0,0
31380320,강하면,0,41165018.47,0.59,0.0,3.06,0,360,1923,2597,1398,610,0.0,0,0
31380330,양서면,0,59645476.64,0.44,0.26,3.11,0,1648,6372,5880,3638,1361,13.74,0,0
31380340,옥천면,0,66325395.48,0.52,0.13,1.49,0,968,3676,3461,2169,930,2.8,0,0
31380350,서종면,0,92810418.62,0.28,0.13,1.65,0,1404,4555,4072,2612,1267,0.0,0,0
31380360,단월면,0,107702041.17,0.04,0.0,0.86,0,328,1487,2113,1111,420,0.0,0,0
31380370,청운면,0,96461356.04,0.09,0.03,1.22,0,223,1328,2230,1178,372,0.0,0,0
31380380,양동면,0,120187710.68,0.02,0.03,1.36,0,306,1644,2622,1277,421,1.0,0,0
31380390,지평면,0,77691210.42,0.0,0.09,2.37,0,542,2518,3773,1669,606,0.0,0,0
31380400,용문면,0,102338955.81,0.18,0.12,2.79,0,2706,8525,7218,5205,1973,25.68,0,0
31380410,개군면,0,32286919.34,0.16,0.13,3.89,0,464,2072,2578,1338,493,1.08,0,0
