행정동코드,행정동명,행정동총면적_m2,주거용지비율,상업업무용지비율,공공시설용지비율
11010530,사직동,1157671.2996191066,13.769824605511316,11.503709056008873,4.395241580799033
11010540,삼청동,1476086.244918536,7.0468327712862155,4.243518350073463,2.7710951419226144
11010550,부암동,2273044.4091353468,11.391449420758834,2.0491339303850045,2.2469005702330316
11010560,평창동,8940655.329911664,6.337274208614736,0.8789850525330292,0.5559984088812172
11010570,무악동,369245.48226865026,10.528656041332804,3.5115332760514524,1.8247869091659925
11010580,교남동,346667.13479939464,30.86626821448228,16.216024342395553,5.423579921046742
11010600,가회동,539599.8544892247,26.885227730754902,9.936136685229329,5.003939097484197
11010610,종로1·2·3·4가동,2415326.730085671,3.1983265338655227,25.411117655226175,1.9871992574294843
11010630,종로5·6가동,602712.8344987278,14.14057881806208,35.7177894386208,3.236329209669809
11010640,이화동,781806.2194507818,17.043462369177075,14.796238436805536,7.224162491229777
11010670,창신1동,304915.0810513392,19.075594417573026,33.276803764800746,4.734490152073886
11010680,창신2동,257320.96135152745,50.39316576239039,11.14799088090329,2.136072849102371
11010690,창신3동,216671.88707102317,25.915638359778608,2.878963974618266,6.178686775868958
11010700,숭인1동,239215.32115701263,36.41094510928471,7.803253797075474,2.892492157378868
11010710,숭인2동,351640.31189976155,28.19022804596067,28.388966356866003,3.1318669176433493
11010720,청운효자동,2568560.056117465,11.699151276862558,2.0295376469293993,2.9870555474699687
11010730,혜화동,1131570.126434548,26.504141070800735,9.445888589990352,8.196640950929414
11020520,소공동,943090.0451435072,1.4351625655397182,22.287754756769623,4.793989761097133
11020540,회현동,897156.106999932,3.717533869423737,29.05843266878823,1.0991102069527308
11020550,명동,968876.2596072336,2.448868465639294,33.90811217325099,3.26116646903257
11020570,필동,1463586.7173389706,3.7832721568220697,12.450565018286817,4.63886037208657
11020580,장충동,1017158.9421082004,9.196537379314544,8.437543939118955,1.612944599883168
11020590,광희동,736648.8912997656,6.296296997391304,42.3158519703516,1.5692380046466738
11020600,을지로동,611191.8241216319,0.8648085840178722,55.93145413131969,3.5746548596545225
11020650,신당5동,319464.4409896149,25.50490818080244,18.643495092765093,5.118634080517072
11020670,황학동,328391.1913211211,15.28512003026231,41.124649073378485,2.107517980931551
11020680,중림동,484023.16386115225,14.448691591991448,10.454867419006144,2.9217498986414885
11020690,신당동,534537.9543277827,17.153969925569175,29.385362385439844,6.69329665951709
11020700,다산동,523575.8824797477,41.87760761458305,16.919038850659543,4.033149907690517
11020710,약수동,485866.1432877514,18.94749001317263,8.259991721758093,2.067788781555379
11020720,청구동,342312.10888944694,27.452452484923175,7.173376260727328,4.900797250182796
11020730,동화동,326798.38384191156,17.478367987842923,14.751721046514064,3.358264340692426
11030510,후암동,865244.0803748902,33.72140977866926,6.748278560571882,3.5680005472284297
11030520,용산2가동,1965379.646328625,8.737793163852318,1.760789106469191,1.229249674003405
11030530,남영동,1176908.797605099,7.662624713973158,12.761132111382992,1.350027931599328
11030570,원효로2동,708448.6920712206,16.027616207529157,10.993747529960862,4.486049655444295
11030580,효창동,445853.9028966531,22.87010059904788,7.028589014225043,3.073978301358593
11030590,용문동,277325.00179992145,34.26736950934095,14.803798054219609,1.798723409112173
11030630,이촌1동,2870622.4573845994,4.114759855649339,0.8272459448477728,0.7307142304463773
11030640,이촌2동,1204647.7115449945,2.981262518833265,1.599785203205738,0.502859122062689
11030650,이태원1동,582461.1004865179,30.07950474662586,17.643392136087858,2.412686548371745
11030660,이태원2동,873587.4397270826,27.67508105326737,5.3179213930194065,1.7581965658901717
11030690,서빙고동,2819832.46527736,5.799704727015696,1.4273971558367449,0.9195458883577452
11030700,보광동,714558.4725689037,37.96226720585017,7.772805345647129,2.8058003836066026
11030710,청파동,885524.0864885414,35.32770524251732,13.12842632192801,8.175480709113968
11030720,원효로1동,588618.2441152311,18.56901663926828,26.30888718465582,2.803433524149077
11030730,한강로동,2867675.9439971372,4.844859820496664,11.667399889715444,1.3984511885258355
11030740,한남동,3029614.718166791,15.368358042389843,6.847029448690664,1.5936768813651458
11040520,왕십리2동,372143.4604807907,26.67008059801475,10.896060075553178,2.5172419253008305
11040540,마장동,1034489.291812161,15.546110939740531,18.95407266875753,4.016172496614212
11040550,사근동,1168326.7093078103,10.793134105899838,6.7548507547863315,8.99733228400013
11040560,행당1동,573130.4000000659,18.80883989922609,17.054830927019403,4.601471922980901
11040570,행당2동,457322.1761841619,16.47296594587572,3.768890467048378,4.228434117756175
11040580,응봉동,553164.5845739627,13.803343685928132,3.24760118507779,2.3600042000113284
11040590,금호1가동,445096.9507123839,13.896721061036589,4.628276565716908,3.3203950312562567
11040620,금호4가동,831211.830733361,10.742049910287143,3.2383446992991214,2.6565468846767035
11040650,성수1가1동,1884441.4977924544,6.079914875031392,4.479861024341602,3.083848308456445
11040660,성수1가2동,929378.449226402,13.611962702251684,13.664978206807287,2.9059517340609475
11040670,성수2가1동,1184060.9126513745,13.181592019480846,15.00891571863154,3.041496253015484
11040680,성수2가3동,1053696.7254850871,5.512458413050587,34.23554789043471,1.4990211290954327
11040690,송정동,681394.466015134,18.284058357214192,7.272755731319252,1.8341522207449372
11040700,용답동,2375334.161802022,6.523089836070807,9.836644503016888,14.70673894641899
11040710,왕십리도선동,709747.3358944025,16.92740838603692,14.415763170058296,3.897436223352396
11040720,금호2·3가동,630718.9454332939,28.831995544878573,6.231373351145303,2.7465667315226567
11040730,옥수동,1920719.090109008,5.762339745559631,1.896634470487291,1.3495011532636492
11050530,화양동,1135446.812010598,19.88343508992833,12.918350780532442,9.963531452789116
11050540,군자동,737460.1372972513,34.130849264366795,14.264567901368276,7.411990220868068
11050550,중곡1동,614033.6009455529,28.935406103459083,18.88427574980628,3.49892351927956
11050560,중곡2동,545123.0428054762,45.069058273732026,19.898581093767863,3.3764318988215263
11050570,중곡3동,601404.2505817785,31.29928258454574,16.151772403613933,3.964421346142158
11050580,중곡4동,2311686.975970048,15.81998735580226,4.476702847703142,1.5315576770966002
11050590,능동,1091266.620928269,16.51032575108725,4.599797931333562,1.3038677054636636
11050600,구의1동,594547.3377039409,42.43506565759167,9.86219963799638,2.9023510366707512
11050610,구의2동,1386971.8853216723,20.76104331715842,5.334947988475549,5.659866797542105
11050620,구의3동,1026770.2186114228,15.515999377679409,9.553274150298238,2.031923007751589
11050630,광장동,2391913.4431120986,6.246609754951967,3.949155117551216,3.2794922807857056
11050640,자양1동,568431.369456211,45.55519107512477,9.29589211999587,2.9556569638459704
11050650,자양2동,1656250.4546226012,13.362072740396568,4.7839885137781,3.534383531502378
11050660,자양3동,1195503.3965950874,10.333974260899431,5.43033059842541,2.5707728020359943
11050670,자양4동,1179121.316773601,19.46601451349248,11.003349327878857,1.6169302956287115
11060710,회기동,766332.5189408528,16.489997344039207,10.708718582354225,6.446091697689556
11060720,휘경1동,521397.6276853318,26.056199835476555,13.152934323741016,1.7019747510639889
11060730,휘경2동,1112757.5054327354,18.4874420370628,6.160940982632616,4.2642042317446744
11060800,청량리동,1203482.1013895755,17.073196086958767,9.34502545279854,6.650224811460183
11060810,용신동,1617172.3870440316,19.656943514319337,23.637762657722487,2.58779306495663
11060820,제기동,1180807.747504301,23.786558065824224,27.689879730143137,2.7846893730674807
11060830,전농1동,1125837.1944873373,26.348588130977756,18.88567795825316,2.537414203301443
11060840,전농2동,976821.1385074372,12.110157596922484,4.352273273313006,10.209765609035768
11060860,답십리2동,875076.2664751676,16.723797891217306,15.496437809044153,1.7312553319423565
11060870,장안1동,1341140.8014898573,16.483663879624196,21.118618848351986,2.3664640620245536
11060880,장안2동,995877.0812284732,20.16285235557577,20.12938954265626,3.254867081645381
11060890,이문1동,1038808.7971404,40.80239940079291,8.494886914692326,5.759430033320939
11060900,이문2동,723336.1432560202,18.883503895679464,12.851052056118334,1.9085098521416717
11060910,답십리1동,787641.347694006,21.890094647528574,12.79464133046551,3.457652183573729
11070520,면목2동,762536.3752363183,30.79249304291854,15.264854312214355,2.794763921869149
11070540,면목4동,842818.455418721,18.772004859932743,6.719116746851202,3.117537781621291
11070550,면목5동,704395.2091784383,14.871011713782236,8.95417377416456,1.869688436646235
11070570,면목7동,1234524.0150640404,15.81445118739436,6.364016691269206,1.3047305780911702
11070590,상봉1동,853561.8367980008,18.05023846750625,6.885556263699476,4.086707610032763
11070600,상봉2동,676924.9459255502,25.364256898431577,22.271716202862,1.3164436508140924
11070610,중화1동,641000.9120395957,28.500953812838265,6.545038769607387,5.1995854932629175
11070620,중화2동,1016175.9160013152,31.7857280460348,11.8839216458471,2.3032211033414125
11070640,묵1동,1237485.180428794,21.66153082122183,4.8256729977926645,3.3616790497171056
11070650,묵2동,668690.7559510663,27.50429996739026,9.803455437864756,3.4813795117697652
11070680,망우3동,961818.5318018144,22.099139790983983,6.004397506598855,2.391351973197235
11070690,신내1동,2604936.6339994743,6.979291230314044,3.5817273214483794,1.6347872181815677
11070700,신내2동,910579.9236387472,6.304457973183501,2.9401171150843317,3.4945137904926877
11070710,면목본동,848365.78313685,46.5242413234384,16.01530898126498,3.373180256545045
11070720,면목3·8동,1613531.430220525,16.347848530964498,6.81488949666457,2.3047390021989393
11070730,망우본동,2945831.542387538,9.542818978245744,7.299131915187662,2.1737027029357643
11080580,돈암1동,488925.34809077566,14.43427756739747,2.2896728318245576,3.333772114633013
11080590,돈암2동,518117.1719194885,17.430634950830793,1.610403200162112,3.4621499826651427
11080600,안암동,1378526.3863605345,15.606199054723003,6.48523445651258,9.523371838543136
11080610,보문동,552588.386634134,32.71620087932667,9.649819066460234,3.933534197342486
11080620,정릉1동,411654.233031389,32.16063488657795,5.352683420953521,1.9729881830545568
11080630,정릉2동,1094064.485333524,26.509826504111327,3.412768294229713,2.54005211027016
11080640,정릉3동,3324627.606889553,9.53292922678302,1.231883545915669,2.7468335266642305
11080650,정릉4동,3568232.306668583,6.787801605196033,1.0710611373511507,1.401562194267572
11080660,길음1동,796710.2780428466,15.832591207420403,3.950510532098978,5.009569950598221
11080680,길음2동,587556.5427815143,21.57614150038861,12.77765664617106,1.259872834456448
11080710,월곡1동,801148.5144281337,19.634089812396528,9.621998819723164,4.32241575709673
11080720,월곡2동,1363862.6449986238,14.200265259928932,6.057906660491575,5.481526629520211
11080760,장위1동,708007.1947546556,49.438041912841854,9.207244998316982,2.666400447108551
11080770,장위2동,679375.7924119356,45.21869780998488,16.92107416433292,3.097193987459858
11080780,장위3동,652103.7834481776,26.545326402476498,9.99695223554862,2.3575297169780756
11080810,성북동,2877749.923628326,19.00582211273909,2.526120534083832,2.2171101790448433
11080820,삼선동,925528.3519526154,35.385834326787986,7.8370700393534705,6.020073401601901
11080830,동선동,724236.3137330249,30.767830001893454,13.21112314789552,7.608596450333726
11080840,종암동,1403462.327063302,21.324893514659312,8.68718885538615,3.337127824422381
11080850,석관동,1703758.6633156778,20.564040678981783,8.792254375744406,4.253072311414112
11090600,번1동,626560.6523036485,36.19618599635688,17.155888335105924,3.4195174767206806
11090610,번2동,973558.5116256434,15.882872052354688,3.043011981966091,2.8047076040060968
11090620,번3동,1080354.8515131683,5.840908990105759,2.3129422912080626,2.5682413225613288
11090630,수유1동,1648718.7929156155,17.702363812231884,5.667175164542994,2.8668935532886866
11090640,수유2동,581177.02928687,37.79085388901786,13.773755616174777,3.682679864175568
11090650,수유3동,745080.9524737196,39.91593256415575,20.410199956251937,2.748065718331362
11090690,삼양동,923394.3216598168,38.13480474824784,5.906477255892745,3.3358631004903696
11090700,미아동,840567.7338097914,30.422414098132233,12.10871818601458,4.477990620561705
11090710,송중동,1074979.9840741851,32.45005886410564,11.58385699136922,3.6021493750339113
11090720,송천동,929209.3075045171,45.23640901093504,12.93156594056292,3.955412926059617
11090730,삼각산동,621441.3168800542,14.136574041204751,2.6997661110852267,3.3783524259388154
11090740,우이동,10579790.15684463,3.0069216664467495,1.016854780137859,0.4166969872459378
11090750,인수동,2995754.9505094797,14.59527810226862,3.8363040024018566,2.2421321212909144
11100510,쌍문1동,1174885.560468361,21.981312672872296,4.114253359736425,5.452924988559003
11100520,쌍문2동,540781.8048788009,28.998177631277304,10.594585839472716,3.14294211139277
11100530,쌍문3동,504422.9298473836,33.88213515945106,12.50368593586476,3.7381739077992937
11100540,쌍문4동,554447.0182321169,12.571205627649377,1.608672366685095,3.341425015217756
11100550,방학1동,1040065.5393087548,18.824813031904476,12.240327452915812,5.0443956741224
11100560,방학2동,1091985.6081384963,22.684838505765494,6.128257965743223,2.1609094749663695
11100570,방학3동,1949549.809847569,4.873098522852134,1.510824257416173,1.2117351000928314
11100590,창1동,1121318.0350163437,12.45033687845839,4.22674975367979,2.5763196927974312
11100600,창2동,653945.3199284887,33.44135546466469,12.672730017304527,2.8752035019822273
11100610,창3동,654987.2585619986,25.96122164404099,8.839054777136807,3.22285966014427
11100620,창4동,1139307.1425799911,5.971016191821348,6.155021654398287,3.0202667836977843
11100630,창5동,700942.9110056368,13.812714451422924,12.664405797541376,3.695425413788447
11100640,도봉1동,8445069.216864066,3.187835527224694,1.411731352305514,0.724916680067718
11100650,도봉2동,1118179.2149436572,11.328433832096858,6.731959541385307,4.77138564691314
11110510,월계1동,1140714.9239171862,14.685746663133049,7.33646066789355,4.091213721662386
11110520,월계2동,2003257.4518270672,4.828036947828293,1.1388169629220688,3.1668763148955654
11110530,월계3동,1133290.9990217355,6.955662022481758,5.80079524204498,2.144360814933939
11110560,공릉2동,6978055.84259063,3.3633995436612727,1.526025128631125,2.9953562844126074
11110580,하계1동,1525890.4777610328,7.0856836926083115,3.9270329279215614,6.76514400055442
11110590,하계2동,499641.4303040422,11.273364814077686,1.1250910020234568,3.77632825305008
11110600,중계본동,2181556.3382772817,9.536809546179937,2.2201300994192965,1.7378690758352917
11110610,중계1동,622972.9598422882,10.413114337694406,4.639118329401889,4.550114202550056
11110640,중계4동,1518104.798449378,4.17064395133819,2.1856857264429044,2.2667804594588112
11110650,상계1동,5398483.701445269,3.1831804978710783,1.959701940471002,1.4075107030653384
11110660,상계2동,622648.9470855747,17.343585299617935,20.58859931408088,5.19047486655664
11110690,상계5동,906196.8807098538,19.416889065342204,8.967755775388879,2.6897732726603243
11110720,상계8동,665840.2223766204,8.403309137532423,1.4796758509523638,4.660704461225484
11110730,상계9동,718895.6152777761,7.328231788054286,1.7662839467339642,3.246283421824224
11110740,상계10동,808596.8881865293,4.757961658551912,4.603614638486868,2.8532824010016804
11110760,상계3·4동,5207882.552876804,5.797230071572702,1.6158063540341556,0.7563718565660875
11110770,상계6·7동,1449188.0867129304,7.112120657326419,4.540968710174431,6.264145694766109
11110780,중계2·3동,918380.4956780896,9.888392045439502,2.7761089268153225,5.507659765765197
11110790,공릉1동,1262293.2058036237,17.819242345471096,11.851442197977994,3.1284462528364356
11120510,녹번동,1792888.489674982,21.075717306392292,4.89616391972394,3.376256591159411
11120520,불광1동,3122614.023352136,13.306958513544943,1.992533330239418,1.4760056142686282
11120550,갈현1동,960364.3933502928,36.81133166773154,8.419295333207497,1.7061600754817194
11120560,갈현2동,984441.1117190326,33.18397997468083,10.983378766874717,4.64190392197055
11120570,구산동,1388754.7637064273,23.74683709434175,4.4918564850882055,3.7328609553309593
11120580,대조동,851064.6931701804,45.5038037515673,16.483925555729602,3.3345575406643375
11120590,응암1동,1109043.8321867322,18.993971211272463,8.696830160124778,2.9522445011395835
11120600,응암2동,754690.319204595,17.532588124072433,4.16785825472245,1.07772144951077
11120650,신사1동,807720.0252850907,30.32569674813577,6.872375928391031,2.1637989520554313
11120660,신사2동,1045454.2596176866,20.704451880665516,3.382863852931233,2.309791703833618
11120670,증산동,807136.3723603964,24.010556602665584,7.499799247176496,2.1353412996786436
11120680,수색동,1288994.080472962,13.731596876841884,5.809632669552626,1.3466715224733004
11120710,진관동,11556755.591425097,3.05843075739533,1.0308095084995257,0.9428786468521506
11120720,불광2동,1395058.3164333142,30.198987856719786,3.8959805095994233,3.093509677176338
11120730,응암3동,752218.7382589733,30.81453109021133,13.252784886326928,3.7014990438115056
11120740,역촌동,1156690.8217913862,45.97142254810167,12.575542399393427,2.959073110625076
11130520,천연동,982085.8037135936,10.399609638837068,3.8451413525540943,2.9270683188099
11130620,홍제1동,1234716.3205751714,17.658394359115043,4.491913052135356,1.4323192546089754
11130640,홍제3동,1191622.6020923266,14.997013868159144,5.364468987832055,2.4284097256267305
11130650,홍제2동,699457.7423128673,12.914760703830632,2.51885052557301,0.9022455226024508
11130660,홍은1동,1613942.233830091,14.743695811620317,2.391733402971388,0.9269818594211152
11130680,홍은2동,2073551.3296412888,18.495434432588283,4.57601313808391,1.972240706710944
11130690,남가좌1동,475186.4455984536,9.753125629694289,9.728499286311482,2.3419474087478305
11130700,남가좌2동,783220.5066193886,22.54329237170185,8.332590211356775,3.5677160312683447
11130710,북가좌1동,577555.0412676766,17.674993863803476,3.5381171671290663,2.5904543001044127
11130720,북가좌2동,824237.078308568,38.10495432315635,7.854269017749933,1.4879197702682192
11130730,충현동,1115171.262562828,25.63398558843584,8.848700687868828,3.4639583335683852
11130740,북아현동,458603.463849287,23.754116895188897,9.409095672412745,4.110421744972117
11130750,신촌동,2718268.2848514514,8.66922633183664,8.42042059126384,8.207918426059548
11130760,연희동,2927088.2460902976,21.626061179922328,4.759645936450049,2.5460224842783528
11140590,용강동,790015.9806621224,11.363778160079391,10.905262562532728,1.2692344118238943
11140600,대흥동,847570.4840706903,14.649529082543516,10.13606221492942,6.197316847349113
11140610,염리동,501459.55023212946,20.11585876244046,8.256561615288195,5.349928461117681
11140630,신수동,797289.6461760341,16.54771408191699,8.115273077123033,2.101488201595807
11140660,서교동,1677742.208858603,21.049808599581212,25.783185533850855,1.471213931043429
11140680,합정동,1711131.480088621,12.58026446498602,5.745101648586197,1.4266499656348866
11140690,망원1동,1100198.2831516492,19.69782462769185,6.555507600895656,1.0714434531466173
11140700,망원2동,675915.0220603489,22.932351979354777,9.507874998393556,2.194949081052405
11140710,연남동,646962.683424097,41.15467718490769,10.85497295560416,2.0220398772596746
11140720,성산1동,858622.7767544005,28.142497100498964,10.122396057697388,1.8249774368096068
11140730,성산2동,1977273.225923417,9.129405234721167,4.102523186162699,2.535313344930449
11140740,상암동,8396291.145079477,1.6280966575465856,1.9789476817532663,1.3646004329073385
11140750,도화동,624554.4931728917,19.410885877396225,11.528238829750237,2.249116015287886
11140760,서강동,1477486.1303479704,12.65902209480595,5.354952438896783,3.5876325665878452
11140770,공덕동,1018450.1657506932,28.685372960731627,13.279881867710465,2.8192071877348694
11140780,아현동,743782.7088935665,16.537279586353932,9.257930066146471,4.932593190758748
11150510,목1동,1432068.1548850827,5.957157872678764,7.325791101881474,2.888615565603685
11150520,목2동,1020612.2424162788,29.54023667089365,7.225231184446233,1.3178215483398912
11150530,목3동,531463.9500147799,39.131897033914775,13.859696531070124,2.817198543702145
11150540,목4동,577073.8617576781,37.939351507195006,14.190824710143149,2.306049884058612
11150570,신월1동,621951.4510105938,35.502078260833954,16.75825503166572,2.469771747865354
11150580,신월2동,606373.1224224624,26.14944615092265,9.94262698252192,3.8962556280726375
11150590,신월3동,917379.760310372,17.40984020978878,6.08806646428918,3.800899895496372
11150600,신월4동,469534.5188639525,26.71074640056344,10.24590222979623,2.858791893226702
11150610,신월5동,637843.5041681058,21.111483013112643,9.97861121191974,2.5979906713617344
11150620,신월6동,443965.829853491,10.132454521773102,5.472645508018037,2.5070920740111524
11150630,신월7동,1229742.6291137673,14.697751571371048,4.44215537353052,2.138900815876573
11150640,신정1동,747026.4143278865,12.541045538628229,7.293732692246843,2.8506152854005857
11150650,신정2동,525516.3905447104,13.359403011855772,10.603476226272097,3.711587688093923
11150660,신정3동,2754548.01680671,9.255091658749992,3.1036416833714715,1.9292025249130615
11150690,신정6동,940200.9858627926,7.097839006205973,1.5889356517585131,3.2695687070772737
11150700,신정7동,1233234.5357700682,7.063221094505673,6.3911606774534,2.695060918801374
11150710,목5동,1765073.5205782815,9.559089722873871,3.690190979408356,4.266087233644249
11150720,신정4동,996421.2101886552,32.564543962681704,16.04788020904664,2.169995041651625
11160510,염창동,1733196.0007027274,7.525361002736132,6.017904776014447,1.6498781082861969
11160520,등촌1동,650269.1672525492,13.574720856034366,22.11073011710168,2.125204634030391
11160530,등촌2동,910005.5269936752,21.156829040211917,5.154850053674511,2.67644337562194
11160540,등촌3동,1059596.5790403178,8.076017787744458,10.644846677081343,5.707134534991823
11160550,화곡본동,972031.8907713532,39.10391709899971,8.95625803023169,2.0675674230275085
11160570,화곡2동,454291.5865664552,50.01672665617124,13.570911623322027,2.834994481589678
11160580,화곡3동,521482.3815115427,33.98562591248474,11.372253283161545,1.4851584558126094
11160590,화곡4동,851431.6652886255,30.183637665413137,12.881770989890642,1.6980926028773702
11160610,화곡6동,1037160.7448248954,19.963999586747175,10.05048491803698,2.353477132254437
11160630,화곡8동,592893.632388941,48.321398694830215,10.678500594286024,1.088141807727399
11160640,가양1동,4967111.377800222,1.9647281890171868,7.069831991029103,6.6132928735073895
11160650,가양2동,823278.047801683,4.080993238394575,2.0703532705250596,2.456436165821728
11160660,가양3동,472283.6424196507,7.281705922480041,8.600359267623642,4.046373369353057
11160670,발산1동,2885594.7091239244,7.106328453509309,7.329921488490508,2.906766289357579
11160690,공항동,10853939.253527034,2.358772656008963,1.744532923647388,0.5403305282756226
11160700,방화1동,1474547.8069130369,20.19575795836739,9.207034940177474,2.6638922847323623
11160710,방화2동,6153142.828359423,4.363158700630103,3.4308093954406136,0.8873467323899742
11160720,방화3동,2557074.204477931,4.489490287353758,0.9167209312725172,1.8579897858705443
11160730,화곡1동,1196882.0128629426,39.1753136819461,17.449250071931,1.7141003254878773
11160740,우장산동,1260677.9668300026,21.100555180865253,7.325494831939501,2.3891231894898532
11170510,신도림동,1391772.8367334749,8.234000158020857,10.906292922957402,2.6066411197774015
11170520,구로1동,1008158.1865774865,5.689454603130809,5.032384439391273,1.491575142061945
11170540,구로3동,1039355.177661106,8.901917377784713,24.96900620666248,2.462015136318814
11170550,구로4동,524117.755468053,22.69688699749805,19.754315995333833,4.803523616643584
11170560,구로5동,1011733.617569924,15.701376715316997,13.566898489926167,3.9304479403994375
11170610,고척1동,1150403.1187430983,13.46988172723309,12.25232090353457,3.8106713631558353
11170620,고척2동,1024829.7435687426,24.000535115339577,6.984485440750696,2.9534604485651252
11170640,개봉2동,781957.1267328948,27.040014709164183,7.581492888577855,1.7675687425493125
11170650,개봉3동,827818.8890789909,24.242236821477977,7.378984301726432,2.7447400533864728
11170670,오류1동,726889.7278929004,24.481536213521057,12.87747677922804,1.9106536408055024
11170690,수궁동,2659440.627180626,9.684690282831983,3.108736048736936,3.086929684026201
11170700,가리봉동,410698.9724840274,35.51430731356118,17.463806881089848,2.650735552566455
11170710,구로2동,1702114.6044065831,18.63140723924987,17.076954737025957,1.8665290604638352
11170720,개봉1동,1319364.5862149764,22.02661760884298,9.780172311907778,1.862820409772415
11170730,오류2동,3058811.871726517,8.983327361661347,4.104329666563755,2.1004449957732167
11170740,항동,1445902.4570771274,3.3717258798613425,0.8206628722938286,1.2226107689085692
11180510,가산동,2511019.6922600977,4.713198780899279,21.68016248016206,0.342672671288625
11180520,독산1동,2060413.4735964937,7.331363188159456,12.636810344948165,1.9196103747177704
11180530,독산2동,616721.2892122008,40.7189294940988,12.91993550381873,2.6227252084111745
11180540,독산3동,934299.236753367,29.95028882564415,15.16347818650376,4.706208653554371
11180550,독산4동,590611.9944669963,31.70830624875921,11.705571224902297,1.733310274979178
11180570,시흥1동,1522242.0314234912,18.895482670802313,14.195896011974654,3.226190939917502
11180580,시흥2동,1307917.9447543644,5.135660210767272,1.3773892535696812,2.1979259493407346
11180590,시흥3동,1260466.14764501,9.820539727593678,9.33606373198134,1.9966819744117117
11180600,시흥4동,821105.9386114429,26.771299259970256,4.692620621101238,2.3776611659837905
11180610,시흥5동,1385952.4856133447,17.074584532388762,4.2290468962375884,1.2725402197842437
11190540,여의동,8431315.760253912,1.1372467809932294,3.100559842706798,1.375689282499102
11190550,당산1동,744759.1147104842,12.766318986977955,28.04069401936066,3.0854690776728084
11190560,당산2동,1580150.6576499194,7.936098592950455,9.849988096841916,1.6413022038806009
11190610,양평1동,974200.448288198,6.61593987078967,18.04212611521657,2.2832231185934795
11190620,양평2동,2872495.765241954,2.8618587345163102,6.957480803532524,3.033762408087607
11190630,신길1동,722392.3817793673,33.943429653216405,12.21661553921349,2.678549851194257
11190650,신길3동,519701.8126124086,27.698692718715012,12.84889120965344,2.988757609205078
11190660,신길4동,322364.478602302,27.937111860746956,8.598721501790282,4.4263815901418635
11190670,신길5동,494289.86478482984,25.950922950306214,8.388887378603686,3.55199416829032
11190680,신길6동,617898.9496416408,23.460805440584696,12.118694199789912,3.18317721117967
11190690,신길7동,646693.3288146224,11.071095964552034,7.444190770305048,4.710638311608071
11190700,대림1동,498611.8130900599,32.24928850603567,16.019762876575584,3.413938555687871
11190710,대림2동,572120.0235324813,35.64082306891703,15.960474280208894,2.0343704484913
11190720,대림3동,921021.5398362548,17.612302615017512,17.349769740164483,3.4015130837656447
11190730,영등포본동,845748.9302889162,23.160672704202113,12.269841734629852,3.060593045068728
11190740,영등포동,1371086.5816971257,6.052491962865517,34.824225126919565,2.1928891594683564
11190750,도림동,585455.3412494983,30.743112747436538,11.939671330601143,2.460696677155298
11190760,문래동,1785402.7320093953,4.645862941528475,22.7229574024564,1.8893259143838992
11200520,노량진2동,600124.1255213493,39.482467989612296,14.869788756270408,2.252852917485874
11200530,상도1동,1481755.498568926,22.737437683468745,6.835759526840317,4.83320963803295
11200540,상도2동,778079.182985511,27.192152199750165,10.450135387750263,2.614453105281403
11200550,상도3동,636728.6622762942,47.841405346326546,8.500116711043027,2.8471296979292404
11200560,상도4동,938866.7184147204,42.798029620923195,5.471090769878806,3.2661183860646954
11200630,사당1동,634697.5965846108,41.32820576114757,18.62742081126078,2.3572582082399314
11200650,사당3동,907007.0835460091,19.3897617207278,5.269118714977859,2.84892993237489
11200660,사당4동,435822.36383206456,34.616008378076685,7.513914066143247,2.172969537899882
11200670,사당5동,681690.2713847598,14.229893753952224,3.7402387274863904,2.7269836671097383
11200680,대방동,1543763.0700794023,17.75348539519645,7.985175356977712,4.973061454419332
11200690,신대방1동,674784.6244719744,25.37558798094846,8.926579792720549,3.352353164484588
11200700,신대방2동,976657.310568742,16.604357405868573,8.296011246413336,3.625313795823378
11200710,흑석동,1707033.866053747,19.1282477838083,5.031091963357372,4.273135289938314
11200720,노량진1동,1612248.6330196003,13.715534039274775,10.841331194577744,1.8409984631768233
11200730,사당2동,2761137.42801799,6.830755992963225,3.4643387098976386,1.3886070710270502
11210520,보라매동,749326.924434749,40.33878962850384,9.843576414560545,4.192048137472268
11210540,청림동,296933.9104723308,28.24180831905342,6.747624502539217,2.525460542575669
11210570,행운동,717700.2657625523,31.439449133630752,11.290867752013144,4.457607808702538
11210580,낙성대동,2261134.373164907,7.810020595451093,3.454374562268737,2.1990553747028683
11210610,중앙동,384442.6728190986,40.31293596681593,16.45988109175256,3.0697652161976374
11210620,인헌동,1088265.8195931085,24.14794095689201,5.657206336553729,1.9956977519845371
11210630,남현동,3278571.494441279,5.525729222059325,1.921017329534545,0.5508771611256656
11210640,서원동,647053.8801459006,42.27541875390109,11.251396347718105,2.3037445600280053
11210650,신원동,544575.0226685876,43.61096210639498,7.765362406382039,3.2253643925617275
11210660,서림동,940554.7989477152,25.179694197656893,9.14803212179418,1.840657949323658
11210680,신사동,640559.5204267779,43.63639218728541,16.730301652714914,3.0423012980319335
11210690,신림동,540840.5042011158,27.75491774952219,28.039538041738005,3.4216892002116244
11210710,난향동,820791.9469069774,12.266057434614428,2.2122561049973744,1.14905848325505
11210720,조원동,666117.3511987159,25.914340622262692,21.657475439092487,3.465508538142031
11210730,대학동,8398948.30479121,2.4098972115086164,1.5791935817248357,4.045564853698759
11210780,은천동,775637.1496100364,32.52585727203692,12.221296800293963,3.26602798981934
11210790,성현동,677719.138262707,23.07574073164866,4.308978241296315,4.831310794323339
11210800,청룡동,1194718.0123688118,21.079207007611636,11.041334739930504,4.302121572366155
11210810,난곡동,971656.5980450248,33.66129260738504,5.071090640727823,3.0015919417774266
11210820,삼성동,2602463.7178967516,9.957248959534928,2.6624961995902523,1.1693843309929313
11210830,미성동,1358429.7106797148,20.876746242158195,7.267185111264085,3.677265110562341
11220510,서초1동,1381640.311498347,15.86310902189819,15.544256774355391,2.9802961948167375
11220520,서초2동,1229992.4989059705,5.335678466896112,14.70834961097514,4.0113517703533486
11220530,서초3동,2996312.161498385,9.530631655753112,14.3217449224489,2.992534326374675
11220540,서초4동,879108.4600329077,11.186332861366957,15.707532481242415,1.9421185146147808
11220550,잠원동,1755541.6450200342,9.116003426541562,7.40734731346791,0.9119879484305408
11220560,반포본동,971806.9766001288,10.934382313237592,1.8696595856146243,1.983376967478906
11220570,반포1동,991618.4379388732,17.420397973077808,9.886043256792826,2.187513839563911
11220580,반포2동,1394982.7278886442,5.826730503598674,0.8281192213817306,1.5932440096012916
11220590,반포3동,1250766.2395342449,6.666129710840436,2.903871270486897,0.8308073788682128
11220600,반포4동,1426067.0123753326,16.946554519289002,12.708339193514805,3.450070205442622
11220610,방배본동,677002.2395720058,26.735453621265822,16.774167077600506,1.4420693428001254
11220620,방배1동,688726.8297166858,27.96472731203069,14.910316113686372,1.4189913318971834
11220630,방배2동,1902603.3492622387,18.05300203772969,7.3758243709239375,1.6041585439575907
11220640,방배3동,2373348.9591862126,8.521839959185904,3.3340980704430088,1.6545801677759806
11220650,방배4동,948814.6546252748,31.47323131917356,15.752634966623395,2.5653067214634815
11220660,양재1동,5760998.857359762,5.777510492266398,5.480335149800529,1.088041445943687
11220670,양재2동,7556516.713944547,2.4903920238356037,6.551133434067569,0.479337081444232
11220680,내곡동,12699154.071999604,1.740771587365006,2.1294473427559177,0.2544587933661869
11230510,신사동,2057678.2068921516,6.738110711678378,11.964415709556706,0.9487519027569086
11230520,논현1동,1257791.475688569,26.539973189979985,26.6055966987637,1.0268934967112604
11230530,논현2동,1457417.316169823,19.30291383246731,27.920356028567767,1.5274211961267865
11230580,삼성1동,1943143.862840983,7.267361198019723,16.296948665760702,1.9041029820801705
11230590,삼성2동,1241325.8824145892,17.9669561836143,16.322354115463014,1.6051182909541364
11230600,대치1동,809204.8117973416,9.294746221972524,5.206055944546146,3.208864899631303
11230630,대치4동,700546.9238886284,25.929751913410527,28.151707452572627,1.9188019587269811
11230640,역삼1동,2360341.2453272543,19.436312131796495,31.98310655370353,1.1185934723388256
11230650,역삼2동,1134166.177711371,18.407791132354177,18.991425717280325,2.338378959999026
11230660,도곡1동,1049811.171380735,11.186660813036417,11.94483000855163,1.9422719203716623
11230670,도곡2동,990008.6658603408,7.875920804764676,10.317262733954609,2.9994274850460396
11230680,개포1동,1448844.283505292,6.37195150139028,5.523827203983353,0.8251816343932338
11230710,개포4동,1664191.8829674898,8.68065309986538,8.357197176486023,1.819681051607994
11230720,일원본동,2352816.255382805,4.561209454994876,1.9509615788364405,1.764918925990884
11230730,일원1동,952738.114469984,11.734884650289027,5.088696736453787,3.0080335932450293
11230740,일원2동,1299292.829807386,3.2929001880883844,1.4078774852605451,1.5308305802484266
11230750,수서동,1628146.9985285865,3.3015903543348326,2.766398983497462,1.4269596285419373
11230760,세곡동,6362857.325298201,4.7518666564347845,2.332646872358248,0.7572222291017798
11230770,압구정동,2343278.206528037,7.159807290591144,13.655091061395472,1.2812846507845534
11230780,청담동,2327443.094732763,11.737956276998023,14.863976280586195,1.0576698337074844
11230790,대치2동,1835962.3843479156,9.729824424686631,12.86995798136062,2.2571377967041775
11230800,개포2동,2241622.2462875303,3.4784770781741443,1.5921662411850952,2.61948057122587
11240510,풍납1동,1074461.5398369725,14.05990452036147,4.089013104321788,1.1005253350304465
11240520,풍납2동,2562572.8603888704,5.847735333141687,4.294642888724867,1.6047008862678642
11240530,거여1동,521901.4918714052,16.596061925651785,7.033571534914835,3.153621641229708
11240540,거여2동,509222.9393000823,17.10621819960704,6.434278608567098,1.963411639430428
11240550,마천1동,574808.4673787202,31.65716955398076,8.316997294356582,2.6535840387335217
11240560,마천2동,889992.5591763463,20.17828964317358,8.191767463650992,2.327602404851594
11240570,방이1동,608786.9865979014,18.899441945359563,14.044443761422718,8.024730311712931
11240580,방이2동,769245.3185692355,30.92739960500761,23.27062436636186,1.8623764242561271
11240590,오륜동,3082692.303196935,2.22391362234245,1.026867216656086,2.102645188938223
11240600,오금동,1647585.9291789583,14.281818684101028,8.842490243682605,3.497260833958052
11240610,송파1동,686394.2890659347,35.56059337708998,18.154532319120086,2.7253053158735736
11240620,송파2동,630534.1082963527,16.531387623374545,6.919643272023243,5.11100513530145
11240630,석촌동,946183.8649987913,33.67313049067667,18.61085388339298,3.3939541548067047
11240640,삼전동,952604.6672405044,33.02183847927322,12.053299807804786,3.699772540283709
11240650,가락본동,1013951.7007396684,13.996058592601472,17.94247881265429,2.785269388969984
11240660,가락1동,1392151.4367168166,4.129241386914584,18.46299597415341,1.170777214807499
11240670,가락2동,931587.0443693649,16.880769580420036,9.999697548620825,2.9184374234938795
11240680,문정1동,612070.7633651552,20.288271518421475,13.728962524451854,2.1633300164046316
11240690,문정2동,2240295.8369222027,3.1255597651901312,11.731345362316842,2.5681789551724834
11240710,잠실본동,1028207.016197756,24.239876341532927,18.6189801798093,2.6202481771915687
11240750,잠실4동,779600.6155107062,9.657365687015302,1.8574641073685556,2.2428882099710292
11240770,잠실6동,1506838.6477410188,3.7809849362005385,3.5984819116458606,1.3875934121775158
11240780,잠실7동,722932.201466048,6.199978384460173,1.158411164085002,2.067010716883125
11240790,잠실2동,2684789.4768274776,3.018687972771484,0.5893805019750872,1.051047762673086
11240800,잠실3동,1541455.1008072468,6.928859746657813,3.0937466257899926,1.193223163695947
11240810,장지동,1277361.5867775297,12.836835172408914,5.680157654314328,3.790833072674312
11240820,위례동,2638595.697643987,3.2676931743998527,1.172654971108794,0.6141652981618584
11250530,명일1동,634446.9055101952,16.141945966789876,13.393058967114936,3.8373714981304783
11250540,명일2동,913614.1562303422,7.176239134406376,6.172091109713434,2.175801333432225
11250550,고덕1동,1517309.4039229369,9.115756656262974,1.7237122512501784,3.1017282251569283
11250560,고덕2동,2473375.273047397,3.9783209608103296,3.709517666145222,1.967503559222149
11250580,암사2동,2172643.04444782,3.1354032036244477,1.7956361532081195,0.7273272746930651
11250590,암사3동,1797967.1122820256,4.648990565452961,1.163186083358462,1.3079891511996125
11250610,천호1동,668477.5722608304,37.344449779351955,11.319115916842977,5.336392604265681
11250630,천호3동,561435.1753777919,36.955441678664336,13.839623584788788,3.1342527791241666
11250650,성내1동,663160.2397709946,19.555900533326906,17.677620752175354,5.725742999581108
11250660,성내2동,624661.8694407982,36.66725119707858,19.446240315116285,2.3875328973192516
11250670,성내3동,646853.1167711924,30.011961566971717,21.76379500051495,2.935867205089809
11250700,둔촌1동,911467.3177781738,9.443783215249937,0.8451401942913199,1.820579164805616
11250710,둔촌2동,1549245.6166016578,11.009211319868974,7.937267204579788,2.512848546971351
11250720,암사1동,734907.5996205076,41.90855404748615,14.633951360450318,2.9274610931356366
11250730,천호2동,1849418.510686828,17.257802714275865,11.127659871606223,1.7348316871368883
11250740,길동,1630343.8778385457,19.00313215115049,13.609016445850026,2.9077637552994555
11250750,강일동,2270383.504523997,4.188156024798535,0.9403735762054884,1.5189908402598868
11250760,상일1동,1802631.9229180743,5.046823566687462,3.008433595347307,2.1682680424484393
11250770,상일2동,1115524.997319787,2.1719640157016533,2.771058674346333,0.980834108210746
23010520,연안동,5698090.115403967,0.5312195376713087,14.156811658226635,0.863554909909749
23010530,신포동,1588044.2088715592,4.804735043552025,17.823811008753452,3.850345242644575
23010540,신흥동,3537977.359700358,3.049315224430101,16.86943065882596,1.8891675239154213
23010560,도원동,232792.84223327815,23.729702156438275,9.29024476550406,6.281415952240824
23010570,율목동,182903.3319367831,30.66454385235285,12.258018444735445,5.352833905897369
23010580,동인천동,625879.0301520402,16.170186809814876,21.732368958057503,4.858083407836714
23010630,용유동,39118641.5994845,0.6296966845938023,0.605696908564067,2.0756386136600153
23010640,운서동,52798107.177146405,0.5730098368779033,1.125071889761785,1.6369389549965498
23010650,영종동,36071554.059427045,1.1657930115735495,0.6712476612021594,0.9397836801979988
23010660,영종1동,5663059.356636861,1.3136348306707109,1.1491996631796555,1.459262207594906
23010670,개항동,2873187.2803907464,5.446642141091147,4.420293271329663,1.5560405949374614
23020510,만석동,1133537.4401429596,5.194870419342211,6.796438259586564,0.7189956426203882
23020520,화수1·화평동,286759.69380430743,33.19108327848947,15.435323172272158,2.8408739172204345
23020530,화수2동,592632.7255822535,11.248423773897075,2.877258176536375,1.9726998044862605
23020550,송현1·2동,333197.6428421549,12.43450641520085,15.031333884310612,2.1392975430961023
23020570,송현3동,2234804.8119994327,1.592082957594904,2.21907417620066,0.2590780146921265
23020580,송림1동,196111.37048963632,33.25017194780452,8.69854309978276,4.562967106678196
23020590,송림2동,198130.5825075146,38.97871128230606,18.255270071767157,5.76507286251589
23020600,송림3·5동,519703.88010948943,23.86276446537325,9.871829976645529,7.2242069641715965
23020610,송림4동,799350.0774285874,5.056467019232151,19.549897651268285,0.271481031260032
23020630,송림6동,558277.8169435218,13.534682872023776,15.434614680215883,1.01028261558216
23020640,금창동,289178.29177879175,29.41940180541784,15.01318621728048,6.552043835178879
23040510,옥련1동,2166690.579468958,7.401508115741405,6.664076883189452,1.545051888914338
23040520,선학동,2434373.368987671,4.6633767711316425,3.172433624591623,0.91799379228795
23040530,연수1동,1637775.205098864,10.654807067780558,7.824631547174072,1.4503686965907934
23040540,연수2동,970401.0710977404,4.968870066930808,13.38734446955452,2.135182296029686
23040550,연수3동,863711.7870426993,5.774352325506088,2.463858004776516,5.428213155178661
23040560,청학동,2387927.8221725584,9.145212795695,4.937589349612336,1.9239597750463004
23040570,동춘1동,3820176.295370271,4.084403223235766,2.6087003722320903,1.0045075977981102
23040580,동춘2동,1279195.168934035,6.933408825272407,3.070607669449881,1.6839672203159146
23040590,동춘3동,707320.0973082,7.983569802533606,7.213925759773254,2.8159489019171997
23040600,옥련2동,1992795.9507442869,4.837618659126944,2.7860515141955453,2.404160567388553
23040640,송도1동,5835537.738022011,2.16760914436224,5.467099274069471,4.069624717380968
23040650,송도3동,22050487.95766972,0.3665090620278244,1.178123983160868,2.624755677996179
23040660,송도2동,3602732.2341179075,3.0966094430670617,2.9648290759966383,1.7528925400947186
23040680,송도4동,6956440.124734939,0.4926704835680697,1.2325163415932052,1.401769326112536
23040690,송도5동,6442297.419701075,0.1934637411641525,0.6976982109910775,1.203623149194059
23050510,구월1동,1677118.483588371,9.893659668085515,10.805327615507624,2.7084815114051946
23050520,구월2동,814005.0698888053,22.22676044267187,6.229929026700172,5.045508552855954
23050530,구월3동,1837133.8089600943,12.303954908190988,20.933816631505188,3.5601884856625987
23050540,구월4동,1041376.9139981732,14.49775723478927,11.668875306716345,2.9812148233144837
23050550,간석1동,946362.0933608314,24.24363820829877,11.664541257550272,3.2377857852016647
23050560,간석2동,594520.7376861617,20.38932895504525,20.655086571216444,3.819679661734071
23050570,간석3동,1649515.8052685305,12.592415248470932,6.277133016009555,2.296788708362684
23050580,간석4동,1064968.446689233,16.8328758203347,16.183742899813296,2.6404120638081405
23050590,만수1동,756337.3383250276,14.721079917548252,9.010705360419582,5.661257603148818
23050600,만수2동,851791.5745541562,15.476830397587657,7.2285041368661,3.627996782284843
23050610,만수3동,1267308.4882980315,9.04584835519188,2.698224639041138,1.5426445049281494
23050620,만수4동,968085.9056776034,11.717291599628933,1.6232893458206423,2.71676933341836
23050630,만수5동,543834.570694839,33.484756115869445,15.399176534902692,3.3224967579509275
23050640,만수6동,1720844.001208112,4.949426333581805,5.7261330093637355,2.8666547397265107
23050670,남촌도림동,9842225.403807843,1.801109131228503,1.946197218114441,0.4075131833380878
23050720,논현1동,3814666.731441589,3.901019100668255,3.622303091655995,0.9581654060096416
23050730,논현2동,3262346.0117779886,4.062201072625459,3.2769063797002618,1.7613472674297734
23050740,논현고잔동,10973645.463893823,1.3041229031585195,1.8477282160763084,1.672729434630534
23050750,장수서창동,11426856.629676295,1.348582125132794,1.7935728845590169,0.2364331853963359
23050760,서창2동,2512021.179023965,5.487174928749966,3.217643642117453,1.2034013811995898
23060510,부평1동,1095934.247552803,14.62605429294688,15.485555357240118,2.8656573395212828
23060520,부평2동,2340698.1616515056,9.265315816575404,1.6798508564862291,1.5171522922518037
23060530,부평3동,975076.5696862468,20.812162033628123,7.622619295383724,2.9933814458301944
23060540,부평4동,1052968.3716851927,23.58481055282696,21.945890222712745,4.174358555187772
23060550,부평5동,808586.6766168202,28.085509812020355,27.43525225205088,2.562769511790401
23060560,부평6동,705636.0939341272,20.6102325139161,10.907136412003265,4.336764810290663
23060570,산곡1동,2296474.418341861,11.681453064811098,2.855441526462644,2.103802205466457
23060580,산곡2동,813066.4694772119,14.181835608002244,7.317482356885312,4.946217643672596
23060590,산곡3동,1638378.2652149687,9.360771484087383,3.243865855712733,1.699499018912933
23060600,산곡4동,691381.2548464547,8.096767071014348,5.1300505605964695,2.743748198363739
23060610,청천1동,2085520.817996633,9.576017675880282,4.986223315462645,0.6928565131698873
23060620,청천2동,2817946.364087336,6.1412797003096955,7.93372337483065,1.1702578939298431
23060630,갈산1동,1100270.7575942655,13.14573083132492,8.938172940413178,5.035018245718905
23060640,갈산2동,673671.2985539924,8.696948626617973,7.1129965959787915,4.514979193812167
23060650,삼산1동,1967936.7251757188,7.609789001250005,4.911955181790724,1.992574363176948
23060660,부개1동,927861.0711410766,19.701752668523323,9.31792950088425,1.149234805786527
23060670,부개2동,722207.6394129527,20.57219209137657,10.427341596762536,4.308264068893645
23060680,부개3동,869757.6074790589,12.79640692294574,6.0055007859304395,5.906506040352316
23060690,일신동,4327179.893256089,2.1750205753656915,3.25072659541297,0.3979313101783015
23060700,십정1동,1739827.5583999243,8.482365605120878,4.947091740033044,1.4195451125077982
23060710,십정2동,1089932.3724940124,25.899577588469764,14.36958639198826,3.12081936275355
23060720,삼산2동,1351600.3472381204,5.539653857761762,4.75563722062312,3.4025600498552384
23070510,효성1동,2081340.301196318,15.360725796225328,5.025651644579066,2.734312791445064
23070520,효성2동,2908541.4803740107,5.943758484082813,3.2621690005535218,0.9756833371111926
23070530,계산1동,1456386.3806299174,13.4033419278058,10.835578437347786,3.70233418678962
23070540,계산2동,1582885.061048987,10.570393546902553,4.388237294636921,3.1469380882028086
23070550,계산3동,521934.6267364881,15.452403933298106,6.605422801010008,5.520295543766459
23070560,작전1동,831423.8624097704,14.870737170531449,8.621741037260666,4.994633820527205
23070570,작전2동,967317.6369148648,22.144220239926092,16.07189374779308,3.1661354419739265
23070580,작전서운동,3276346.7321984195,4.028659439319792,6.0904150745993775,1.3062954257782284
23070610,계양2동,4156051.4950590273,6.049325859448964,3.165393923435764,1.3313645522092732
23070620,계산4동,850271.049002766,6.413093224879489,13.222742236035147,6.062196914958999
23070630,계양1동,17059703.82925015,1.418128853942314,0.8721692570844004,0.4860121578147122
23070640,계양3동,9811156.760748075,1.7178629440396411,1.5416131904671864,1.0945462104749435
23080510,검암경서동,14995076.185170509,2.935512502726582,1.5890549333541428,0.7944248354125903
23080530,연희동,9447146.793453284,2.9287679440693943,3.0017237472151703,1.6618160280603895
23080540,가정1동,2434775.880984493,6.681122828557035,3.9182542182047446,0.6804597744439169
23080550,가정2동,1282108.1081720043,2.270669201627604,0.181336181908996,0.7140274350075387
23080560,가정3동,588929.4525350941,17.43026390750127,1.5712690562620957,2.215330116002687
23080580,석남1동,1146365.032019579,19.04100079105993,11.775938965372236,2.3420479899699105
23080590,석남2동,2721862.5582637764,6.572832639902259,5.912305361774971,2.2219789712937055
23080600,석남3동,1449821.494738116,11.882135782249623,1.955944604798424,2.6153628672394578
23080620,가좌1동,4342249.085896852,3.116548166616745,10.667721679013397,0.2499274467269152
23080630,가좌2동,723919.4464038014,9.897979843508974,4.25023946919663,3.3848430268105267
23080640,가좌3동,1940273.52476485,7.596119328453313,4.756810042658123,1.2632615162395766
23080650,가좌4동,1898898.0198047769,5.735334093566205,4.330815872187153,1.7397923003581417
23080730,신현원창동,10077340.6571345,1.9122220429346288,2.8207539913576305,2.4908145411308693
23080740,청라1동,2468432.7649937603,2.9139543193613053,5.9962454532415155,1.542372087616478
23080780,청라2동,4919153.608087285,2.7000893825419303,3.379995039207087,0.7358794544939429
23080790,청라3동,13193758.12190356,0.5885589299120869,1.0660841146619355,1.3289685127488633
23080800,검단동,8023444.208917704,3.4655121560861466,2.230177878761133,0.6743806917331447
23080810,불로대곡동,10778818.16820961,1.2098493339421317,0.7679003372568494,0.3457031660872761
23080840,오류왕길동,30001742.756051823,0.5806900462965559,2.0663201869824617,1.651040376535455
23080850,당하동,2337751.8306001932,6.216220354245113,3.247127457927056,0.8665505342987894
23080860,마전동,1212445.5446917498,7.996125585554889,5.377832311072561,1.5609423039136754
23080870,원당동,2617157.2762236046,5.762786305837176,2.532156217723408,1.240905544838261
23080880,아라동,3959671.7114068153,0.0192960130623405,0.2859048098127544,0.0642882967211376
23090520,숭의2동,531473.4413861771,32.93707013110595,15.752437194757496,4.802269039474984
23090540,숭의4동,792683.9645430506,39.542996339021045,7.463391764614108,3.0755972767025863
23090560,용현2동,665065.2343473,15.33747476927783,7.481820779085682,0.8217363802147749
23090570,용현3동,431558.8466091296,42.42790802862654,14.302429614733752,2.231618619166994
23090590,용현5동,1957900.9924714027,12.016820576376716,6.936672448419063,2.190449815783728
23090600,학익1동,5110100.169570089,5.166520039895605,4.149314394976591,2.0851889923054023
23090610,학익2동,836011.7468903657,15.653170097673028,8.874342864028865,4.17852128389446
23090620,도화1동,1003167.2694083796,28.876878815871027,11.756482417532062,2.689902910125912
23090650,주안1동,647514.0515765405,18.49183163820657,32.514122952847245,2.6262109783842327
23090660,주안2동,1008387.524117816,46.06436839511672,10.59516512118145,2.9749402150634325
23090670,주안3동,459175.30140411615,45.18466772490128,12.090503705589049,2.6934936072468845
23090680,주안4동,980424.8298038936,43.9987613560523,13.891871207274164,2.3650366154719022
23090690,주안5동,1163641.8821710022,16.026236957785464,7.93464212217464,2.920145472331356
23090700,주안6동,658445.183844534,20.860247032154938,21.898328912328243,3.525299878453472
23090710,주안7동,483672.2261900338,30.649356462002363,15.660369519274598,4.0269874921395195
23090720,주안8동,776416.6453795775,22.15012373146432,9.675742659131648,3.084054293517488
23090730,관교동,899128.9866761123,10.211344523174011,8.912753565845282,4.697894857264058
23090740,문학동,1712652.002670394,8.459147027460675,3.1392841606436495,1.4404868615486934
23090750,숭의1·3동,716628.8402033298,21.4072851283268,19.99639737503314,1.3022865762167597
23090760,용현1·4동,1258625.0061182696,32.54473742293006,9.683777877903566,5.869912695033283
23090770,도화2·3동,2873388.406609047,10.572272867869811,8.123766211873953,3.4432272851407224
23310110,강화읍,25001807.38348573,0.0,0.0,0.0
23310310,선원면,21402707.9287831,0.0,0.0,0.0
23310320,불은면,31610837.52908328,0.0786565353348676,0.0150820520712291,0.0068764911324583
23310330,길상면,35365733.26261098,1.1203371922681744,0.7130093016488014,0.6223511594551405
23310340,화도면,42404012.36930039,0.8491476876234815,0.442781852061995,0.4176654693381664
23310350,양도면,35616561.03078054,0.1055767612556525,0.0519447671341618,0.0744799485905215
23310360,내가면,29864424.763344254,0.0,0.0,0.0
23310370,하점면,36369521.83549997,0.0,0.0,0.0
23310380,양사면,27285312.176475137,0.0,0.0,0.0
23310390,송해면,22294620.57216245,0.0,0.0,0.0
23310400,교동면,47026965.10923379,0.0,0.0,0.0
23310410,삼산면,45594610.00837289,0.0,0.0,0.0
23310420,서도면,13133662.466184698,0.0025425382260608,0.015538013350088,0.0
23320310,북도면,19219096.668513216,0.6783225275408941,0.2858261679853137,0.4902933914779563
23320320,연평면,7290845.820422568,0.0,0.0,0.0
23320330,백령면,51352952.29440467,0.0,0.0,0.0
23320340,대청면,15839095.692613175,0.0,0.0,0.0
23320350,덕적면,41503866.91762053,0.3369856941722148,0.108029024740324,0.2103869290994213
23320360,자월면,20182449.54706636,0.4626077389806511,0.137464898701738,0.0872206278667442
23320370,영흥면,29845537.197176337,1.0026209526826393,0.56441904093694,0.621008615944312
31011540,파장동,8638370.87660329,2.912141113234546,2.023532526977144,1.1943689856460795
31011550,율천동,2996941.749676557,9.23331066425396,4.103522543436788,4.101355791251271
31011560,정자1동,1147008.1895737827,13.08884545146335,6.140919431612459,1.4778071137009428
31011570,정자2동,1215190.39647067,20.126778691133115,10.608772982968851,2.8929692949313437
31011580,영화동,1281458.5679208382,24.84668494441241,17.538987053254523,4.014329133440577
31011590,송죽동,1675128.4984900448,10.953700496613296,7.488468501663024,2.257809346154366
31011600,조원1동,1634290.3934578649,18.996546835155833,6.620596424725922,3.322645361918861
31011610,연무동,11566580.688624931,2.7111248157386707,0.9632547177174908,0.3801551147444094
31011620,정자3동,1907339.2233128096,6.306126867162232,4.931288124719609,4.299443281753486
31011630,조원2동,1255613.1540954723,3.567638887650674,2.912584308195906,3.4418612876067964
31012520,세류1동,786327.9041242163,13.296764372350848,3.334274021244042,1.6993257018756247
31012530,세류2동,4152129.6459888727,8.668606454320523,4.159799978264747,0.4835687042075576
31012540,세류3동,876174.141686351,37.725165503181785,13.52532103883807,1.920896753282836
31012550,평동,10857218.625844011,3.5298456847844135,3.3326975884079713,0.9212646510610298
31012560,서둔동,5441480.286954768,8.611019719853378,5.22740085038424,3.6894604297690368
31012570,구운동,1941000.1143142637,9.064637893249976,9.846889722205953,1.329360677490916
31012600,권선1동,1219242.0335503058,15.033722421074176,23.278470621822336,2.124646870674808
31012610,곡선동,3596028.8383278945,3.3568015222098055,5.225427035083942,0.9684310877680996
31012620,입북동,6947168.782964286,1.070931873162378,1.3613155636668606,0.503797207896079
31012640,권선2동,2457543.2492936,8.069658954876353,4.368794970588723,1.86311992406678
31012650,금곡동,4095864.759618282,3.20969453788991,2.884085575857961,1.2029231586495457
31012660,호매실동,4748119.36203412,2.8182150449357226,1.8274087372289791,1.066198537322932
31013530,지동,792689.9859670645,39.66331180637611,13.446459023934723,2.402700116617781
31013540,우만1동,1304417.9340975764,16.528162031250545,10.041357332573869,2.869673416432392
31013550,우만2동,806373.9123451172,10.059874295327395,8.566242513682173,2.708310785543896
31013560,인계동,2919529.8222320825,12.114160822377713,18.665541999804606,1.7676569946305545
31013670,매교동,723059.4262438224,24.89214064594078,18.252681068177253,3.183784410189149
31013680,매산동,831471.8674998013,16.414595338250066,25.144346842285405,3.0992601087639833
31013690,고등동,1013302.870482598,18.41583566714499,6.865176177184885,1.701415203162665
31013700,화서1동,954281.7774610998,31.191455389911788,10.994072464767273,2.659651251292909
31013710,화서2동,1952811.1087348757,4.8855555787456995,3.4784900214097907,2.8794967290665667
31013720,행궁동,1560870.4584030416,16.47722837190933,18.4202969751162,4.518594894500998
31014510,매탄1동,600865.9147399903,19.616940346030233,7.878368349841093,2.155176694933529
31014520,매탄2동,607867.9924610977,20.34743171228261,14.53734472562722,4.1031522065495265
31014530,매탄3동,3182368.1889605806,5.046702587811724,7.565533948492748,1.4330251851009996
31014540,매탄4동,744992.8615347812,15.87987306013144,8.016316482401724,2.051450902898537
31014600,원천동,3236457.808396089,4.795061019883633,8.413459215248423,3.7997385453004937
31014620,광교1동,7966171.854025573,2.5001038991331925,2.9003348045473833,1.7041202454492543
31014630,광교2동,4142007.101563594,1.43537255102812,2.05665519355148,0.6593801794640786
31014640,영통1동,1687406.7071286,7.665682269460366,2.325086697440361,2.736794684976119
31014650,영통2동,1368287.5199494923,5.906380965933546,11.999825822403762,1.3879117198007722
31014660,영통3동,1697975.628317635,7.224599445261957,13.242014643008336,2.4813448358153276
31014670,망포1동,1026629.8954054178,10.065536545546944,4.632457742916718,1.3371699175547016
31014680,망포2동,1418998.8999447024,5.713784655287478,3.406988873291392,1.8262280484912736
31021510,신흥1동,322595.9436582764,41.00550170678826,22.064543897379615,2.1264893057129015
31021520,신흥2동,1140282.7340541172,13.263558236915395,4.779521353149666,1.9808294749847415
31021530,신흥3동,321158.54014481086,31.02243884016439,24.296741048210727,4.2312530098328995
31021540,태평1동,1341075.285343589,11.824571421062908,5.0327745321716435,1.4917203007935258
31021550,태평2동,482254.4131303171,35.465148179683815,11.55325132329294,3.0718406147392705
31021560,태평3동,371118.3766184005,36.500172397569045,14.353953472735522,4.8963772782058035
31021570,태평4동,404262.6538805044,34.648717843581856,7.884775840861949,4.233096634009204
31021580,수진1동,333161.68894740375,44.532350395241046,16.442161501072302,2.2096154238859436
31021590,수진2동,923875.4457980378,14.85226973339431,8.360528786448423,3.4927802753509853
31021600,단대동,802478.6311713601,10.61990721275476,4.458396310223382,3.8585831776329025
31021610,산성동,584530.4312580619,22.106633094246103,5.074425705434287,6.613137067630341
31021620,양지동,1259358.8899351556,6.993899357119264,1.7777225096985725,1.6693322621483726
31021640,신촌동,4979344.64251297,1.9326558591258265,0.7993467402823848,0.3498581490364069
31021650,고등동,12312881.271767534,0.3999523516326844,1.1576348919571753,0.3078406831986732
31021660,시흥동,12939262.702320512,0.7948541520139348,3.630124821032775,0.2903879129897806
31021670,복정동,3556491.412175281,2.54844357753299,3.771707184046016,2.7952967410980696
31021680,위례동,3163805.103331231,5.155502272904733,3.845381959959343,1.2796019805391623
31022510,성남동,1999238.5482690777,11.910497905433436,12.768848539154748,2.7846381765505397
31022530,금광1동,605703.1643668589,24.60129053613602,9.734210364148364,3.4498815084244487
31022540,금광2동,1093936.1946973717,17.99598857149702,7.872766665412064,3.812816704032607
31022550,은행1동,272917.98311842635,19.262037150922723,2.272606484990532,2.0050896466362667
31022560,은행2동,2405438.6022241386,8.329284849649325,1.770674187985506,0.7543744770962232
31022570,상대원1동,6785851.5626591835,2.7302479675179554,3.5175147594942104,0.6743541145970728
31022580,상대원2동,513822.13547370344,31.74302623881504,12.647382611482437,1.8744491772262724
31022590,상대원3동,305658.1345080642,44.26125726703115,17.053423573867477,1.8940074952942736
31022600,하대원동,2337584.1676375675,5.159757495107279,3.9879312183105062,1.5741155663869768
31022610,도촌동,9391862.55162816,1.230159698719981,1.4943810039255083,0.6153797565892
31022620,중앙동,678680.8426891365,19.287696485589397,14.054081452704944,1.4782992438299825
31023510,분당동,3383924.964477343,6.783575068112169,1.1314037968561592,0.5488363939731629
31023520,수내3동,1049032.4147462875,8.695601227903966,2.8467180556514102,1.4091072391548756
31023530,수내1동,1021721.971303848,4.06502664255285,10.011517944682998,1.5669725631402904
31023540,수내2동,822699.8582144559,3.910594744361558,1.364454114444763,1.2435237524492777
31023550,정자2동,501934.47758814984,7.653612531898769,1.4690536683284747,1.510070682722109
31023560,정자3동,1968712.9082825372,3.9061085101203137,2.5385206973553984,1.8065079527882528
31023580,서현1동,7484774.903812579,1.613686378370242,2.8916502341495627,0.4910381681347326
31023590,서현2동,780059.3665657,9.834214915991527,6.077423382648416,2.5716664035805588
31023600,이매1동,2882911.0894002933,4.241549476316918,1.592562481703779,1.0275454303288092
31023610,이매2동,635513.413085204,7.722128839663394,2.189261885927469,2.177861857194477
31023620,야탑1동,1151192.631858954,4.650049049215824,13.567566540595177,1.776838681443302
31023630,야탑3동,5104612.582942959,2.878003635437761,2.5328024310058885,1.3865268319422388
31023640,야탑2동,622753.1162588327,8.460830642242751,4.622735205322728,1.780199979180883
31023670,구미동,3755051.8651012057,5.562575175461103,4.84937418177073,1.1528515626351985
31023680,운중동,17571575.008125495,1.455303112651629,0.5593372938752634,0.6961490186056766
31023710,금곡동,5758613.115250431,2.283581296334421,1.8298792012826464,0.5559845784245259
31023720,구미1동,3544160.8244720898,2.904677325821473,2.3846495333735604,1.0793784457648223
31023740,삼평동,2794522.0360885975,2.94236660396448,9.369491092893956,1.8513339453213575
31023750,판교동,4572927.3405391015,4.571910406693239,2.228121038157648,1.3970921834408387
31023760,백현동,1931244.924967585,5.021938560927746,4.927447772287278,1.268862923341263
31023770,정자1동,1455773.3504959438,1.75335279506631,7.1843466520996255,2.736243664546292
31023780,정자동,973853.451224718,8.531104576003159,12.155748697143776,1.516922515695633
31030520,의정부2동,2318580.949201283,13.58049995077262,10.241315578657968,2.311803001555699
31030550,호원1동,6222574.511163914,3.884646201602732,2.119810193830227,1.1129761792253885
31030560,장암동,8956291.095410803,0.7404182138109047,1.532987828106809,0.933894415177908
31030570,신곡1동,2955287.4839392975,8.750274632129406,3.574190253824875,1.347041870258887
31030580,신곡2동,2434329.366097703,6.4292119204548674,4.253721329630246,2.8244162865553544
31030590,송산1동,16084116.053745732,1.6484792185578905,1.1992074955369063,0.6704519946710745
31030600,자금동,11844592.492936922,2.1754750304531547,1.4874811999564237,0.6443635999173837
31030640,녹양동,3824332.491088906,4.238024797529586,2.984112014460349,0.7714001069868621
31030650,호원2동,4492905.412638145,3.4308682314833696,2.3509583207555975,0.7626611606609532
31030670,흥선동,6628067.555966498,4.6044609455791425,1.7899233089650264,1.1186759880472543
31030680,가능동,3307758.7089761966,8.984365782746652,4.924331194445573,1.835929496055964
31030690,의정부1동,1942528.5463804388,21.54523028496448,25.49121929641791,2.55846942715543
31030700,송산2동,1448551.7300953765,7.605167511875874,5.918059366455462,4.269818484022446
31030710,송산3동,9298812.27386127,1.3867125984535404,1.7293472209361955,0.4768447282818309
31041510,안양1동,606235.3065838999,8.044393844680092,25.128353396965093,2.473474203821229
31041520,안양2동,1707895.1018713666,13.481985099389624,8.37483233816621,2.367461919803098
31041530,안양3동,727658.7357754287,19.354425607863853,9.290465536843907,7.043626070673204
31041540,안양4동,309922.4087719449,15.88658673103111,27.60255263717204,5.683956806240704
31041550,안양5동,643676.972246775,20.054405358760576,11.40102361662858,5.390410312398337
31041560,안양6동,1439898.6015935575,10.9609025417019,9.893387318019576,2.1783335545365823
31041570,안양7동,1053472.7085000111,4.205992433487536,7.787612544714313,1.1136931464225228
31041580,안양8동,1168551.1458183138,11.13301683987859,5.4000434668381665,2.8337948843049303
31041590,안양9동,6524845.63726193,2.1555881137196176,0.5791194106140197,0.4164553906344951
31041600,석수1동,10361544.636829369,1.240270804591406,0.8544345897001756,0.7660333524064604
31041610,석수2동,3310775.949978688,7.538078197303741,4.1916734192949345,1.0512622936734248
31041620,석수3동,788396.0647614873,14.169429826654293,3.635222404519569,3.175521214335977
31041630,박달1동,450832.83743023674,33.53103635962415,15.88700808494801,3.1622839660508175
31041640,박달2동,7421677.838494126,1.5067715043899896,0.8607685689973884,0.8140204799241864
31042510,비산1동,2096925.7574221413,3.1578695684473725,1.3352555058283555,2.8878343684869776
31042520,비산2동,476533.6440440459,7.587124468942143,8.537427955186018,2.252485033833285
31042530,비산3동,5331645.434964789,3.7262594729972265,1.3848148399446147,0.4075364363028669
31042540,부흥동,483248.1295732203,7.894687990473946,4.039864678515036,4.433360361438072
31042550,달안동,433439.2231034867,5.561439173990359,5.9633849409206015,4.100722239140945
31042560,관양1동,3237305.156229086,9.137903497975731,5.49149496564126,1.1023633810092883
31042570,관양2동,1659422.4341558293,7.541994551228178,21.10445154346158,1.74374106350363
31042580,부림동,947004.679160144,4.489357308402899,10.088507127745745,5.654861094898803
31042590,평촌동,532978.6172584533,9.267027695195749,17.958970877328596,3.77710212436103
31042600,평안동,830754.9086658291,6.3039715097144216,2.645744050780852,2.4468988554300695
31042610,귀인동,714894.2610288577,6.4315448801108674,14.231656098209433,2.4095111449642705
31042620,호계1동,1005344.3914934322,6.379382039829097,23.050640052171097,0.9750378860442336
31042630,호계2동,1660282.343669018,7.1433667887509875,6.725452673443737,2.65836192018962
31042640,호계3동,849204.5748954281,9.248728068869813,10.918441020812258,1.445418847600474
31042650,범계동,572320.697661908,7.010245061233753,11.181398436147497,2.9846184235670536
31042660,신촌동,399996.3210393138,9.239152599149614,10.226449615785771,2.5194322799275266
31042670,갈산동,729279.9237565736,8.154528105216722,4.391571416860164,3.4276791508278297
31050870,심곡동,2414685.7687038905,27.76783711572791,19.13360446362932,3.4976429898906973
31050880,부천동,8290427.23719149,9.14366272978623,9.111704711727668,1.7913974347182655
31050890,중동,1547389.317271524,19.504368159301457,11.571095754207237,4.544185122159812
31050900,신중동,4513084.830732864,10.67706011983785,8.230887238922904,3.4056427597304895
31050910,상동,3843843.412491541,7.559682739451019,9.211817293318916,2.169021550414088
31050920,대산동,4103605.344254727,15.83009312641587,9.128256887810164,3.3068956539412753
31050930,소사본동,3004492.353152009,15.482479162860995,7.147064470889186,2.4572890137646155
31050940,범안동,5771928.666759537,9.170148312364857,5.367935028879075,1.4212146895979691
31050950,성곡동,8127988.359296896,9.663349869312144,2.7122059971916292,1.4651940907871177
31050960,오정동,11934979.98501722,5.735285854730924,6.798123646474694,2.3626687136338327
31060510,광명1동,308356.7989895262,57.29838924795938,8.52329940466174,1.7315739534431325
31060520,광명2동,258032.07931314115,46.496799358153325,19.023704247949496,1.4121840413760367
31060530,광명3동,318956.623788273,37.5809340954882,21.283812356256952,4.906727472532854
31060540,광명4동,288854.7005857609,40.29032796088971,18.992046617884046,1.851631954973854
31060550,광명5동,394350.21402113343,35.71192291400942,9.11655910420454,3.457985068712246
31060560,광명6동,2434452.0110425763,4.932768193641897,5.7855541272808,1.2983959786948296
31060570,광명7동,2319457.103179876,7.005386843203065,4.1092132282800575,1.4204220797434663
31060580,철산1동,567950.8496320697,9.97980841641438,7.635054257561863,2.421342978633435
31060590,철산2동,616325.9769709153,23.661726249825072,5.951269757480516,3.30412542052094
31060600,철산3동,1331751.1236274985,7.686115077839904,6.7892625162432205,3.2384939740125342
31060610,철산4동,334733.0474534434,22.75214443448626,3.6644213468765896,6.018073746313993
31060620,하안1동,3901667.494165787,3.004046276509877,3.043295296687871,0.7794419628530148
31060630,하안2동,441226.4608370776,7.429245220304249,2.1532114362058508,2.3116349061507555
31060640,하안3동,575990.42698209,9.488239976160187,6.206340657991733,1.8469494660941117
31060650,하안4동,430501.05198223674,7.081187786515838,1.7334378155005676,2.8360900278971863
31060660,소하1동,3752034.835242617,4.657713105089162,3.44891118642669,1.3218120038907977
31060680,학온동,12903436.666816885,0.6794428438160987,3.047983050460924,0.245042189751364
31060690,소하2동,3896418.116031254,5.727406492720105,2.150901908146377,1.1531816021894936
31060700,일직동,3447343.056049382,1.3103945901406846,4.541211712146249,0.3363173138986431
31070110,팽성읍,56797989.7559421,2.2277824950108447,1.112825427108404,0.4400414978813007
31070120,안중읍,28530525.938723236,1.78133642606161,1.638213083974386,0.5278297398644074
31070130,포승읍,61863195.10628928,1.1535391411584204,1.6747693767323677,0.5015739422400431
31070140,청북읍,52444802.14521099,1.0233837721250445,1.0090883701657074,0.4612387136047372
31070310,진위면,33941669.80238631,1.1495916045387635,1.1391263934360558,0.3649437370897173
31070320,서탄면,28532791.44279113,1.0390834377839036,0.6795688662240071,0.1490545769504192
31070330,고덕면,22166968.635808773,1.512193976143212,0.8012644414917001,0.3905723458023922
31070340,오성면,32484469.626885172,1.2215598599950572,0.8514161030475389,0.6668009358033157
31070370,현덕면,46364926.56278703,0.960382046973271,0.4952451260957681,0.611490297915653
31070510,중앙동,5337704.38682919,5.424805138278231,5.551382710164784,1.8869431536914536
31070520,서정동,1671222.3475269992,25.805230791281776,12.958916283300525,2.229699318067892
31070530,송탄동,19538256.779246148,1.5818779158305356,1.9360617430153249,0.4410245141854435
31070550,지산동,697791.0964309606,18.605824526152865,13.106440026472027,1.72132442079909
31070560,송북동,7126161.7971124975,3.5199336325772013,2.461991567516182,1.0196640790722065
31070570,신장1동,1587158.1716914338,9.941373512680398,3.600245670769938,0.4605211943804259
31070580,신장2동,631884.7695876426,24.76835952498756,14.199751676439424,3.3072559154424432
31070590,신평동,6412777.236376514,4.007367086680406,6.476866799673601,1.2826973023478905
31070600,원평동,5237884.397213382,3.904901201308373,2.112876406424693,1.401177395120621
31070610,통복동,608438.4366349566,10.869781185794311,23.411550098119875,1.7379924446934578
31070640,세교동,7078127.026437909,3.270206446366479,3.529011661049112,0.7305350999035117
31070650,비전2동,4762760.535869962,6.551488055586491,4.135152895841817,2.030743499182413
31070660,용이동,2623334.096596649,6.242387411094258,2.648175648487049,1.1870344636656618
31070670,비전1동,12995108.404032234,3.3869140241323383,2.5790945224252426,0.6826654828820482
31070680,동삭동,3025073.301162406,4.16375654514708,1.7162974679361918,0.5895448881423053
31070690,고덕동,16596320.658826916,0.3643897940342489,1.9839962091902248,0.3368438222719991
31080510,생연1동,1972691.7404053172,7.645423478371338,1.6985396059508564,2.387652922223669
31080520,생연2동,750818.0804053679,15.457681360455508,14.62444042995731,2.32477341128694
31080530,중앙동,647989.828711127,25.874915274896463,21.150706138957297,1.539638352308392
31080550,보산동,13718082.798416955,0.7668622195826799,0.3506910470285062,0.2238934296151122
31080560,불현동,33787800.487222806,0.986394086538781,0.5708746025119661,0.1739294407203385
31080580,소요동,31381321.95058916,1.0679706595805816,0.7702083691725986,0.340044726635932
31080600,상패동,8073517.429096348,2.5542332303397677,1.3987137184177103,0.5664089821055369
31080610,송내동,5515096.370530403,2.491190975539248,2.642401851113736,0.463496493670263
31091510,일동,2451566.34823851,13.031495945342902,4.940259424006703,2.924995512783991
31091540,본오1동,6480080.741650555,6.39711577369462,4.29462401632048,1.1447909986535836
31091550,본오2동,833758.0973854952,22.709983497512766,14.014077215966877,3.293312360228795
31091560,본오3동,1079246.0526396604,13.636749719660266,9.472079459019696,2.246334896713999
31091570,부곡동,5696645.8795503955,4.796961403753651,2.923469341223237,0.6217174626942797
31091580,월피동,6068362.114442612,5.922387692353862,3.429302580922094,0.9843568316231492
31091620,성포동,1702889.0893406998,4.8912082875311365,3.642220707420131,1.1460975341267432
31091710,반월동,13249490.769170202,1.2260253390976277,1.139729430065342,0.3522616805833911
31091730,안산동,8368012.046855886,1.369636734143579,2.18244907245165,0.3918214847170138
31091740,이동,2367990.25163991,10.399377731921753,11.627911882082156,2.040801394979299
31091760,사동,2242757.2320163273,13.205499868200013,8.91797842025354,3.5294163061766572
31091770,사이동,3009518.4726088997,7.261362896301332,6.009364153166989,3.4345119358964906
31091780,해양동,4802691.5838426445,2.0807586086619723,1.8832955233102888,2.8742729215743847
31092590,와동,3218874.0851568715,13.215086527148662,6.221158354827091,1.8865372110491605
31092660,초지동,25841583.711265445,0.5966452510825072,1.3448524234463377,1.2990226774213014
31092680,선부1동,842892.5791978077,7.166716223950484,3.442876227901622,1.336409107640114
31092690,선부2동,3088152.508239043,6.997386818576742,5.597421042115441,1.6351690374958348
31092700,선부3동,4809990.1151927635,4.538557984334936,2.9346289818139843,0.4854326532951553
31092720,대부동,60841170.12847084,0.9337543366364944,0.4585744931414386,0.8877239540847133
31092730,호수동,2643358.912006483,4.9746048922681485,10.157438579243856,3.9564965474585914
31092740,고잔동,1458657.919291807,12.282522909673965,5.456545731120634,2.856592921122747
31092750,중앙동,1997253.028427801,4.707546905085846,7.799298653289691,3.2287452496431177
31092760,원곡동,1319410.0762492467,12.73792697890839,20.913831544252336,2.6080880538675815
31092770,신길동,6836323.076745618,2.0721645570655043,2.521582579482532,0.8141023518396332
31092780,백운동,1464646.8808238264,6.67600757535199,4.901330889694374,1.332950701651934
31101510,주교동,5516699.25004629,2.8540220634693405,1.8944297902972025,0.73037209711796
31101520,원신동,12891863.970162855,1.141598503577542,0.9038518061599397,0.5501832475561041
31101530,흥도동,11187182.629569177,2.10994021052936,2.629369410975563,0.5696783064117175
31101540,성사1동,2307299.4587504547,6.069434522975078,6.323442825531958,1.483227072679541
31101550,성사2동,992869.0401328844,4.248947474114189,2.042129762462668,1.0619156554646842
31101560,효자동,25754622.17111166,0.2917997231769682,0.5772445999425582,0.0844048135477136
31101580,창릉동,11293678.501337515,1.613524103700116,2.5937596650684123,0.7704675464510254
31101590,고양동,23881391.302259468,1.3121799194715211,1.3002182070190762,0.5057159478284676
31101600,관산동,16395973.584354255,2.8444516136266285,1.4536824583015484,0.544642753714738
31101610,능곡동,12502541.856006294,1.5640107250946869,1.288169503395909,0.7337098812146364
31101620,화정1동,2265709.5384957483,5.922509237303984,4.844436220922164,2.0482373048767646
31101630,화정2동,1981279.7373723043,3.345676507953633,4.640813136869962,2.1841497268152232
31101640,행주동,6388128.941087868,3.2607053362219003,2.9940263149081328,2.2854534636744144
31101650,행신1동,667293.8919663568,11.607248925359968,6.35115094842445,2.4875906513926864
31101660,행신2동,4308221.873790417,2.7989461096153994,3.4070474178402352,0.8784237009554166
31101670,화전동,7269567.719382455,2.4630788033518383,1.6124258225228103,0.385356792890472
31101680,대덕동,10760792.633057412,1.054173783834074,1.4623021851045015,2.27412656316063
31101690,행신3동,1958709.42104043,9.695858977402102,3.9196317901765374,1.9507105908526092
31101700,삼송동,6811129.538707413,3.820672726831109,3.2082278115620664,0.7637477668116707
31103510,식사동,6845061.577791738,2.644349206756337,4.481752572384809,0.8962065854548239
31103520,중산동,2833388.34247244,7.73467981457933,3.7857028397357424,2.07428792129197
31103530,정발산동,1546361.9668160642,25.911794034007535,12.81245729641231,2.8330892644554786
31103540,풍산동,5680856.430007671,3.708389522918591,4.1319578323219375,1.9094204641075407
31103550,백석1동,1755655.648362261,6.531031123808334,10.310679130877288,4.503775141008649
31103560,마두1동,2211077.0591671932,10.050518790398865,5.37964509502014,2.463410102534568
31103570,마두2동,622195.0623871656,8.563205995118313,6.0171789867378225,2.673886086537779
31103580,장항1동,10223704.87705315,0.9026402321848126,3.268056409026352,0.2287683688043405
31103590,장항2동,2407266.8632306256,1.2380517887603015,12.503106724770834,1.7471983168722225
31103600,고봉동,25027231.668295603,2.405125853894894,4.442469971140067,0.4237515967400487
31103610,백석2동,788834.5545114302,8.137493441180837,11.64331299010894,4.048217928896782
31104510,일산1동,644100.387355673,14.686380677387143,6.146829810614767,3.9275208694078816
31104520,일산2동,814880.7026241097,14.272492879960852,14.317076263351408,2.825064936349607
31104530,일산3동,1141579.7849185208,8.772450368071398,3.3888793656161695,2.114469315618638
31104540,탄현동,2179312.421755307,5.897054929347615,4.432664380869125,2.7785314468323548
31104550,주엽1동,934560.818515886,8.728131372667141,5.424144213096311,2.4896573426822455
31104560,주엽2동,996999.4394281284,8.592313156576925,5.125364500747436,1.8332388995152045
31104570,대화동,3768359.8539777,6.661417772392081,6.521414322025669,2.215284689755667
31104580,송포동,12749789.06251876,0.6987629231992576,1.1343518106193793,0.5485820989950727
31104590,송산동,18063314.993837405,0.4699817428980281,1.119663954246361,0.1577606549842714
31110510,중앙동,6983400.036643137,1.0578231514761527,0.2764526032739272,1.373435877635888
31110520,갈현동,4370952.972979629,1.2626581333312483,1.0754885868090935,0.5890322270184444
31110530,별양동,649557.9839413852,10.395131777130482,4.744805956858341,3.6794985746683952
31110540,부림동,405785.0824893809,18.01346685177246,1.5534223086617562,1.316802387558585
31110550,과천동,10769909.597997682,1.4125045224824684,8.429105734416973,0.2946332121462529
31110560,문원동,12641479.392425992,0.8392090356948682,0.6387403755716267,0.1893158435149823
31120510,갈매동,3971435.3114339816,2.958587821901979,5.501728777923563,0.6230292304102442
31120520,동구동,7304144.475657723,2.3920066013625707,5.36780641601656,0.7435295840660332
31120530,인창동,2212655.1128936154,6.941523258909564,4.625603230561246,1.03728679612106
31120540,교문1동,10023777.969848042,2.6468592618071884,1.8394027913323032,0.5833893637335253
31120550,교문2동,1169033.2033285357,7.411110894279388,3.9396273706729934,1.7347772715463294
31120560,수택1동,1191295.3724487612,12.915356875645164,15.931890387924891,4.224452042789548
31120570,수택2동,629838.727452768,30.183087340989697,14.931742933631073,2.2694825255499276
31120580,수택3동,6667483.202102998,1.433498995660773,2.8239558854077895,1.8930375815784364
31130110,와부읍,50052291.79388465,1.1973107960705307,1.687485452240121,0.3593865997138676
31130120,진접읍,66123833.815000854,1.2252825778010383,1.728381161019358,0.3294264313585138
31130130,화도읍,71537880.12995307,1.600313598453393,1.838150972030813,0.3442146400328724
31130140,진건읍,31214818.805936053,1.2356449703805323,4.000614862309938,0.3257801654714634
31130150,오남읍,25287998.713085897,1.3732087673848303,1.595639833100483,0.36151008733813
31130160,퇴계원읍,3284472.055399278,7.568654499008486,3.2611315467674302,1.4471019437572317
31130310,별내면,22274364.76527045,0.6750122195319841,1.1019652061918086,0.2175099779622707
31130340,수동면,72845402.61633646,0.755423151438666,0.4626378364505921,0.1157612799126077
31130350,조안면,50941816.95653141,0.5358608706552717,0.2411730611146592,0.0922390621586246
31130510,호평동,9208547.765184514,2.28647592153233,1.6847172938370305,0.6523057938413005
31130520,평내동,7334524.270252626,2.4438269529566066,2.6053867982276953,0.7367157417301431
31130530,금곡동,6984659.768390747,3.130054195926156,3.0021455402798285,0.7670383557239178
31130540,양정동,12408121.86118376,1.4476066691825829,5.081399049662439,1.6308096470091027
31130570,별내동,18687403.088885132,1.860738454730018,2.0246463594782194,0.5538566469484869
31130580,다산1동,5585416.082591418,4.084320372550158,2.3604866212088753,1.1069713000715866
31130590,다산2동,5552584.705423176,1.9309344465842708,2.596039751801173,2.3902357557566667
31140510,중앙동,3678489.271312928,5.625928855530308,6.557683521612049,1.8089470761511584
31140520,대원동,6047955.915547781,5.497712521651301,7.240826482956751,1.3594570528768672
31140530,남촌동,5770153.261223569,3.89839138272845,5.342995548224691,1.1169725830109132
31140540,신장동,6939521.1494193375,3.969020307017695,2.821000863758618,0.9372705068511084
31140550,세마동,13717010.100566063,1.6138274703796114,1.437471342350625,0.7737238522360711
31140560,초평동,6477042.213960169,1.467984512653124,1.4305083429845673,0.2392476785072296
31150510,대야동,9381360.13270634,2.092604793418965,4.490363451443682,0.6098819801718439
31150520,신천동,3439565.8405913743,8.39021767061992,8.132575726406907,1.8641982823195156
31150530,신현동,12757822.62265514,0.6627451602920444,1.247246384206099,0.3179304819742911
31150540,은행동,6407948.842261272,2.7453815083999302,1.6757271833822651,0.7294950938535496
31150550,매화동,11173052.41986564,1.0882582392256497,1.4544462449967968,0.3556711614197362
31150560,목감동,17614454.373798065,0.9997622792910869,1.8138806340887563,0.2735217317310976
31150590,과림동,7624906.903240635,0.5460070662131898,6.486652576054258,0.2762646882668605
31150610,정왕2동,11678653.81957262,1.6067850339267782,1.9340316202727508,2.5307636567146687
31150620,정왕3동,6094967.920780696,2.471178467316582,3.178444648075726,1.84593058251518
31150640,정왕본동,8277897.139132119,2.74959410581666,4.041794578386748,0.6792864634033662
31150650,정왕1동,6655329.097356514,3.8529162623363615,4.7756120285906,1.404214667631642
31150670,능곡동,4331445.1214245455,2.0582434495058206,1.5777117852825848,0.7589509521463084
31150680,군자동,8145644.823762882,2.102935301813536,1.679442848928436,0.5876919463828367
31150690,월곶동,8548915.704632135,0.8366163990208533,2.706305890762587,0.30208896791174
31150700,연성동,9248500.327866564,0.8979061548431242,1.743535737261227,0.6682042530883227
31150710,장곡동,4111005.132079381,1.0760068758787484,1.346617152128302,0.7902186455023266
31150720,정왕4동,1028042.1268792076,10.342559627873776,2.827304726907884,2.4261485500741986
31150740,배곧1동,2588328.185516085,3.4772415292150867,3.091758382798273,2.8946505888727723
31150750,배곧2동,2427945.5857183835,2.1624225178945853,4.34024215559023,3.2843694853524084
31160510,군포1동,3302647.5062295035,7.608211262793528,22.70310580006508,1.4444053959198793
31160520,군포2동,3277973.365860605,5.332842644596428,3.1775458579746263,1.3571540104592883
31160540,산본1동,689156.7705761178,19.79554159889839,18.939213409323074,2.7150390852791157
31160550,산본2동,1404890.240411012,5.862924881558813,2.9276720797180777,1.631486431992887
31160560,금정동,1189880.7143153383,12.220670910562443,22.28212856500668,1.6569479238469724
31160570,재궁동,852421.7628292328,10.801798387548764,3.4609119211881207,5.093114347424923
31160580,오금동,1087914.7205396448,4.305132683966853,0.5868706245115413,1.9259398820599487
31160590,수리동,2991276.860139703,1.3449902823054458,0.5806037955270261,0.7764208101552412
31160600,궁내동,1688826.8821707182,2.914232936461109,0.5762767659674662,1.7410565171256207
31160610,광정동,1488958.514004805,5.047017384097777,5.657656197102502,2.922342541893956
31160630,대야동,12849888.277737863,0.7188366744497343,0.4635487901163107,0.2122981181873877
31160640,송부동,5553131.341210722,1.11373903586481,5.536051398174741,2.22869128031678
31170510,고천동,8873287.37462324,1.1421185202004902,2.452298532448153,0.7671502376134415
31170520,부곡동,11208847.828714851,2.4218579412286276,2.8176567246781556,0.735159707002427
31170530,오전동,6738431.608879212,2.382673094756402,3.420264727194656,0.5475912392691097
31170540,내손1동,1994722.6776015072,3.874084458252389,3.011381651558911,1.7133020807426955
31170550,내손2동,1409711.5794499232,16.232814625832816,6.172063618643804,3.549990248720157
31170560,청계동,23638158.13714876,0.6812728668667426,0.9180872328352292,0.2420321797692171
31180510,천현동,34509633.489702605,0.517388760570889,1.7378408124979263,0.2319607371062472
31180520,신장1동,207611.89902107976,22.926335273063348,34.46274066962674,1.6974958642114402
31180530,신장2동,4336345.137991096,3.7991052226816646,4.460707101612244,1.8512713813485329
31180540,덕풍1동,937983.6764991533,10.0821413525314,6.439304096618292,2.3885858994885165
31180550,덕풍2동,486010.3568148008,31.07859858848789,10.056834637967246,3.073233323604875
31180560,덕풍3동,2167794.3889339077,9.880631831061068,7.010586118741383,1.7753172000439597
31180590,춘궁동,14492956.246925466,0.833425143525972,4.131621033193438,0.2186129742126646
31180600,초이동,6148395.408656247,1.1551943030263243,6.912129172242546,0.7784879039669593
31180610,풍산동,2676723.1204991126,2.067048397453861,5.343856139284509,1.5575294332795524
31180620,미사1동,6648267.66985813,1.381549618431526,2.4542169000395098,1.9510723960316745
31180630,미사2동,5142285.232921716,2.6029443222700523,1.7078972534919603,1.190371257838397
31180650,위례동,4774159.197031717,1.1980022651055906,0.8441492221653684,0.3993395071162587
31180660,감북동,4506469.426701163,1.412239537999178,4.905318708923182,0.4041957265773447
31180670,감일동,5726937.36428339,0.3664105810864926,1.390423824774616,0.2003491178779912
31191110,포곡읍,41755865.99520572,1.386712322932548,1.4492622941655204,0.4393648233917014
31191120,모현읍,50248863.02394304,1.3323240496739952,1.5328899302924108,0.3648516208601525
31191130,이동읍,75854419.87225857,0.6957205282483677,0.7748884755681967,0.1964052382158292
31191140,남사읍,58739003.53951234,0.8257904243984813,0.7240939494118882,0.2728464199131519
31191340,원삼면,59940611.91746452,1.2081743746829687,0.74950512156782,0.2074160864426017
31191350,백암면,65662069.23332119,0.9560060659781022,0.8674151761746733,0.2182508368149375
31191360,양지면,57646834.311753035,1.3535562584892475,0.9579628112124784,0.2108884126195796
31191510,중앙동,7981369.663017593,3.946242230628795,3.909227913940744,1.4442304881168735
31191530,유림동,13648710.17328235,2.71876291896364,1.9933370950103877,0.5547968288751118
31191540,동부동,23542090.90171641,1.365663054455349,0.8757782653263996,0.3531490023284521
31191550,역북동,6040955.100098998,3.5768348632959697,2.603599145983192,0.7123025138401797
31191560,삼가동,6436545.280696667,1.5068238969959582,1.4312315762780383,1.315111898844139
31192520,구갈동,4242986.590265271,4.654850317771736,3.398674425240758,1.432000269573925
31192540,기흥동,11733247.378768804,1.857125558091997,2.867762771189415,0.8994639671494288
31192550,서농동,4232600.771490539,3.7566618084269616,3.5894778107090284,1.8337668609065292
31192560,구성동,6907461.005244673,3.4628433449336136,1.604424456154064,1.3155545635047097
31192570,마북동,5376911.936709468,2.7678189454427873,3.4454564279912905,1.4238498429290762
31192590,보정동,6803372.9756962,3.524724443230139,4.262104269503485,0.5870876605397957
31192600,상하동,5514446.80534509,2.454177246550311,2.5550726452726575,0.8031517566779152
31192610,신갈동,4846720.197604426,4.256358675583498,5.026830078879292,1.1290037702291027
31192630,영덕1동,3617278.079594159,5.147180350785431,4.277592145947476,1.14141243850151
31192640,영덕2동,5909208.583644731,1.8662092355081463,2.856917293953875,1.5024986171596488
31192650,상갈동,2005161.300450495,3.8071856414405447,3.946179367294459,2.2735383272931284
31192660,보라동,10149303.402139,2.204910697320903,1.525217671591106,0.6847245642921744
31192670,동백1동,4011537.127583181,4.653671743543386,1.9480755343326963,0.9083987477123632
31192680,동백2동,4661160.567013601,6.448832798127133,2.2717092427337087,0.8726893099762298
31192690,동백3동,1686235.1944846672,4.651333128500358,4.651294952614848,1.0608026083631128
31193510,풍덕천1동,1904963.2366430787,7.359572520782283,8.184225693775257,1.938029894001132
31193520,풍덕천2동,1484197.9987261407,9.128988597828432,4.1264273002928045,4.456487992589294
31193530,신봉동,6658876.25306837,3.4441839173951263,1.4149863235646911,0.8035200213378749
31193550,죽전2동,1106248.387983261,8.195178192189623,10.17256252503411,1.742963261601229
31193560,동천동,16607758.037398234,2.524428437475,1.5289125532187426,0.4203480160257034
31193580,상현2동,1565368.033152674,7.576127850510991,2.414083840319122,1.297806143732602
31193590,성복동,4973966.2436023075,4.241688284757508,1.3025309471482998,0.6110282766059751
31193600,죽전1동,2351347.8895965517,5.247192242308117,3.052997350567378,1.1606289671507988
31193610,죽전3동,2081491.0049192389,4.936962393410913,3.2403804609759916,3.1197954368049254
31193620,상현1동,672032.8992040915,11.280635435050367,2.2254704472573454,3.1498680550819724
31193630,상현3동,2700834.9963586945,3.013205833267127,2.0285608558632373,1.1244930451093955
31200110,문산읍,47799684.03299502,0.0,0.0,0.0
31200120,파주읍,32119020.85675943,0.1493238123390979,0.2111120245048323,0.0171490129655013
31200130,법원읍,71569150.41941084,0.3524133660407728,0.3252220130041593,0.0324672888778668
31200150,조리읍,27396206.715742268,1.7791771779341057,1.728838912733513,0.3801863752923136
31200310,월롱면,27158558.263631433,0.0073891549908087,0.0362097729770255,0.0033497520125459
31200320,탄현면,61697503.60622701,0.0,0.0,0.0
31200350,광탄면,65677077.74454588,0.9055468566158308,0.8563148861345142,0.223051593001089
31200360,파평면,42091800.54973947,0.0,0.0,0.0
31200370,적성면,88939658.54823273,0.0042408252359593,0.0009927545349832,0.0014618637761243
31200390,장단면,144426763.16790932,0.0,0.0,0.0
31200520,금촌2동,2756472.00054026,0.0356103851909429,0.0056850464443017,0.0858957354801204
31200530,금촌1동,4507337.554079176,0.0,0.0,0.0
31200540,금촌3동,16959650.093190353,0.0,0.0,0.0
31200550,교하동,36931341.640256986,0.0,0.0,0.0
31200560,운정1동,9692443.526183516,1.1026482062419871,1.3448656495039677,0.2325587566845585
31200570,운정2동,3187423.0586534487,0.0115529786412322,0.0,0.0
31200580,운정3동,5861651.273156567,4.960818462670372,2.9897300538682536,0.6404625972321537
31210110,장호원읍,60421749.99044691,1.3873231385823974,0.5855407671066671,0.3447058234732567
31210120,부발읍,41927821.03279995,1.8744784648702373,1.252122616970822,0.3970763519036376
31210310,신둔면,36431345.06992825,1.6402802424675944,1.1234122385464105,0.2536063766431666
31210320,백사면,32531668.952170357,1.6552150105545012,0.7779833662277235,0.2202736284477362
31210330,호법면,37936513.73536746,0.9836367887018846,1.3172041194852633,0.3315990312703155
31210340,마장면,51444305.15880255,1.0981439318592554,1.782860663670544,0.2689766004557316
31210350,대월면,31383807.128271397,1.4569258348564758,0.9906008775942072,0.2378897719973017
31210360,모가면,41067977.05867023,1.0802945899539529,0.8289277554747102,0.2199522843095072
31210370,설성면,51753283.86745597,0.933769093576274,0.4819943033259972,0.2733799317595595
31210380,율면,36770354.881481096,0.9065045151945492,0.407466394101167,0.1649450000387765
31210510,창전동,1133956.134643103,19.81962303836235,18.328568172788223,2.205372827164282
31210520,중리동,22011566.870611835,1.630878284174733,1.378097893441915,0.3708307516773205
31210530,관고동,7757836.099715008,2.017111199812986,1.8081085420683705,0.4456838655330656
31210540,증포동,8929579.49987252,3.4395389521297357,2.3314603507256195,1.452575269281057
31220110,공도읍,31907036.193342377,2.20455276336641,1.6748871559879004,0.6657406666209923
31220310,보개면,53011028.09773208,0.7706140243408811,0.7728277143868365,0.3204170386265216
31220320,금광면,71388246.01541582,0.5416388451380288,0.2575672114428575,0.1799575291993905
31220330,서운면,36334081.27170009,0.8432886223100785,0.6388507438364455,0.1068005188951248
31220340,미양면,33575947.09699911,1.205750307484714,1.460920157103953,0.1984785279141791
31220350,대덕면,31033049.184960887,1.5047575724414526,1.4089584674229187,0.3485554774342816
31220360,양성면,53118291.48539022,0.8062934351400118,0.7551529890193296,0.1764023195425556
31220380,원곡면,38084662.38264991,0.7588404260198108,1.344644176932133,0.100843666183946
31220390,일죽면,55412334.599525385,1.117945392923528,1.3057210309727554,0.1806747018756243
31220400,죽산면,57191281.01059364,0.8608944657465815,0.6260579641448654,0.1947874746147044
31220410,삼죽면,39199112.81029733,0.8260118084305585,0.6170549738592221,0.2512926902857945
31220420,고삼면,27751075.68435294,0.6010743201390527,0.48740931184373,0.1236685884348088
31220510,안성1동,6531805.811059074,4.192821122359081,2.8089141555174812,1.0371545211141917
31220520,안성2동,10121451.683984298,2.6589549764339586,2.8734922551317306,0.8272526071961281
31220530,안성3동,8237833.871643173,2.8688835877487486,2.7649416242602296,0.7292697104592932
31230110,통진읍,29391739.486798048,0.0,0.0,0.0
31230120,고촌읍,24931944.629722975,1.2656198280441382,2.3497068750452925,0.6715179340279529
31230130,양촌읍,36346070.76273342,0.4582245504610645,0.702893465455899,0.1838448773714779
31230340,대곶면,43210782.23574104,0.6637333965507775,0.5188420011071431,0.1813302799083077
31230350,월곶면,51950885.217376225,0.0,0.0,0.0
31230360,하성면,56226262.849546544,0.0,0.0,0.0
31230530,사우동,3294231.3390382547,5.988135802582808,6.405723930285061,1.3525453965804302
31230540,풍무동,4423828.458886347,4.78973570968627,4.229563033839211,1.5542171804778022
31230560,장기동,3688192.728419128,4.686399515826979,4.2104441364716845,1.008413375218133
31230600,운양동,7932758.967544997,1.025118414697202,0.6820979965201059,0.1924583063083998
31230610,김포본동,11751214.622364266,2.8451745451902655,3.022480575654785,0.9524873817035708
31230620,장기본동,2528918.42993254,3.747623605097671,1.8238426694398395,1.1084129996836205
31230630,구래동,2118932.2965271124,3.6532389371669263,4.881633641181353,1.097987819479058
31230640,마산동,3032802.478590331,4.583588617750374,1.3050449907181465,0.8774491443642414
31240120,봉담읍,42759959.70879833,1.2754787258262996,1.6530260945936686,0.6759538698066603
31240130,우정읍,91273926.43156806,0.8679604767900757,0.5094222976719253,0.9218331917893122
31240140,향남읍,49966088.56104591,1.7823831182646224,1.429053813177517,0.3967880645922825
31240150,남양읍,74344481.71977885,1.0436322684990018,0.8681020283971644,1.0055474013859296
31240310,매송면,27488618.784987677,0.8012734426500354,0.758357932647885,0.2316095967565522
31240330,비봉면,38708786.88427781,0.8144386016933881,0.5628055467949908,0.289931316768775
31240350,마도면,32194627.280707043,1.1452371597109403,0.9238399148120574,0.2932666979522125
31240360,송산면,108619262.61807492,0.5983107224159513,0.3562253190265778,0.4503238119511698
31240370,서신면,47534348.43311581,0.9758836199027884,0.7837124023988888,0.4801086810420248
31240380,팔탄면,50883744.05840203,0.8488330364300394,1.1087170058293905,0.1919579067779903
31240390,장안면,68045875.90997118,0.931745201533871,0.7065938088213104,0.3456581803077828
31240420,양감면,31042737.174984105,0.9077137675402744,1.2522358832931284,0.1820607818648782
31240430,정남면,40612366.71149052,1.222270677180333,1.194227195638263,0.2718100420540672
31240520,진안동,6982087.673292674,3.481199992227624,3.8830740458369153,1.084177281506946
31240530,병점1동,1510402.7468653468,6.981455448470042,4.391041700580326,1.6742395686449534
31240540,병점2동,995095.6259670424,6.972959867430379,4.284119062004672,3.6964382382156815
31240550,반월동,3967704.527482923,2.687003006975331,5.169218311660986,0.9176515453855276
31240560,기배동,4245985.61697042,2.665103426684499,2.283027491555669,0.7125292697256997
31240570,화산동,11598504.046685126,2.3284437590984903,2.3050405266045253,0.5672940420696635
31240600,동탄2동,2384234.5617707144,6.127990602299899,2.4159157851647666,2.011089917540521
31240610,동탄1동,4856516.49437475,2.3380039651106115,5.288290761740328,1.75722559647084
31240620,동탄3동,1867731.413527176,5.666042864995557,4.48245233209801,2.1208538832977664
31240640,동탄4동,4242156.614721621,3.1505516826339113,1.0462920252613113,1.057520677298561
31240650,동탄5동,11391996.081340097,1.1002050800189995,2.130959961964348,0.5227760388458595
31240670,새솔동,3127836.661510595,0.902715718043757,0.492998192382536,0.8043467641915424
31240690,동탄7동,14731362.747332282,1.0837927535918797,1.7168701553215675,0.2805485436114823
31240700,동탄6동,9494185.934319016,1.3557199108217404,2.354309485156448,0.3484308795425255
31240710,동탄8동,6542727.842816354,1.252304197653175,1.292454049280073,0.0937808960948775
31250110,오포읍,46776670.83624439,3.0807853073554785,2.798631104434713,0.3056302619210714
31250120,초월읍,55776945.89500146,1.315761429682581,1.5301582246243342,0.2821701490310005
31250140,곤지암읍,76152628.51920323,0.8526367699800884,1.102377808914946,0.191696584883528
31250340,도척면,52128742.93137072,0.852121290737574,1.381908119818675,0.1384154138905464
31250350,퇴촌면,60218497.92393492,0.9623367247420964,0.3051371715024839,0.1018549115380512
31250360,남종면,48341779.07163794,0.3152217356589007,0.0717075449648418,0.0293998543633695
31250380,남한산성면,33587833.17142107,0.4052337872040731,0.3362990516107382,0.2104518092320862
31250540,경안동,3190224.3613247797,9.577222497156068,7.960792356180037,2.030214768332678
31250550,송정동,5083702.133135453,5.0398969276863905,3.1027096772194787,1.044041617143267
31250560,쌍령동,3324910.7710484536,4.481762305914924,2.117451055996404,0.4703557982170188
31250570,탄벌동,16709886.624188678,2.784080691607217,1.0566933993095864,0.282897559050172
31250580,광남1동,26058620.7519572,1.676719251995057,2.6272418820007317,0.1809976190919337
31250590,광남2동,2297851.575231949,4.867692775604942,0.995788080661071,0.8378645459878671
31260110,백석읍,41108469.20294999,1.1155323741112066,1.305568652815151,0.2076026346976234
31260310,은현면,34576470.83642273,1.0915682311541486,1.4158328786603198,0.3372612255549099
31260320,남면,36438624.182646945,1.023604079900122,0.9750365481527192,0.2334010225484625
31260330,광적면,48417051.22427618,0.7218049443332695,1.1871566771248676,0.1013936742208763
31260340,장흥면,63881310.76560409,0.5250664223796712,0.7199065807867996,0.2701283833034924
31260510,양주1동,23657375.11723606,0.9123371277510136,0.7229890220460827,0.1584239408702115
31260520,양주2동,19084782.972793147,1.5338901214381817,2.459348169489098,0.4247346671631046
31260530,회천1동,10544542.357231855,1.6103749381036263,2.1508166270189224,0.6442383445535378
31260540,회천2동,11170678.395072106,2.2475031143564506,2.970051735918131,0.4026397380710179
31260550,회천3동,3567698.4039103044,3.0204408254829413,2.5192617903431054,1.3778933529767297
31260560,회천4동,17814533.74866533,0.8189636461849557,1.4288194947162187,0.3448582125386917
31270110,소흘읍,46074496.0069859,1.442419489326393,2.417232773860444,0.2552501704534206
31270310,군내면,36159274.90583915,0.9639199810126128,1.1798525463026373,0.1900224669126104
31270320,내촌면,52660735.22120598,0.4538815490398393,0.692786478928375,0.0894128959884929
31270330,가산면,35747574.29975138,0.8951546329000498,2.006824825607355,0.1748237901466844
31270340,신북면,95574184.99914709,0.5649182540704574,0.4826460988093426,0.1449188207146887
31270350,창수면,71451601.13740869,0.2568068535075743,0.3144414469316749,0.1335153839621477
31270360,영중면,61127861.02468781,0.6102593658711327,0.5665643648177576,0.1538749748161423
31270370,일동면,83219570.7492473,0.7488250261192122,0.4245102622622044,0.1561685283803554
31270380,이동면,112694214.1778765,0.3323562066815373,0.2538853885565144,0.0942317156140695
31270390,영북면,81783769.88924664,0.5817999626795607,0.4334953781079244,0.0944195220392105
31270400,관인면,70004903.25559357,0.3907419761352685,0.2635487202909843,0.0935468591726161
31270410,화현면,43455300.94997643,0.4772986792372989,0.4497658607860751,0.1248230888747723
31270510,포천동,11332308.01571159,2.961576972889028,2.4207928119913884,0.601542177140644
31270520,선단동,23872168.08500635,1.2093087575090955,1.853303851138821,0.4232903060956381
31280110,가남읍,75084134.9240513,1.1513253261414702,0.737586636648316,0.1899479843968311
31280310,점동면,71684320.30807908,0.6730092671965362,0.2679515087813434,0.1370310692435871
31280330,흥천면,44058936.829339825,1.089860387546549,0.5682121650119608,0.1852645381317632
31280340,금사면,41666524.29606764,0.7004886698714958,0.2641225493733313,0.0980134006320473
31280350,산북면,32597466.84717549,0.7818840621508737,0.2811808238422484,0.1219654084132745
31280360,대신면,75751818.46525638,0.8896712876891575,0.5086041817406997,0.4927608462474555
31280370,북내면,65595505.67386849,0.7241892305306039,0.2863087513804638,0.2218392336673117
31280380,강천면,74215231.08394997,0.5411808738309464,0.1533602158460096,0.4224584848201694
31280390,세종대왕면,52933667.48191298,1.0545276812553015,0.5895061491693316,1.030908375209369
31280510,여흥동,38700475.81773424,1.7208347607859973,1.2613663182659496,0.3645811884461712
31280520,중앙동,17769836.58037476,1.8622049977673556,2.057901653821017,0.8885861572238581
31280530,오학동,16812255.61051394,1.815848869240952,1.2591396443607932,0.3896028583347855
31350110,연천읍,87721770.99344125,0.0483917707964604,0.06241442151352,0.0647624559694706
31350120,전곡읍,55113426.51886343,0.3970541517312767,0.4049945742681975,0.0978902711270751
31350310,군남면,45523460.997264855,0.0,0.0126856159767628,0.0036044947677953
31350320,청산면,43664948.74003079,0.632177342500914,0.6243326257778082,0.1696835453307996
31350330,백학면,68985443.00602137,0.0,0.0,0.0
31350340,미산면,41453107.531431586,0.0,0.0,0.0
31350350,왕징면,84932051.29074292,0.0,0.0,0.0
31350360,신서면,149605619.70684728,0.0,0.0,0.0014051897732316
31350370,중면,83428424.969106,0.0,0.0,0.0
31350380,장남면,35953528.30034178,0.0,0.0,0.0
31370110,가평읍,144997889.77140915,0.5111122275437078,0.2906326361389291,0.1066159103453252
31370310,설악면,140914336.17954838,0.4800378499678548,0.2436751998998879,0.1074656652392919
31370320,청평면,112013999.19042546,0.4489943019803689,0.3543812566370322,0.2025936660843436
31370330,상면,99857425.6204852,0.4453126299081232,0.2613457674047185,0.097096952302898
31370350,북면,229667839.92966127,0.151738875257103,0.0673203197856534,0.0495459023850254
31370360,조종면,112619096.41471532,0.4042017002083038,0.2077306863748582,0.1694746890767263
31380110,양평읍,42300814.91700124,2.332784815595867,1.1614219191203847,0.3903806683221147
31380310,강상면,37875273.72880264,1.3772865575883737,0.3485469052225313,0.0937551358641177
31380320,강하면,41130162.65789634,1.26167310121389,0.3674280006292456,0.102699475193136
31380330,양서면,59595327.50033295,1.1710992844573085,0.4309060860900875,0.1397406941372912
31380340,옥천면,66268283.32538516,0.7379596353795687,0.2566147511934142,0.0825468705413106
31380350,서종면,92731916.32775109,0.7962059701378064,0.2159036253518543,0.1069392845552333
31380360,단월면,107606229.15607291,0.3688786522319019,0.1081826628133464,0.0995939812795408
31380370,청운면,96373398.9395313,0.3999929078774481,0.1498402761449163,0.1339983247965719
31380380,양동면,120078338.66148064,0.4603529599434365,0.1800089747883319,0.1193279921314354
31380390,지평면,77621861.9340839,0.8996315379226816,0.2401751482040857,0.1704911544234553
31380400,용문면,102248843.60855743,0.8982008150286361,0.3455873671272905,0.1489007268400691
31380410,개군면,32258729.86476684,1.3459594789568003,0.5126220485816713,0.4643407628960325
