행정동코드,행정동전체면적_m2,상업업무지역비율_pct,공공시설지역비율_pct,주거지역비율_pct
11010530,1157671.2996191066,12.58037655219366,2.5210998310166377,9.168483713512767
11010540,1476086.244918536,4.268350745238117,1.6338256690173247,4.139636608127883
11010550,2273044.4091353468,2.190655582872993,2.096652083970634,8.225045558757389
11010560,8940655.329911664,0.7657532388125766,0.4736663363121697,4.803285419579791
11010570,369245.4822686503,2.919003591673484,2.3624504108347524,7.147563369387297
11010580,346667.13479939464,8.100110599266191,4.165433365674306,15.764483741761255
11010600,539599.8544892247,10.203017028739463,4.109892871629805,17.414913365347747
11010610,2415326.730085671,21.688719150253,0.964531899910496,1.7796112622854712
11010630,602712.8344987278,29.245416769560663,2.8533965377225687,7.392420472680321
11010640,781806.2194507818,12.475704684534762,8.861895893515202,10.220077539615966
11010670,304915.0810513392,25.071075724852204,4.157565328375156,13.191554794111369
11010680,257320.96135152745,12.139633095179487,1.9318738562078053,29.63861056374473
11010690,216671.8870710232,5.653647351246437,3.41286993391121,18.350931419050863
11010700,239215.32115701263,8.524258820719417,1.8382555795117188,23.797794170604167
11010710,351640.31189976155,23.250955474580408,2.838765385107826,17.280618215788074
11010720,2568560.056117465,3.5276484279119296,2.3233599087552728,7.364078428646762
11010730,1131570.126434548,7.627284755204207,7.489593086260005,17.061551562988214
11020520,943090.0451435072,22.0534761542169,2.686253699842476,1.3303807375355354
11020540,897156.106999932,18.862476376128164,1.085226930987087,3.901961735745703
11020550,968876.2596072336,31.892053672161108,3.2905623581199923,2.163342593720772
11020570,1463586.7173389706,10.308809679348435,4.028769853909783,2.87302168383506
11020580,1017158.9421082004,11.498358873218011,1.063478068700618,5.424994692459099
11020590,736648.8912997656,36.46787409137971,0.8711701171110047,3.118857407219069
11020600,611191.8241216319,43.31118257793366,1.05837301429628,0.9361734867777648
11020650,319464.4409896149,14.13217977131634,3.685916396476245,16.753696092781446
11020670,328391.1913211211,32.33959212343392,0.6194955383758399,9.607153395094713
11020680,484023.16386115225,12.844267641974568,3.557092142840245,11.073081642976067
11020690,534537.9543277827,25.71174523792672,4.860491431027436,10.832981593187816
11020700,523575.8824797477,11.22872161993293,3.807369441082177,27.184819259856045
11020710,485866.1432877514,7.5551310241491185,1.2283623437038715,13.083303490519585
11020720,342312.10888944694,9.175480867404524,4.407018364340472,17.27114835846222
11020730,326798.3838419116,11.627744586832828,3.2114715166112897,11.9401815470339
11030510,865244.0803748902,5.142871992061927,2.6631241073752383,21.674043482147063
11030520,1965379.646328625,1.5281863414429178,1.118336797542414,5.5045553182518
11030530,1176908.797605099,8.091336818180633,0.7140750291200192,4.99666053379922
11030570,708448.6920712206,10.044050640106985,2.7773084579362712,10.752539765678089
11030580,445853.9028966531,4.180895137123014,2.54423373134956,14.505998568654013
11030590,277325.00179992145,10.5042447291685,1.1841375259347453,22.71204192644746
11030630,2870622.4573845994,1.0277952709423646,0.720134828807773,3.4900636969925256
11030640,1204647.7115449945,1.491506473293843,0.461217691498073,2.540333986136832
11030650,582461.1004865179,15.732821156712696,1.1817058136193554,17.763118593409388
11030660,873587.4397270826,5.709252225392434,0.8073884941925232,16.52568383593838
11030690,2819832.46527736,1.424736725758356,0.4832627414830167,4.139163315817066
11030700,714558.4725689037,5.280245257731391,2.5702886384884427,23.03973597851204
11030710,885524.0864885414,9.776848328028825,6.83161531149293,21.66788829467936
11030720,588618.2441152311,16.844882381299257,1.772897209254835,14.075691936292452
11030730,2867675.943997137,9.161125534946189,1.044720458827025,4.20622464578896
11030740,3029614.718166791,6.485232545027392,0.8975517873874316,10.832671709203098
11040520,372143.4604807907,7.61601119464618,2.1634625093688724,18.89710578576536
11040540,1034489.291812161,14.35645056461348,3.311861812378301,10.772673246722434
11040550,1168326.7093078103,4.61531577278212,10.839002997433274,6.948837170303144
11040560,573130.4000000659,10.32370892183263,2.354463464333024,9.285650151307252
11040570,457322.1761841619,3.5772771629744247,3.487846531107789,14.596370472755924
11040580,553164.5845739627,2.020367004050708,1.7058094186609374,10.960089650509843
11040590,445096.9507123839,4.487869518463097,3.0570107681802674,10.66698426135301
11040620,831211.830733361,2.732980245180653,1.6312700550777406,8.234000317662446
11040650,1884441.4977924544,5.0097376007869165,12.658301420871132,4.847735368141818
11040660,929378.449226402,10.89543295143871,2.5768628032107133,7.900587053409004
11040670,1184060.9126513745,13.140093642042585,2.027222320471044,9.729921737301414
11040680,1053696.7254850871,31.27483400130433,1.3640148320016106,3.994258319388027
11040690,681394.466015134,5.268690232653111,1.2458779318877198,11.644212448897015
11040700,2375334.161802022,7.409071885235546,4.778252896566284,3.344467538709492
11040710,709747.3358944025,10.844767830017725,3.031861029755316,14.0738241282594
11040720,630718.9454332939,5.692012064322785,2.2443790402441897,19.81756488931824
11040730,1920719.090109008,1.428347638789639,1.2417565153020649,5.0244149957843165
11050530,1135446.812010598,9.780902410952068,9.00394415271564,12.825389829593837
11050540,737460.1372972513,9.960494410457173,7.066679977656516,21.25785257265508
11050550,614033.6009455529,13.680945837036065,1.7721843792660823,18.721074883459373
11050560,545123.0428054762,12.794681114292796,2.391655357313434,28.165672426898748
11050570,601404.2505817785,10.93161069073599,3.3195787749139534,20.226503815679457
11050580,2311686.975970048,2.5456921971902444,1.2099480749063165,9.807160700476192
11050590,1091266.620928269,3.769733653742507,0.833175545740582,9.917742423334545
11050600,594547.3377039409,12.128180938713715,2.295850031810833,26.466262533475053
11050610,1386971.8853216723,4.207775349455798,10.580601849865989,14.1277567350382
11050620,1026770.2186114228,9.610457784507553,1.3650412649682115,11.56886983972397
11050630,2391913.4431120986,3.946926433433705,4.13399752059441,5.046589923701295
11050640,568431.369456211,11.964727977823951,2.1803766541652783,26.602618117228456
11050650,1656250.4546226012,4.64349379730419,2.143534142657677,9.201955730066771
11050660,1195503.3965950874,4.798802959918649,2.6633565212141144,8.4265051515704
11050670,1179121.316773601,7.444330326940854,1.2691951140545084,12.86938379989771
11060710,766332.5189408528,9.118081565755949,6.589171432681212,10.432773563016054
11060720,521397.6276853318,8.90504085307405,0.8920171420897349,12.161444699682647
11060730,1112757.5054327354,5.470974992440477,4.2304582059190015,12.753344167961348
11060800,1203482.1013895755,9.263556146864104,3.676542233735689,11.058870257106197
11060810,1617172.3870440316,17.07720731802596,2.0543778494513054,12.473569435125157
11060820,1180807.747504301,20.08403459641699,2.5260551597108187,16.291278346343184
11060830,1125837.1944873373,11.029820250974808,5.220013153769673,17.11187425463476
11060840,976821.1385074372,3.441000452713137,9.160002231763368,8.213191488406455
11060860,875076.2664751676,11.213332448168616,1.5852601019521264,12.012774532152031
11060870,1341140.8014898573,15.014979600709005,2.1076318145367745,13.73337334075092
11060880,995877.0812284732,13.732742071719668,2.7975726544396387,15.068528193789785
11060890,1038808.7971404,4.799357347384299,5.128466524405822,12.902719055634632
11060900,723336.1432560202,9.808290950172363,1.8687649470673893,12.810572717159996
11060910,787641.347694006,9.664233705745866,2.7545946956395206,15.618002836738762
11070520,762536.3752363183,10.511117899938478,2.382616928719004,20.531257321978973
11070540,842818.455418721,4.798591453437553,2.351213400798057,13.20220338212795
11070550,704395.2091784383,7.111440923769301,0.786586958924024,11.325138269279442
11070570,1234524.0150640404,4.233787383149711,0.9216208719962158,10.494277361467429
11070590,853561.8367980008,4.604280096686042,2.786321236882116,13.752896306231769
11070600,676924.9459255502,16.850363440992666,1.1665640178487329,16.403348216646506
11070610,641000.9120395957,4.881041743746703,4.231912227367291,19.233904005591093
11070620,1016175.9160013152,6.835906747200449,1.989803581403592,18.85209003457373
11070640,1237485.180428794,4.255150894234272,2.705577335444342,15.292632975855172
11070650,668690.7559510663,6.678577498735981,2.7570175710215543,18.065597264589265
11070680,961818.5318018144,4.196412052345498,1.9561631797850447,13.850505926389442
11070690,2604936.6339994743,4.726381142466036,1.0360404105210614,5.4754667071178975
11070700,910579.9236387472,3.3632633017340194,2.6769944869773203,5.458857541427184
11070710,848365.78313685,9.723761636063758,2.7087237581089245,29.141772010141327
11070720,1613531.430220525,4.688036661220445,2.319361571354545,10.423584819508529
11070730,2945831.542387538,5.864877128926129,2.1533005013327235,7.051761116404236
11080580,488925.34809077566,2.5897272934811384,2.756512531128955,11.095543156974486
11080590,518117.1719194885,2.2456980900704786,3.774425044516599,14.23838528624071
11080600,1378526.3863605345,7.088490873680119,11.048804608578838,9.069868282236484
11080610,552588.386634134,9.907636515233277,2.972274605870041,17.816342342219734
11080620,411654.233031389,7.683109851090101,1.4061200720597384,20.7431554513967
11080630,1094064.485333524,3.7810712093957872,1.7309923790768278,17.476598295985575
11080640,3324627.606889553,1.496834792007424,2.7671799828442345,6.5328668957861895
11080650,3568232.306668583,1.2228144538744998,1.2252755088807177,4.734637027611602
11080660,796710.2780428466,3.667915796555283,4.779751925757304,12.685117447656571
11080680,587556.5427815143,11.57629747976935,1.143726313068348,14.920478480439613
11080710,801148.5144281337,7.718590675677441,3.731568603070587,14.062696187922905
11080720,1363862.6449986238,5.190249343374352,2.389881074890389,8.434293912037965
11080760,708007.1947546556,5.592245426672425,2.0847118216708087,29.782624200128176
11080770,679375.7924119356,7.510795696867621,2.2705957329307083,21.05747467356701
11080780,652103.7834481776,5.360369064914216,2.1313858741037475,16.41035999613815
11080810,2877749.923628326,2.7480695366612307,1.7314031083797987,12.906276932941852
11080820,925528.3519526154,9.001543057943548,4.815646035421562,18.977874640417348
11080830,724236.3137330249,13.1039976209446,6.483988068399032,16.838221963636055
11080840,1403462.327063302,6.677419290018386,3.195755167643329,14.907868664561944
11080850,1703758.6633156778,5.474183108551004,3.9774585244295655,13.71530794316904
11090600,626560.6523036485,13.145114506012831,2.7149723763940754,24.744013379880386
11090610,973558.5116256434,3.424302833868357,1.790709140469602,10.863768256883942
11090620,1080354.8515131683,2.87732423310334,1.523617762583542,4.45323175630265
11090630,1648718.7929156155,4.011218461993173,2.4153985717772035,11.052829216892258
11090640,581177.02928687,9.462752879794497,2.642537786163321,24.75881480604317
11090650,745080.9524737196,14.725169038155986,2.121055223671195,25.915099930871584
11090690,923394.3216598168,5.185458181705592,2.9992743621079043,21.18397065433228
11090700,840567.7338097914,9.352659596012938,4.010190990332415,20.65726805736381
11090710,1074979.9840741851,9.786968420833384,2.6987730537599184,22.830877074568555
11090720,929209.3075045171,11.40052905439012,3.314460148234624,27.45931710550702
11090730,621441.3168800542,3.7695898868235695,2.998527726975925,11.72598313451065
11090740,10579790.15684463,1.015975491510574,0.2451849561195684,2.085497872162538
11090750,2995754.95050948,3.123227378393476,1.8644041230998936,9.53974910005094
11100510,1174885.560468361,3.1520086175567315,5.296168327509238,15.842038545104051
11100520,540781.8048788009,8.887883653262193,3.709125712192167,23.112380261386235
11100530,504422.9298473836,10.505956122026683,2.6246276061508977,24.23466598121623
11100540,554447.0182321169,2.334799615933359,3.826085693104292,11.768072372339232
11100550,1040065.5393087548,9.835101892975256,4.301884209538561,14.962419150449357
11100560,1091985.6081384963,4.10904289078741,1.8934767490512607,15.977851667125382
11100570,1949549.809847569,1.5535135734975096,1.2917363062146132,4.63884471028735
11100590,1121318.0350163437,3.6002266453782608,2.305456213512074,9.809905644202004
11100600,653945.3199284887,10.40687181000013,2.0633379664853977,25.29214716209066
11100610,654987.2585619986,5.918990029053468,2.912755238143709,17.428023223730584
11100620,1139307.1425799911,6.335551144423275,2.6961255247785787,5.769063779887103
11100630,700942.9110056368,11.013933855967643,3.097632535486685,12.591791728634409
11100640,8445069.216864066,1.1259367353086132,0.6594454183692203,2.251522123305125
11100650,1118179.2149436572,5.886224031775676,3.466968762667557,9.053288898208129
11110510,1140714.9239171862,5.787521174299962,3.888570717088587,10.679102675973663
11110520,2003257.4518270672,1.4412630219019094,2.929174496483354,4.444101614958358
11110530,1133290.9990217355,6.73367727432963,2.0948729467462126,6.44587974130955
11110560,6978055.84259063,1.1944903358407308,2.909648252509953,2.4771496082790145
11110580,1525890.4777610328,3.336446477733096,6.695748297924537,6.078836690444744
11110590,499641.4303040422,1.958281559446084,3.456255115580125,11.02973854146162
11110600,2181556.3382772817,1.761908988370026,1.561156304519286,6.521974014626096
11110610,622972.9598422882,5.020124691710212,4.067624412785388,9.45892893670072
11110640,1518104.798449378,2.2080976423586587,2.177078512191866,3.624250555943992
11110650,5398483.701445269,1.8222964270719144,1.4316589784451583,2.723548759999715
11110660,622648.9470855747,14.761341324190516,4.134994295682208,13.75778334254137
11110690,906196.8807098538,5.434379384180177,2.1207948878417686,13.400286033058324
11110720,665840.2223766204,1.9803423651498115,4.483360360108374,8.097118866907255
11110730,718895.6152777761,2.0979945261141784,3.3978782574749107,7.040533131555675
11110740,808596.8881865293,1.7253132875095305,2.6233019228358976,5.452732241118033
11110760,5207882.552876804,0.945027047554705,0.7130987538191891,3.892329847352189
11110770,1449188.0867129304,5.559904828290225,4.455133758359127,6.971445655540194
11110780,918380.4956780896,4.561262497058807,4.7747499534071824,8.844448896923508
11110790,1262293.2058036237,8.732059068582519,2.539966490413067,12.802901590812471
11120510,1792888.489674982,5.478039127273439,1.6930304203935704,13.402160208540051
11120520,3122614.023352136,2.506389857078788,0.9248388348989202,8.327404471204444
11120550,960364.3933502928,6.441881779671876,1.312582568520579,23.794549794955323
11120560,984441.1117190326,6.851330399545678,3.885986250781986,22.665915148721176
11120570,1388754.7637064273,2.574465528977586,3.7738106773822007,16.216243957773973
11120580,851064.6931701804,10.658308938264751,2.5878534840094183,22.643960438433155
11120590,1109043.8321867322,6.10480792198246,2.541785069437016,15.444328566311308
11120600,754690.319204595,3.979994380156816,1.0399235321870428,16.409028929852813
11120650,807720.0252850907,5.181863617649981,1.803489928995396,22.38585563172346
11120660,1045454.2596176866,2.6018113505809946,2.781744231929399,14.620552294167949
11120670,807136.3723603964,5.739482703385292,1.9796655594826296,17.95512441301311
11120680,1288994.080472962,3.912991480768203,0.951664293692391,5.077715289340566
11120710,11556755.591425097,1.2649376268277388,0.7771772584382051,2.804914416100408
11120720,1395058.3164333142,3.6555730809897815,2.73486379394214,18.9030373231552
11120730,752218.7382589733,11.1045655099249,3.223450398836161,24.47994969087337
11120740,1156690.8217913862,7.841630218642185,2.177990085928293,29.63868614429097
11130520,982085.8037135936,4.310538707990881,3.191697446628298,7.820380860198512
11130620,1234716.3205751714,3.1834141910063103,1.517110295664139,12.12305157700129
11130640,1191622.6020923266,3.8945099924366207,1.9916590354530608,10.51749038850068
11130650,699457.7423128673,2.811000522216038,0.912807222305684,9.249663885213591
11130660,1613942.233830091,1.908503410848263,1.008438758618675,9.50665278792919
11130680,2073551.3296412888,3.1181906153161703,1.8925013714524703,12.337773061028908
11130690,475186.4455984536,5.237623615571773,2.379760028676766,9.77503041859725
11130700,783220.5066193886,6.9793591294272845,4.3041981712264334,19.95098967435463
11130710,577555.0412676766,3.740830543373488,2.822681543123582,15.583876083629544
11130720,824237.078308568,6.479789247230864,1.5582948179838,30.71267035271274
11130730,1115171.262562828,8.152002656547126,4.319782901985068,16.504758364591293
11130740,458603.463849287,7.68392203441204,4.338740864420019,18.79075154450988
11130750,2718268.2848514514,8.521381640335173,8.025158135190761,5.778155438266022
11130760,2927088.2460902976,4.10925786787364,2.162543991898369,15.777386245725324
11140590,790015.9806621224,9.36949365733262,1.7455952360680045,9.325521875123632
11140600,847570.4840706903,9.6535946210724,6.605879716931326,10.427699642597087
11140610,501459.5502321295,7.432469941528638,5.147768405271659,15.285165619826564
11140630,797289.6461760341,6.139744708327815,2.6714882507545705,13.26051045589424
11140660,1677742.208858603,22.718522638795623,1.2704933207403564,13.804856736156385
11140680,1711131.480088621,5.296643421630511,1.2463557627814392,8.680374885084182
11140690,1100198.2831516492,5.65209044086113,0.6566479950021352,14.02065092255898
11140700,675915.0220603489,7.899173134870033,1.519135471402987,17.125268917923396
11140710,646962.683424097,10.275834803539537,1.8560508031309373,26.5412372921656
11140720,858622.7767544005,7.503786902534869,3.1383977065127104,20.289526550386245
11140730,1977273.225923417,4.633447974110359,1.9532858793273755,7.500124820674767
11140740,8396291.145079477,2.9088370424747425,0.7507074622815395,1.2732965452355325
11140750,624554.4931728917,10.810126601123038,1.7820226291793404,14.210631404437429
11140760,1477486.1303479704,5.264766966521655,2.896138191672708,9.551228836794202
11140770,1018450.1657506932,10.216825422994733,2.090039276518605,17.638950167251284
11140780,743782.7088935665,8.019669931746416,3.411484387273086,10.428381756468823
11150510,1432068.1548850827,8.55874345837938,2.09863382624081,5.675076424947573
11150520,1020612.2424162788,4.86330787818454,1.264922774620913,20.858571656998883
11150530,531463.9500147799,9.636515975415108,2.832884042924223,26.821875329979296
11150540,577073.8617576781,8.963230121053783,3.3571235875481285,26.42238347951704
11150570,621951.4510105938,11.314724130376584,2.151300655771537,25.952080841795016
11150580,606373.1224224624,6.750168444074396,3.805453949456857,19.91689144315244
11150590,917379.760310372,5.717070599616338,4.14416448307835,13.328234306470128
11150600,469534.5188639525,7.097239821509098,3.5146855624149653,20.205466360428847
11150610,637843.5041681058,7.960281569710935,3.327503734257363,16.735883907335104
11150620,443965.829853491,6.084179036573543,2.698432388562028,11.51922462554634
11150630,1229742.6291137673,3.154548114276648,2.124571691066626,9.397942310592509
11150640,747026.4143278865,7.512120918022777,2.156715346638224,10.537520797715215
11150650,525516.3905447104,8.686610565681455,3.5723946463456584,11.534518827759358
11150660,2754548.01680671,3.132133638592103,1.8954275919803567,7.79254419481831
11150690,940200.9858627926,3.640849603836463,2.030341544159327,6.512262518430322
11150700,1233234.5357700682,5.684702605820409,2.640516607721555,6.423179857743184
11150710,1765073.5205782815,4.080019968092743,3.4111339818272857,8.696450952902467
11150720,996421.2101886552,12.477886658387504,2.9021483195427327,24.34687090562661
11160510,1733196.0007027274,6.08455981230645,1.520461677337235,7.521611093702941
11160520,650269.1672525492,17.4685995134094,1.8718474390484408,13.82598839442981
11160530,910005.5269936752,4.143125676715425,3.2913736794378314,15.382481732618976
11160540,1059596.5790403178,10.735555184259155,5.419110141433933,6.883329996528127
11160550,972031.8907713532,6.097427372553939,2.3729533445071933,26.267240233114432
11160570,454291.5865664552,9.180794342095975,3.254711469823984,31.860610938309
11160580,521482.3815115427,8.260902888765164,2.3176477609339097,25.659235693947167
11160590,851431.6652886255,7.728098901255518,2.2919202930768634,19.81866593627939
11160610,1037160.7448248954,8.490758341427512,2.0158531763571763,15.027018811328617
11160630,592893.632388941,7.335406805483662,1.8625704585905083,32.04391052701339
11160640,4967111.377800222,9.566450360974926,3.9300408340906094,1.731368712113658
11160650,823278.047801683,2.5714505583590936,3.1022718732929326,3.961692665797388
11160660,472283.6424196507,8.896850087394158,3.634530848589216,8.0815649932082
11160670,2885594.7091239244,9.923912934405204,2.1165760192563834,5.943144663234111
11160690,10853939.253527034,1.404666525108981,0.544443821464104,1.7326555109487516
11160700,1474547.8069130369,7.292504444356247,2.994306818120494,15.85445130295826
11160710,6153142.828359423,3.0571654774924246,0.9671557863585936,3.157410689404537
11160720,2557074.204477931,1.6715605981502284,1.5175655299904447,3.0967045352251104
11160730,1196882.0128629426,11.597887796159842,2.1871955233861207,27.86893254600568
11160740,1260677.9668300026,4.993604473051118,2.487057120202942,15.2675991189809
11170510,1391772.8367334749,8.408680239807174,2.3133324406842446,7.529319290193635
11170520,1008158.1865774865,4.601231588398115,1.7390396352633526,5.366033408301248
11170540,1039355.177661106,22.044340787980307,2.7043057683666096,7.889234897065438
11170550,524117.755468053,17.018598465494232,3.538765215394281,18.66090649205403
11170560,1011733.617569924,12.00028375004071,2.649506509996684,12.750024574035663
11170610,1150403.1187430983,8.906773377302915,3.5587078829631698,10.472050317937516
11170620,1024829.7435687426,5.199514452680865,3.5763516252907586,17.792178439902795
11170640,781957.1267328948,5.043213336654707,1.60179834659571,18.36664268298924
11170650,827818.8890789909,4.694753424778607,2.618801855176049,15.876119492892595
11170670,726889.7278929004,8.458110356389257,1.8639909158322383,16.717699101195276
11170690,2659440.627180626,2.258457664590034,2.70738935043467,7.128008194226136
11170700,410698.9724840274,12.590746009455264,3.842632273867234,25.80450710977702
11170710,1702114.6044065831,15.538363992571004,1.5803700163482883,14.558069646353369
11170720,1319364.5862149764,6.669322608080311,2.0444814904965805,15.274610614215328
11170730,3058811.871726517,4.060191883642379,1.8842318980185409,7.195597514606579
11170740,1445902.4570771274,2.243275267992275,1.564953185660254,5.883314312278014
11180510,2511019.6922600977,20.50240003478851,0.4214874017666217,4.3972332931471
11180520,2060413.4735964928,11.352768821126428,1.821847069596852,7.606261974312141
11180530,616721.2892122008,8.351592738805024,3.064265803894377,27.74186266150428
11180540,934299.236753367,10.301243120761386,3.8508126100825657,21.019996416037017
11180550,590611.9944669963,8.669346418954683,1.7605513991186146,22.624959288759293
11180570,1522242.0314234912,11.080871448570049,2.510108892914243,13.56169944475325
11180580,1307917.9447543644,1.1906496192098213,2.215728809436423,4.346851964246213
11180590,1260466.14764501,9.371685305267563,1.874852636904936,7.816022236784802
11180600,821105.9386114429,3.371254844424059,2.1194385722866302,18.62110382666717
11180610,1385952.4856133447,3.0939949246114185,1.2010616566200736,11.335289327935175
11190540,8431315.760253912,5.004587009668249,0.8527955366052131,1.2272782173346637
11190550,744759.1147104842,23.020001655846244,1.5132208015943396,10.428958730123052
11190560,1580150.6576499194,7.795221052754969,1.4508514866444042,6.930689112220796
11190610,974200.448288198,14.084292857975052,1.4478851750672876,5.5214132945734695
11190620,2872495.765241954,5.389906038331203,1.4043916909007006,2.735130220525561
11190630,722392.3817793673,8.416063411176316,2.1761402912109857,20.577474339233813
11190650,519701.8126124086,8.767446590054659,2.802798308324398,19.60660654292557
11190660,322364.478602302,6.821349881233256,3.648305703590513,21.63788156133014
11190670,494289.8647848298,5.005192495388746,4.228032834703507,17.284616729538822
11190680,617898.9496416408,9.08235631955092,3.422963529111743,16.91249835701324
11190690,646693.3288146224,7.734628763552546,3.94575664415442,10.235362962930155
11190700,498611.8130900599,11.107123189426272,3.190049107581594,22.614953088118305
11190710,572120.0235324813,11.493274135862675,1.925339647196865,24.626695422009
11190720,921021.5398362548,12.956270398864472,2.957372853189423,13.74200805469599
11190730,845748.9302889162,6.7716872405706745,2.2540661759741525,16.123761954898427
11190740,1371086.5816971257,28.05306962434478,1.5231495274506326,4.707968960907282
11190750,585455.3412494983,9.257311824498844,2.079083971777019,21.51231418348606
11190760,1785402.7320093953,15.74634493482521,1.7377441942799432,4.96205412061979
11200520,600124.1255213493,12.393908803440636,1.4229541852954648,25.85310318229366
11200530,1481755.498568926,5.488743947486633,4.174641692316094,16.71578052819955
11200540,778079.182985511,6.631323435091921,1.9948924467345923,20.584724988747308
11200550,636728.6622762942,5.9349445492601545,1.972974128299175,31.273021754503034
11200560,938866.7184147204,3.66987382667527,2.3651769850036,26.427219902765227
11200630,634697.5965846108,12.594523101265468,2.1999620481615043,27.85278993726565
11200650,907007.0835460091,3.526897788423204,2.7295198058931143,13.71967451184771
11200660,435822.36383206456,5.300295251837742,1.5725136781165734,23.986564881059103
11200670,681690.2713847598,2.8626390872386,3.196506937978413,11.34605821930513
11200680,1543763.0700794023,6.986014960452403,4.5495051891238605,12.603446216219607
11200690,674784.6244719744,6.508624124102476,3.722769953837396,17.94632127741421
11200700,976657.310568742,8.518429074480334,3.236909417211949,11.591797656796471
11200710,1707033.866053747,4.599364219772284,4.291586313829017,12.175566104563906
11200720,1612248.6330196003,7.254597602429523,1.6974305108158516,9.631226500729944
11200730,2761137.42801799,3.20055555935919,0.8703474564333666,5.223833566235895
11210520,749326.924434749,6.850088285487402,3.4826181867278887,24.699465207900985
11210540,296933.9104723308,5.83958361352305,1.972219557658421,21.721157064364803
11210570,717700.2657625523,8.003077256437248,4.306828146772016,22.12139075302648
11210580,2261134.373164907,3.066244155191339,2.6594526881864207,4.724162479818669
11210610,384442.6728190986,12.795993715370155,2.292826518656857,25.30610868945152
11210620,1088265.8195931085,3.740345045718521,1.548350210490884,16.085055247411066
11210630,3278571.494441279,1.4267310440700234,0.4458852120359223,3.929692881641668
11210640,647053.8801459006,7.450951959578127,2.1908134899994223,26.53715217783752
11210650,544575.0226685876,5.995299401738011,2.335628973653921,26.536531591013024
11210660,940554.7989477152,6.380301004973848,1.6865011009193274,16.413246004938895
11210680,640559.5204267779,10.15880855942307,2.314494248997608,27.19391328823176
11210690,540840.5042011158,17.934192366063012,2.880342896013819,17.416278899367175
11210710,820791.9469069774,1.7206401832869171,1.4578718954480083,9.482306425309377
11210720,666117.3511987159,14.53271191337966,2.207153337407388,17.3132807092058
11210730,8398948.30479121,1.1721977005664197,3.3925561695239623,1.8130888189968977
11210780,775637.1496100364,8.685850468616312,2.867652771059954,20.980833293668766
11210790,677719.138262707,3.945274688885685,3.424109943588709,14.66751482488034
11210800,1194718.0123688118,8.828540134549618,3.102940578164099,14.18087979488516
11210810,971656.5980450248,3.6181020452293646,2.724493213696658,22.176339652334345
11210820,2602463.717896752,2.0306233124450603,1.1333515636618563,6.468167701774048
11210830,1358429.7106797148,5.179962913080465,2.940274914749549,14.045841250374504
11220510,1381640.311498347,11.821674118561498,3.004139768004632,10.583168242176209
11220520,1229992.4989059705,14.340232731818189,1.9230400832190075,5.912752618356936
11220530,2996312.161498385,12.11235430521302,1.883810307984144,6.935587703176373
11220540,879108.4600329077,12.53332253389669,1.6973773780980168,9.727118261072317
11220550,1755541.6450200342,6.284752525372153,0.8801499895069463,5.367549521905001
11220560,971806.9766001288,2.1304876961886947,2.2528568195796463,7.994391272003589
11220570,991618.4379388732,7.415364073507337,2.334086778975045,14.26554562565622
11220580,1394982.7278886442,1.7231254093082244,1.7217956145740998,2.7015782868408853
11220590,1250766.2395342449,3.012319071673629,1.0536373854857084,5.11664974575917
11220600,1426067.0123753326,12.07311896482933,2.794272541225992,11.560737014341296
11220610,677002.2395720058,11.100729497100266,1.6721563336124297,19.676141514817505
11220620,688726.8297166858,10.588627358074778,1.4373320445397426,18.862212418701898
11220630,1902603.3492622387,4.785349763996936,1.3260667289740695,8.273212775425451
11220640,2373348.9591862126,2.784928900375232,1.6493896411001048,6.43831158127148
11220650,948814.6546252748,9.326706503792105,2.162165874806149,18.855425993445944
11220660,5760998.857359762,4.078991544707934,1.0826427221725323,4.392470873199889
11220670,7556516.713944547,4.69418907439278,0.3671775753166457,1.885820618960346
11220680,12699154.071999604,1.052434067447056,0.2598275129604702,1.2771870027259975
11230510,2057678.206892152,9.322796240237466,0.9809682585994458,4.518558294617091
11230520,1257791.475688569,19.49502253017484,1.1305772416394144,18.09183667797381
11230530,1457417.316169823,21.24508342138155,1.050931790775962,12.825801439129506
11230580,1943143.862840983,14.846512761072846,1.8681554645359428,5.573507256677171
11230590,1241325.8824145892,12.72537080548089,1.1063945601817944,12.595662038509875
11230600,809204.8117973416,5.509603743761423,2.824962604599751,8.237975680215087
11230630,700546.9238886284,20.54549655191812,2.056965742474027,19.107072858368728
11230640,2360341.2453272543,23.229574973983063,1.601631162568238,13.84351070733572
11230650,1134166.177711371,13.795118511448468,2.6990764373422467,14.55904291941894
11230660,1049811.171380735,9.454334486741043,1.9032805283028569,9.260368566313687
11230670,990008.6658603408,8.256555099265777,3.365156407976328,8.330388232520631
11230680,1448844.283505292,1.572749740495193,0.6081347400794531,1.5845415240011758
11230710,1664191.8829674898,5.624659999087365,1.5925681581945943,7.714438681080937
11230720,2352816.255382805,2.7219509423182275,1.7443130271034823,4.484270304016577
11230730,952738.114469984,4.577930763222897,2.8935949318994494,9.687027247003968
11230740,1299292.829807386,3.089998645762662,1.1073118039094751,3.4096821055609507
11230750,1628146.9985285865,3.1471549347938903,1.2019939697503796,2.901515860921186
11230760,6362857.325298201,2.0979677332083035,0.8237731708133075,4.16048502905108
11230770,2343278.206528037,10.391950681751018,1.192345415529453,5.75448911884852
11230780,2327443.094732763,11.526591639812665,1.2181268021771263,7.965236662272132
11230790,1835962.384347916,10.663381329977264,1.8343231832217304,7.0530989973331
11230800,2241622.2462875303,1.5863028394936678,2.393621015104875,5.617054506771939
11240510,1074461.5398369725,2.647119897239305,0.8361580377028851,7.824256627258655
11240520,2562572.8603888704,4.137310953744762,1.4089188975778129,4.162471933012721
11240530,521901.4918714052,5.876688637904489,3.9115520598225775,13.048053944197676
11240540,509222.9393000823,5.650990852487267,2.6868753029404338,18.14323539292562
11240550,574808.4673787202,6.60647361693274,2.3400601841426405,23.189935047403104
11240560,889992.5591763463,5.871313662831429,2.4651391022946227,14.256420585689856
11240570,608786.9865979014,10.30046154424734,3.9560994888154033,14.255944505788994
11240580,769245.3185692355,16.595090495903612,1.6489643501708804,21.26325276800388
11240590,3082692.303196935,2.207428533565042,2.187207148363504,2.173308058427476
11240600,1647585.9291789583,6.445769102723157,3.244005814459023,11.251417481684031
11240610,686394.2890659347,12.18367216719982,2.2523144972581464,24.83029147299498
11240620,630534.1082963527,5.040179538290468,5.199283268968074,13.538622224752649
11240630,946183.8649987913,12.709485210852842,2.458069938833661,23.80606128292241
11240640,952604.6672405044,8.337165060878192,3.3943064103227982,22.815953514452705
11240650,1013951.7007396684,13.662036571307434,2.6329566560807334,10.805578051013148
11240660,1392151.4367168166,20.24495395389888,1.507000928011573,3.9405485663221
11240670,931587.0443693649,7.725302492553224,3.336516779964301,14.588333552078648
11240680,612070.7633651552,10.27409841923686,2.697709520647199,16.59168471809542
11240690,2240295.8369222027,13.7071312094463,1.9149802655838937,2.820516457259035
11240710,1028207.016197756,12.846549110093196,1.8563262733042671,17.038909738962335
11240750,779600.6155107062,1.9604702677167307,2.1415338768417613,4.682920728532774
11240770,1506838.6477410188,6.396433778981907,1.0545151827368762,3.328295570247388
11240780,722932.201466048,0.9460063588095092,2.6767048486336096,5.102681800514938
11240790,2684789.4768274776,0.8249088101543739,0.963999051995246,2.612075775313336
11240800,1541455.1008072468,3.241387622523304,0.9921587575945132,5.112979759920918
11240810,1277361.5867775297,5.200121219550004,3.181344156268381,9.16631670187212
11240820,2638595.697643987,1.860825372338804,0.981627984307476,5.293743716400128
11250530,634446.9055101952,9.630189105213928,2.89327506180072,13.740778793093902
11250540,913614.1562303422,5.502368283215727,1.6871261841908052,5.576157072905129
11250550,1517309.4039229369,2.090889929511873,2.916859110715427,6.640541897921995
11250560,2473375.273047397,1.92262871737981,1.5204160324325404,3.7430577183957583
11250580,2172643.04444782,1.3221524977720758,0.48835531861435,2.471163420241459
11250590,1797967.1122820256,1.421218380413774,8.184817609523027,4.009253104217589
11250610,668477.5722608304,7.615990787632362,4.245055103975218,26.071257190845635
11250630,561435.1753777919,11.30734665477313,2.180756937824155,23.15926303715545
11250650,663160.2397709946,13.2820936424232,3.343607680520892,14.989443737084985
11250660,624661.8694407982,12.269187396237202,1.7750118588931985,23.74647188392652
11250670,646853.1167711924,15.16372808933718,1.9779870969268472,20.65836022791003
11250700,911467.3177781738,1.2084929308115748,1.5540033495597116,0.1100326055225094
11250710,1549245.6166016578,6.069468481287178,2.1692156268568814,8.158218900149942
11250720,734907.5996205076,9.426133907343862,2.3992543092662264,28.64591739781892
11250730,1849418.510686828,7.467967861569813,1.0850879098485338,12.388139504362352
11250740,1630343.8778385457,9.407553442798203,2.2213352554234795,14.02173799635319
11250750,2270383.504523997,1.7008861411548684,1.6089841681123622,5.3435911498779065
11250760,1802631.9229180743,3.410953973427645,2.166443975967048,7.278729256953058
11250770,1115524.997319787,3.3787500247308087,1.1165423955978886,3.8525096740467655
23010520,5698090.115403967,11.747157487361577,1.6717556053504063,0.5019756404082387
23010530,1588044.2088715592,11.607982925242617,2.108668973730886,3.387703792013498
23010540,3537977.359700358,16.016906137390855,1.6721560540375582,2.1449439585300025
23010560,232792.8422332781,7.216192608008871,6.166701002044568,15.778542661532931
23010570,182903.3319367831,8.413240649186909,5.3025965879805055,20.44626601745754
23010580,625879.0301520402,16.200173637233874,6.302132972853347,11.144194758437832
23010630,39118641.5994845,0.9711010240996518,1.9968366792618983,0.374025400012574
23010640,52798107.177146405,1.4948466218351608,1.4740384646893212,0.5682278320471693
23010650,36071554.059427045,0.9727121976034654,1.0797437254348832,1.0475160210100678
23010660,5663059.356636861,2.2397052780665727,1.783528337515664,2.115668997344318
23010670,2873187.2803907464,4.511504994355953,1.1868810941248231,3.353825714238982
23020510,1133537.4401429596,6.83454381543048,0.4653118275802201,4.145841197290625
23020520,286759.69380430743,11.104005882413242,2.9220192031034373,21.840729894391785
23020530,592632.7255822535,2.4749993242685298,2.349547442367607,8.245699256006898
23020550,333197.6428421549,11.001624655097634,2.744213751275111,9.373494906276148
23020570,2234804.8119994327,3.609869643159864,0.1879889026101278,1.2303715364501209
23020580,196111.37048963632,4.949037783858896,3.5447935258840886,12.830924772711697
23020590,198130.5825075146,16.210729710871753,5.206563914483363,23.28365112974865
23020600,519703.88010948943,7.887115738455066,6.60248420725492,15.839247137987488
23020610,799350.0774285874,18.062300720841133,0.521335321477704,3.899264302454602
23020630,558277.8169435218,17.159491559440944,0.8744971719817418,8.994108427500528
23020640,289178.2917787917,11.775503587962902,6.466738744056675,18.56037069252901
23040510,2166690.579468958,6.742139176252559,1.6576521038998555,5.97476274018181
23040520,2434373.368987671,2.3207622625700406,0.9360799141532228,3.841181986291829
23040530,1637775.205098864,5.120950692854988,1.8514137584813355,7.988018690523742
23040540,970401.0710977404,9.001329673274224,2.3768906509532624,4.50739684192836
23040550,863711.7870426993,2.860302400616602,5.198770365478636,5.77053647345241
23040560,2387927.8221725584,4.0678750312130605,1.837830529104036,7.158285775429264
23040570,3820176.295370271,3.3835992896708618,1.2620137006882592,3.380632553899779
23040580,1279195.168934035,3.1946740684153423,1.895856753451399,6.898465141391581
23040590,707320.0973082,8.314656359435944,2.523185969692112,7.966846434827192
23040600,1992795.9507442869,2.2194161362579785,2.251472140610915,3.701340556379086
23040640,5835537.738022011,6.791274112012922,3.9873624012203353,2.2945661219036606
23040650,22050487.95766972,2.091994734538165,2.409155149519879,0.4764649144898213
23040660,3602732.2341179075,3.721430041814704,2.026801748405008,3.479398885965184
23040680,6956440.124734939,1.4817324978027235,1.4063255321158412,0.6981677802928503
23040690,6442297.419701075,1.458711388712346,1.477341407247707,1.275692019663751
23050510,1677118.483588371,8.608470886819081,2.741471246695403,7.73617817336108
23050520,814005.0698888053,4.765053387120731,3.964142329172175,15.908404107071004
23050530,1837133.8089600943,17.948609734275813,1.9454780700962253,8.931769455084307
23050540,1041376.9139981732,8.771024105316929,2.3048340201438573,10.340064407819332
23050550,946362.0933608314,8.473309205388539,2.9702976583315865,15.680660588038233
23050560,594520.7376861617,14.700213648224686,4.149882541696777,16.02000580127594
23050570,1649515.8052685305,7.104833555892469,1.947299794608752,8.416549608056838
23050580,1064968.446689233,13.555194803091414,2.686909049745502,13.74031287746341
23050590,756337.3383250276,7.0212417699542495,5.727944880256886,11.273623485551967
23050600,851791.5745541562,6.177962814301341,3.631860046028107,11.962032145119895
23050610,1267308.4882980315,1.9993993420187688,1.697049547627234,6.325250280093532
23050620,968085.9056776034,1.831423311960445,2.4996531656778096,9.9784814412232
23050630,543834.570694839,11.081701767817066,4.0681449341672975,20.75873458607628
23050640,1720844.001208112,5.347753471187442,2.258734055779988,4.471951575856539
23050670,9842225.403807843,2.541633369493967,0.3951503157954143,1.3713606360866488
23050720,3814666.731441589,3.4118335922004057,0.986395776922547,3.155128576762397
23050730,3262346.0117779886,4.403834000284821,1.1726295167010037,3.425651141480935
23050740,10973645.463893823,3.6252502329419984,1.6040977471991709,1.09955877825202
23050750,11426856.629676295,1.4346033377671137,0.2106516904596384,1.1719009194916858
23050760,2512021.179023965,3.313585940646352,2.0288794367717577,5.012051536460225
23060510,1095934.247552803,13.438310165572108,2.6704081239605384,11.085598054772312
23060520,2340698.1616515056,1.850357973318258,1.0767113313860397,4.349557710553161
23060530,975076.5696862468,5.690194607374142,2.831550418630324,11.873452292848826
23060540,1052968.3716851927,17.057352147847357,3.4526241470645465,18.11537165158954
23060550,808586.6766168202,19.05316473666929,2.508168307501626,20.87819757557596
23060560,705636.0939341272,8.264257386854824,3.7596737825656064,12.895866971261928
23060570,2296474.418341861,1.8900318324461705,1.8354475298801551,7.19840221522953
23060580,813066.4694772119,8.518884010383877,2.942241420447856,12.64074023529395
23060590,1638378.2652149687,2.71118762000905,1.6811764311063675,7.231730306573852
23060600,691381.2548464547,3.9698443646353776,2.601227289646302,7.535085459351596
23060610,2085520.817996633,5.550396259311117,0.4288778880891666,2.439666282313618
23060620,2817946.364087336,7.497444026107136,1.0233593912962804,5.309236768922236
23060630,1100270.7575942655,7.347321493482157,2.2080775201361496,9.5762359443671
23060640,673671.2985539924,6.083477882294202,3.684287265690105,7.741325360529723
23060650,1967936.7251757188,4.885296780712648,1.7933268139610068,5.784004882310358
23060660,927861.0711410766,6.039938695404098,1.9302334304774689,14.625441609462412
23060670,722207.6394129527,5.802689009630424,4.419483337152251,12.749214438367648
23060680,869757.6074790589,5.313164301094797,5.674447130476599,11.139435437503362
23060690,4327179.893256089,2.6573448854812134,0.8705911967709782,1.7514143290749236
23060700,1739827.5583999243,5.592608943039498,1.560123302505238,7.266486424132151
23060710,1089932.3724940124,10.165824361369914,3.084487025134073,17.75567292160354
23060720,1351600.3472381204,6.036247922456757,2.9434521247344008,5.859606619055368
23070510,2081340.301196318,3.135378956873411,2.04307908898014,6.455033128121264
23070520,2908541.4803740107,3.627866555951373,0.8864905679681404,4.549717076800225
23070530,1456386.3806299174,8.667229855918691,3.3022142562668644,9.563262350406186
23070540,1582885.061048987,3.9644065871506498,2.653815218832112,7.884848305810179
23070550,521934.6267364881,6.050495340179643,4.382814552985522,14.000149617528828
23070560,831423.8624097704,6.756502386554901,4.657997107246448,13.03227074446434
23070570,967317.6369148648,12.187763004823324,1.945274170226979,12.571591437350712
23070580,3276346.7321984195,7.196983276159384,1.3817694897720274,3.36216325120023
23070610,4156051.4950590273,2.418621280218064,1.0909224931567831,4.458343017798576
23070620,850271.049002766,13.024846403085837,4.141562217938253,5.667193465240687
23070630,17059703.82925015,0.9095886526081796,0.4141093763460812,1.0208119667261215
23070640,9811156.760748075,1.7119438539062928,1.0301431172788822,1.5046497529247809
23080510,14995076.185170509,1.7294636991879615,0.677932746053389,2.161549932151198
23080530,9447146.793453284,2.2962039624439803,0.9417996889971012,2.204983937724892
23080540,2434775.880984493,3.871848649028108,0.6815339428011427,6.523588450811947
23080550,1282108.1081720043,0.3982161289894491,0.3409715085874917,3.879721450860443
23080560,588929.4525350941,1.1721810670045592,2.2828568420738904,11.365255231719129
23080580,1146365.032019579,9.326131723495944,1.8205021631570832,14.17206422711594
23080590,2721862.5582637764,7.921830020944204,0.92562835719419,4.550980697007253
23080600,1449821.494738116,1.4996722905663218,2.370333854438611,7.87766287317652
23080620,4342249.085896852,8.190681307160013,0.3299593654121487,2.370527572966081
23080630,723919.4464038014,3.512009710502257,3.925313258333539,8.455768689585916
23080640,1940273.52476485,5.928569176793902,1.4231459857774555,5.898869490110061
23080650,1898898.0198047769,4.69976978289807,1.6593217651560273,3.532466510951799
23080730,10077340.6571345,6.283770916802621,0.9415164070636324,1.5709132996162274
23080740,2468432.7649937603,6.2319176249474815,1.5589619416154372,3.0362705712570204
23080780,4919153.608087285,3.420732366058523,0.8215822516632195,2.83925897751992
23080790,13193758.12190356,1.5260057422976168,1.1635805339688536,1.4131118928003488
23080800,8023444.208917703,2.3794992151056755,0.6578789365817959,2.950542591353853
23080810,10778818.16820961,1.0839253173583057,0.2486604726474496,1.043312417239309
23080840,30001742.756051823,2.5759962890431205,1.197905429435128,0.5173816626256773
23080850,2337751.830600193,3.026864852884988,1.1483529874314522,5.6326358516359445
23080860,1212445.5446917498,4.389950237517867,2.021855048515038,7.535659489244429
23080870,2617157.2762236046,1.9110778781572089,1.2532387502039342,5.403155618941293
23080880,3959671.7114068153,1.7633786620463965,0.8321284750728235,3.8711659110068304
23090520,531473.4413861771,13.100945350714454,2.3063545010200874,23.91874821351213
23090540,792683.9645430506,4.792341054412573,2.901438193080928,22.727117224666127
23090560,665065.2343473,5.934871973644295,1.375048132028562,11.77982755513183
23090570,431558.8466091296,12.072822176743715,1.7289022135699863,27.65983339912177
23090590,1957900.9924714027,7.034739842921317,2.166511680230466,9.203252683831074
23090600,5110100.169570089,3.82426348687878,2.0706504473652174,3.382920689618159
23090610,836011.7468903657,7.299450566680794,3.5593054661207533,11.961760210545036
23090620,1003167.2694083796,8.885447253608644,2.1560689619390327,19.64456702692753
23090650,647514.0515765405,23.169721993604742,2.3523502181467943,16.489918515569947
23090660,1008387.524117816,5.831440338226258,2.935213333858349,23.00779635441738
23090670,459175.30140411615,6.881948217298016,2.986735561762979,20.946116075762365
23090680,980424.8298038936,9.974840178951888,2.0783963104030336,22.84192387006112
23090690,1163641.8821710022,7.842862477920197,3.2449546205108564,12.15538922490422
23090700,658445.183844534,16.671159429915757,3.075933747068012,15.532207994683066
23090710,483672.2261900338,13.25844615070496,2.856505287008103,21.753006178461685
23090720,776416.6453795775,7.824369356111872,3.048372872914117,17.36187726675736
23090730,899128.9866761123,7.288592875354382,4.165305466557736,8.06256076727985
23090740,1712652.002670394,2.6390065374991774,1.2962069267955152,7.39371060719258
23090750,716628.8402033298,13.373042505213007,0.9179131112357494,15.676129249756832
23090760,1258625.0061182696,6.847209393601446,5.312568640832665,20.85793688509752
23090770,2873388.406609047,6.496450527942353,3.393312233904279,7.498406783906315
23310110,25001807.38348573,0.0,0.0,0.0
23310310,21402707.9287831,0.0,0.0,0.0
23310320,31610837.52908328,0.0292541365705853,0.0065271960149446,0.0565469628077831
23310330,35365733.26261098,0.8451420381158129,0.4298868134991374,1.016683768277865
23310340,42404012.36930039,0.7307464454644421,0.356929265533875,0.7381563082418019
23310350,35616561.03078054,0.0569179720148263,0.092710776259704,0.1013302559014881
23310360,29864424.76334425,0.0,0.0,0.0
23310370,36369521.83549997,0.0,0.0,0.0
23310380,27285312.176475134,0.0,0.0,0.0
23310390,22294620.57216245,0.0,0.0,0.0
23310400,47026965.10923379,0.0,0.0,0.0
23310410,45594610.00837289,0.0,0.0,0.0
23310420,13133662.466184698,0.0,0.0,0.0
23320310,19219096.668513216,0.4492591488798695,0.4161833000158341,0.5622687206468321
23320320,7290845.820422568,0.0,0.0,0.0
23320330,51352952.29440467,0.0,0.0,0.0
23320340,15839095.692613175,0.0,0.0,0.0
23320350,41503866.91762053,0.1517664036245346,0.1827415620387336,0.2406141417897914
23320360,20182449.54706636,0.3684314546164235,0.096479054516425,0.3165209391998101
23320370,29845537.197176334,0.9572840909415508,0.6745635167492249,0.9051473996625816
31011540,8638370.87660329,1.9415024142216044,0.8426509771773024,2.21447286658335
31011550,2996941.749676557,2.945141039602194,3.8062948764704174,7.49823710431863
31011560,1147008.1895737827,4.236912328764117,1.6020059810625609,7.640074270708157
31011570,1215190.39647067,8.034163519096102,3.207329470179443,15.557769835560556
31011580,1281458.5679208382,12.236386501175788,3.489834790923452,17.893252911247714
31011590,1675128.4984900448,5.691111385758325,2.4980418386342707,8.711601353225289
31011600,1634290.3934578649,5.748231819125402,2.228496696470498,13.28613493929537
31011610,11566580.688624931,0.8232197860020453,0.3553885636320363,1.8019641889534983
31011620,1907339.2233128096,4.354312709689975,4.579326652562997,6.090543748944839
31011630,1255613.1540954723,3.840714967548839,3.1035301815906213,3.585815907454547
31012520,786327.9041242163,3.800938690774451,2.1463084857828005,9.478706087926412
31012530,4152129.6459888727,3.044671827329722,0.5102436490741438,6.315645313870383
31012540,876174.141686351,8.22598107880736,2.448988301268911,21.669922642299262
31012550,10857218.625844011,4.655922895412161,0.6568467409317917,2.422393191442214
31012560,5441480.286954768,5.37600888600078,1.685880388778605,6.385386950936238
31012570,1941000.114314264,7.990615800770401,1.3824296260557103,7.213047040827564
31012600,1219242.0335503058,18.9131200275999,2.300444983574756,12.245783281397804
31012610,3596028.8383278945,3.8194704121850354,1.0329397842679051,4.9108005187481805
31012620,6947168.782964286,1.1758998304266892,0.3490508491435522,0.9713828038757476
31012640,2457543.2492936,4.656166417483129,1.872560255817296,7.830036632670106
31012650,4095864.759618282,2.8469519228860025,1.5745390490965054,3.2518558841375493
31012660,4748119.36203412,2.277553272994792,1.149592160811923,2.9781895568658494
31013530,792689.9859670645,9.962529938259063,2.4021236358787506,25.74715209209145
31013540,1304417.9340975764,6.6755948458809335,2.6397733000576538,12.27508024533438
31013550,806373.9123451172,7.109493357817192,2.889522560724353,9.16957457668188
31013560,2919529.8222320825,15.58156387238284,1.3097042640140224,8.126476962069713
31013670,723059.4262438224,11.437529447782197,3.247210859392847,9.02902283522757
31013680,831471.8674998013,22.4478474217757,1.411106094317935,10.776205535947572
31013690,1013302.870482598,5.461899308946148,2.171350370699329,16.905178626541257
31013700,954281.7774610998,8.20502394340708,2.561201212327397,21.91419856559977
31013710,1952811.108734876,2.567375456693868,3.2910200079281395,4.416492146857219
31013720,1560870.4584030416,13.332444298074073,3.697673392980056,10.882434630096933
31014510,600865.9147399903,6.508583780152505,2.08943983267816,16.255599009926193
31014520,607867.9924610977,10.744016768863393,3.93198638524161,15.589261942474286
31014530,3182368.1889605806,4.932850732574615,2.024820273610085,4.433271080314852
31014540,744992.8615347812,7.182077146010281,2.110159723876152,13.59330564231444
31014600,3236457.808396089,7.775233715667736,3.5419126654845443,4.596698351288513
31014620,7966171.854025573,3.956666509428095,1.7082661341997492,2.303172303806557
31014630,4142007.101563594,3.691679198935849,0.6485502371482922,1.5266209482912352
31014640,1687406.7071286,2.6916344190091985,2.684115146477354,4.962287591431244
31014650,1368287.5199494923,10.062245268119948,1.5530716167440497,7.253707152031708
31014660,1697975.628317635,11.329556404059296,2.118968352810746,5.754811829335556
31014670,1026629.8954054178,4.923522050156428,1.5914783728210549,9.916661422390971
31014680,1418998.8999447024,3.365895720607711,1.746807028456837,5.998636066245002
31021510,322595.9436582764,19.43923853829032,1.6762304242351058,32.00575108803555
31021520,1140282.7340541172,2.00965227787644,1.512663527266261,5.421370684284288
31021530,321158.54014481086,22.526643392860617,1.6036226470071977,23.63686370017432
31021540,1341075.285343589,4.278052454518695,1.5448778780487529,8.545841457698575
31021550,482254.4131303171,12.47448756437834,2.679610689020281,24.550485897406134
31021560,371118.3766184005,12.408806573454804,4.964203669084688,26.23255976735706
31021570,404262.6538805044,6.536426518858534,3.219470251551277,25.02028079144665
31021580,333161.68894740375,15.668751694919584,1.7220532983650436,33.944195753303546
31021590,923875.4457980378,7.530524950183032,3.280268774162552,12.059186488925745
31021600,802478.6311713601,4.554472123910382,3.4280536407873266,8.806612778433061
31021610,584530.4312580619,4.902330411476251,6.298982693067622,16.98122826185163
31021620,1259358.8899351556,1.724110662272281,1.7214381420907927,5.173904143992727
31021640,4979344.64251297,0.6073188704102689,0.3589821833731205,1.5585276325236057
31021650,12312881.271767534,0.588224412680332,0.36481493206108,0.6733273204840754
31021660,12939262.702320512,1.2366909267021708,0.5877438538197216,0.6460605495596891
31021670,3556491.412175281,2.7075302989313466,2.7796243850284617,1.6620282391490655
31021680,3163805.103331231,3.561621950536856,1.5099444154129291,5.497511011398777
31022510,1999238.5482690777,9.446316673893412,2.4915984962742805,8.66841743498913
31022530,605703.1643668589,4.932456339670067,3.75816561708078,10.169945886290368
31022540,1093936.1946973717,6.1690769058119255,4.197201531809227,13.830986327570502
31022550,272917.98311842635,2.2571248236540025,2.421996809273633,17.195128016347418
31022560,2405438.6022241386,1.642151520571581,0.8029549348408235,5.086418080807379
31022570,6785851.562659184,4.052092606286602,0.4950584561111492,2.145266178432538
31022580,513822.1354737034,10.345287857872547,2.2164576269229657,23.258285057483054
31022590,305658.1345080642,12.516666924768186,3.4206876081430964,32.57625216872351
31022600,2337584.1676375675,3.1104441744869296,1.3788205040817991,4.305485129868071
31022610,9391862.55162816,1.4152204687888537,0.649316315388914,1.3051748982854785
31022620,678680.8426891365,9.923286868375648,1.2994449572277145,12.459727086020925
31023510,3383924.964477343,0.9201699893366408,0.7352931802495567,5.182116873859317
31023520,1049032.4147462875,2.6722692380062854,1.5142817972165297,5.7524394609087
31023530,1021721.971303848,10.499920136044004,1.6941980943996495,4.034625037975151
31023540,822699.8582144559,1.4214154303926307,1.093852023499,3.3063150315137344
31023550,501934.4775881498,1.935541388814842,1.9012913530033253,7.250887717639936
31023560,1968712.9082825368,2.9491041345880102,1.5107939963032762,3.0834649351956545
31023580,7484774.903812579,3.151819060578956,0.3273237132619549,1.458506215580468
31023590,780059.3665657,3.703272153239021,3.8016775119985593,8.17674236023738
31023600,2882911.0894002933,1.5404302770752625,1.183315861505126,3.888415558928988
31023610,635513.413085204,2.434268378434307,2.274945657899828,7.358684224328295
31023620,1151192.631858954,12.307890071984204,1.4115904471294505,4.2082989441114655
31023630,5104612.582942959,2.55520124303245,1.195098917540906,2.7324734163375366
31023640,622753.1162588327,4.309806474591685,2.233337599394526,8.090620961043339
31023670,3755051.8651012057,4.963153522090392,0.8930156407175708,4.728915180692362
31023680,17571575.008125495,0.5904684458662169,2.1484924522033726,1.539102360619795
31023710,5758613.115250431,2.229226296621687,0.4236175387062747,2.192709601033014
31023720,3544160.8244720898,2.16351831182285,1.1130239739444705,2.3651871166061897
31023740,2794522.036088597,10.396011894015414,1.689003323372703,2.952436119390948
31023750,4572927.3405391015,1.744513088925213,1.6733653029571167,4.14309557536321
31023760,1931244.924967585,6.27909640720437,1.3391902370647957,4.333584386514902
31023770,1455773.3504959438,11.185308438863135,1.2004758878547148,6.359144452656558
31023780,973853.451224718,8.279205866002911,2.3138503857356216,6.993071643844304
31030520,2318580.949201283,8.465704888999364,1.2278601801597246,9.16881995236343
31030550,6222574.511163914,1.7832808128752622,1.152284499643431,2.86244992989656
31030560,8956291.095410803,0.7826624017271435,0.531242721798958,0.7049006228725888
31030570,2955287.483939297,2.626381167009411,1.3297078439154433,6.815787952439642
31030580,2434329.366097703,3.9379542445244913,2.3766001182300664,6.116518463370533
31030590,16084116.053745732,1.5855327929501375,0.7034130870887182,1.4649001944530962
31030600,11844592.492936922,1.618220705266741,0.5795281457004189,1.621187530926619
31030640,3824332.491088906,2.379606780063255,1.178588051257938,3.6769231172640513
31030650,4492905.412638145,1.94726023645692,0.680226576417468,2.6801857950590726
31030670,6628067.555966498,1.200702636047044,0.9384673764419732,2.8627522332134743
31030680,3307758.7089761966,3.827044997567445,1.5034396746771694,6.639658940057484
31030690,1942528.5463804388,16.900148467659818,1.741802446598442,12.67388186918185
31030700,1448551.7300953765,3.939341054981117,4.224528010944427,7.778146812703957
31030710,9298812.27386127,1.7214343212666336,0.6074215293912265,1.760632881670102
31041510,606235.3065838999,18.752921552355254,1.523737750296443,4.143371685519012
31041520,1707895.1018713666,5.085103917311729,2.087571551749956,9.362940836207516
31041530,727658.7357754287,6.16002331866844,7.05231944399184,14.056532909348826
31041540,309922.4087719449,22.81939172859412,3.094195710392631,12.358257284542429
31041550,643676.972246775,8.792019343197516,4.758298242066443,10.22824928575952
31041560,1439898.6015935575,8.114231164794866,2.357464723841392,9.037312103702783
31041570,1053472.7085000111,11.737138884801803,1.1472720730944028,4.045150934101894
31041580,1168551.1458183138,3.738158302942376,2.676801423089444,8.225264733240687
31041590,6524845.63726193,0.5610558649094273,0.37320460658792,1.6808930619912177
31041600,10361544.636829369,0.702846633900844,0.6829989818406407,0.9521719769776918
31041610,3310775.949978688,3.3358311100934444,1.7376884714946923,5.517796411320719
31041620,788396.0647614873,2.827176248172605,2.864043533954966,9.360195369827942
31041630,450832.8374302368,11.079691391144276,1.866113047493736,23.11232449133041
31041640,7421677.838494126,0.7833834305863787,0.8137779235168582,1.1386203043469427
31042510,2096925.7574221413,0.9358248976059096,2.31143629027756,2.967299984107581
31042520,476533.6440440459,7.513405231905709,2.12628285290248,7.708540599829234
31042530,5331645.434964789,1.1388682379101478,0.3092983550061273,1.935549838227502
31042540,483248.1295732203,5.277246576196548,3.0050187944464435,7.848235568416767
31042550,433439.2231034867,7.361328421464236,2.613514884669111,5.30455065818519
31042560,3237305.156229086,4.113134674895249,1.1311959190896912,6.5231334569077
31042570,1659422.4341558293,19.421778753209924,1.51093438789413,5.395619081197723
31042580,947004.679160144,11.294030884903677,3.214139008777023,5.219827092398345
31042590,532978.6172584533,11.287234042850486,4.006857427787764,6.774134505974053
31042600,830754.9086658291,2.784838065738323,2.44956527630218,6.011018922397686
31042610,714894.2610288577,12.527217827819184,2.1613833729501963,5.760526306271947
31042620,1005344.3914934322,16.796935652674456,2.138862018143636,4.348412858848091
31042630,1660282.343669018,6.091171801012976,1.766099984277756,4.2340794705885925
31042640,849204.5748954281,7.053832306056491,2.2964160976149195,7.782818242878761
31042650,572320.697661908,10.645645471786388,2.6520805800477465,6.774185650807013
31042660,399996.3210393138,8.223040221047064,2.43162499847437,8.194573288130611
31042670,729279.9237565736,3.4817619846635366,3.2987983870578894,5.699438091265024
31050870,2414685.7687038905,13.872773376201922,3.172795063149329,21.08226861971012
31050880,8290427.23719149,9.461619348276914,1.7376869424306565,7.283738051630129
31050890,1547389.317271524,9.493248830454384,3.76489531523176,15.000842771804129
31050900,4513084.830732864,8.13409561999989,3.010770213883697,8.705546695444557
31050910,3843843.412491541,8.353038756821153,2.336395806493199,6.41882648319093
31050920,4103605.344254728,7.535011331131293,2.776711746142247,12.654434644837432
31050930,3004492.353152009,5.7252139594505325,2.2250567640834262,11.531233733577425
31050940,5771928.666759537,4.191048578244637,1.9173603906732288,7.35112390057385
31050950,8127988.359296896,2.666617377575036,1.3410897820786445,8.018814852124668
31050960,11934979.98501722,8.275196024658058,1.527310232786934,5.058388511566608
31060510,308356.7989895262,0.2518442173533211,0.6352118293491681,0.0
31060520,258032.07931314115,6.701928617551001,0.5585773433117013,6.829898823692279
31060530,318956.623788273,16.292059738054636,3.07591262703324,24.79685122232204
31060540,288854.7005857609,13.376651300721868,2.339948316369369,27.643162153586548
31060550,394350.21402113343,7.220094555295861,2.6365839390372074,24.4393239199616
31060560,2434452.0110425763,4.466274758090273,0.9937924965558506,2.302085299442295
31060570,2319457.103179876,2.96615654870794,1.1846536911826997,4.346924132678668
31060580,567950.8496320697,6.800152488181367,2.4123992538889176,4.249616161224282
31060590,616325.9769709153,3.877092219904952,2.8810654057690224,6.79501833355896
31060600,1331751.1236274985,6.935699831600796,2.481350140678836,6.684159205876836
31060610,334733.0474534434,3.317655846351061,1.5480478082250544,17.128788341228574
31060620,3901667.494165787,2.51924442268098,0.9464759579785664,2.3783453165211315
31060630,441226.4608370776,3.676147243169563,1.6354384452062751,6.897464598674858
31060640,575990.42698209,4.772415579526119,2.5661667300689506,9.50141198340358
31060650,430501.0519822368,1.9927943978781395,3.4909547286352893,6.190037151157149
31060660,3752034.835242617,3.808978738740641,1.4097733799314691,3.8118112725222977
31060680,12903436.666816885,2.26974714220792,0.3125604982684394,0.3873356460961143
31060690,3896418.116031254,1.852936726843905,1.1952624381607757,4.517533066027255
31060700,3447343.056049382,6.724642625777309,0.3988681788846313,1.1851195408993174
31070110,56797989.7559421,0.9357046731766148,0.3420584720717082,1.9216673486596847
31070120,28530525.93872324,1.5696766201942096,0.4943852277550726,1.6428508433653717
31070130,61863195.10628928,2.0590359519393218,0.5827343740006933,0.9603811523504138
31070140,52444802.14521099,1.1925930088404415,0.5162363985077505,0.8201493985070595
31070310,33941669.80238631,1.5939456082061725,0.3707214769769335,0.9005377475152785
31070320,28532791.44279113,1.4182487995069115,0.153287190816602,0.7439127238478779
31070330,22166968.635808773,1.547906625132842,0.474521193390125,1.3612144250784488
31070340,32484469.62688517,0.9249588118939278,0.575856210547437,0.9672078242453256
31070370,46364926.56278703,0.4472839649677309,0.6173795111294388,0.716220063696577
31070510,5337704.38682919,5.23132191255738,1.7764907632997389,4.4122641151589255
31070520,1671222.3475269992,10.18354401415365,2.241052036306077,16.835175847713863
31070530,19538256.779246148,2.1385779609851228,0.4810726486489936,1.1610220220425769
31070550,697791.0964309606,10.196253454436752,1.5849181696508736,14.908193955802664
31070560,7126161.7971124975,2.5594814221293025,0.8995166669642144,3.411547795512213
31070570,1587158.1716914338,3.7472598468176472,0.363883703811853,9.382625544298536
31070580,631884.7695876426,10.423119811882934,2.815478325659145,14.505595427766483
31070590,6412777.236376514,5.614430191282638,1.3469883427592249,3.344688132102066
31070600,5237884.397213382,2.2678146503973364,1.2403459251403248,2.9054925555351745
31070610,608438.4366349566,15.756885114821404,1.6896960145025393,7.310143696739975
31070640,7078127.026437909,4.017618974058751,0.8435840065856228,3.0170006572200267
31070650,4762760.535869962,4.041697016442647,1.9410625846916547,6.08497312527276
31070660,2623334.096596649,3.310243100293498,1.5015112746271075,6.971410614843794
31070670,12995108.404032234,3.1071424453667658,0.7639774355636673,2.980823900758657
31070680,3025073.301162406,2.9009138044578746,0.8383490475996005,6.140295927212186
31070690,16596320.658826916,1.6236884418960305,0.7128993059483545,1.2104864249515974
31080510,1972691.7404053167,1.7474692502038565,1.6780999354370174,5.28225285654522
31080520,750818.0804053679,12.033337820864338,1.95887923614994,12.070178931166284
31080530,647989.828711127,16.247881112445107,1.9114053378648688,15.579340530914084
31080550,13718082.798416955,0.2664686716550484,0.0407772176903104,0.5490072631606842
31080560,33787800.487222806,0.6544699155446928,0.1803695225020309,0.8616207886806256
31080580,31381321.95058916,0.5329045807880471,0.3123274203593914,0.7924769695293417
31080600,8073517.429096348,1.7702985741879618,0.5307078773226079,1.622870374244444
31080610,5515096.370530403,2.57991287680378,0.5159938247131108,2.7987332670321114
31091510,2451566.34823851,3.3786374459712136,2.4869412929376185,8.663825081385525
31091540,6480080.741650555,2.690391645779772,0.9235721751079432,4.549596853859501
31091550,833758.0973854952,9.800133711049556,2.8124226138049218,17.445419539917257
31091560,1079246.0526396604,7.494139485381616,2.1073281100317445,10.628423225720576
31091570,5696645.879550396,1.9550875413756648,0.4752850538096991,3.362106135348654
31091580,6068362.114442612,2.6667998476955,0.8145584633746986,4.414683105279357
31091620,1702889.0893406998,3.782333997646698,1.2250366063399707,4.815073705551564
31091710,13249490.769170202,1.341467112543526,0.2741994586734819,0.932635400896775
31091730,8368012.046855886,2.167666804898578,0.2482725242944634,1.0702382155098755
31091740,2367990.25163991,8.472119716437392,1.5918073337021394,7.745907333771328
31091760,2242757.232016328,6.924522115954443,2.11182627063986,9.907671751275885
31091770,3009518.4726089,5.388380640585663,2.08903394658736,6.108778433385771
31091780,4802691.5838426445,1.562730237471789,3.481819875463844,2.332496973150726
31092590,3218874.0851568715,3.3829533891605417,1.5927341079019866,9.714068695922832
31092660,25841583.711265445,2.730508580839712,1.2660053007812122,0.5965659642389547
31092680,842892.5791978077,3.4882506332461825,1.6545360288629178,8.937836679257492
31092690,3088152.508239043,3.456250805437297,1.4290853797603589,4.628184343213731
31092700,4809990.115192764,2.331300121309538,0.4917493785098187,3.5618429896048727
31092720,60841170.12847084,0.7022961792333463,0.8982283044274094,0.7986077516377921
31092730,2643358.912006483,9.471908040457604,3.2928126537329647,4.965281822870792
31092740,1458657.919291807,5.678574415060584,1.7811165139824152,10.940841714305906
31092750,1997253.028427801,8.01607269792748,2.482324915782148,4.172476357538613
31092760,1319410.0762492467,15.304935622243592,1.8235193420991875,9.359748878892454
31092770,6836323.076745618,2.5779705681676988,0.749552039086443,1.7847614757905563
31092780,1464646.8808238264,3.1982371584796714,2.429147570854281,5.606647273724144
31101510,5516699.25004629,1.7018902942954928,0.3944946163613573,2.2309081204496524
31101520,12891863.970162855,0.9166469175681649,0.4284527502278582,0.8425510140944465
31101530,11187182.629569177,3.144567811126268,0.4694443855872273,1.8331200349187464
31101540,2307299.4587504547,4.143196075107817,0.9328954499842966,4.601289577995516
31101550,992869.0401328844,2.498437079483004,0.9091685110992894,3.614738015031422
31101560,25754622.17111166,0.5256247917738326,0.1274763040192588,0.4845174849366107
31101580,11293678.501337515,2.710268869396815,0.3373259412144471,1.435839580765052
31101590,23881391.302259468,1.1149844107776683,0.4326024249292103,1.1056327470303495
31101600,16395973.584354255,1.5311768766136125,0.429745456838242,2.4317481947663
31101610,12502541.856006294,1.2305250628215394,0.4905944085893943,1.1517985790108032
31101620,2265709.5384957483,4.555139900107051,1.7279388567950902,5.169906751462952
31101630,1981279.7373723043,5.132590610149959,1.6080057832295789,3.596123192472347
31101640,6388128.941087868,4.308323938129223,0.4827052116829899,2.5625693473433286
31101650,667293.8919663568,5.066535274096105,3.4204107376582784,10.173796840505808
31101660,4308221.873790417,3.381162928866868,1.0061535861949369,2.419421844046452
31101670,7269567.719382455,2.1854819853183054,0.5932762659066224,2.4446154959292485
31101680,10760792.633057412,1.73031359974477,0.9965562354388476,0.6946275687422134
31101690,1958709.42104043,3.8392998234094176,2.133178598065605,9.072783892848978
31101700,6811129.538707413,1.7921510025038414,0.5841156009857325,3.71143590821493
31103510,6845061.577791738,4.889504282333261,0.9775444607915732,2.572632469132455
31103520,2833388.34247244,4.040039813815979,2.183193983838111,6.8187367861145525
31103530,1546361.9668160642,9.04292263459437,1.946493116277734,17.330822743115565
31103540,5680856.430007671,3.3940387072355973,1.420087185180289,3.3623899601245952
31103550,1755655.648362261,10.151285917857694,2.107431583910514,6.114183886004044
31103560,2211077.059167193,5.061029006290327,1.626294016687889,7.729980316548511
31103570,622195.0623871656,6.295803810517063,2.545623068897873,8.256760160639034
31103580,10223704.87705315,3.097574025001137,0.1032135278553645,0.5258968328578199
31103590,2407266.8632306256,12.191366690850222,1.5611996332958864,1.847351657217058
31103600,25027231.668295603,5.623919671053098,0.5282976191065093,1.879761603304074
31103610,788834.5545114302,16.355259199314208,1.960735952087032,6.645669201831109
31104510,644100.387355673,5.986150571520535,3.944086892939316,13.299606785727963
31104520,814880.7026241097,11.342693939997412,2.22659796462778,11.333545967030364
31104530,1141579.7849185208,3.815801547362549,1.916113763281253,8.407853797334143
31104540,2179312.421755307,4.830541852038655,3.095613733500336,5.8901563981717
31104550,934560.818515886,5.6339032148977095,3.3061368316339927,8.745330094037277
31104560,996999.4394281284,5.486300985890305,2.256457075670053,8.891612846520319
31104570,3768359.8539777,5.899143671342463,2.085937584808466,4.891450408589894
31104580,12749789.06251876,1.068830205228062,0.4547699439545054,0.6602000529557914
31104590,18063314.993837405,1.001083045691119,0.1548966578331086,0.4174367945895075
31110510,6983400.036643137,0.7408659736194577,1.029196732856036,1.0905772627290695
31110520,4370952.972979629,1.2726292093324492,0.5837479873203001,1.654655976540808
31110530,649557.9839413852,4.99794065060613,3.4620895270102,10.97182758408321
31110540,405785.0824893809,1.9727182453695176,1.6796897306062546,17.25641563414829
31110550,10769909.597997682,1.8633894192842737,0.1873891299117075,1.0252465992754165
31110560,12641479.392425992,0.3803865534512736,0.1209870560752808,0.6610794287851395
31120510,3971435.3114339816,4.840174910961834,0.9700980114237604,2.881828579152966
31120520,7304144.475657723,5.101509458950787,0.6047886573782745,1.7722875661699458
31120530,2212655.1128936154,3.6492244694130886,0.8170984989710669,4.72227235025235
31120540,10023777.969848042,1.7737200730353786,0.5177412632249243,2.048918135071449
31120550,1169033.2033285357,3.945026164788916,1.7492165528328305,6.439037834304395
31120560,1191295.3724487612,11.72618385629043,4.310027627710737,8.732848463164531
31120570,629838.727452768,12.038175783200252,1.7674546271805258,24.84189179497818
31120580,6667483.202102998,3.153635622851399,1.8607596872832888,1.257981301282903
31130110,50052291.79388465,1.5788943116372969,0.3237557586405408,0.7943152824359611
31130120,66123833.81500085,1.866554143322302,0.3143575799891305,1.0340917703771095
31130130,71537880.12995307,2.1015409822656115,0.3185125651509086,1.3701010702561025
31130140,31214818.805936053,4.397808795557224,0.1910203590437564,0.830569692691348
31130150,25287998.713085897,1.991870611827002,0.3381713455433514,1.2289516542800103
31130160,3284472.055399278,2.808131176973188,1.2761315534770037,4.992432931823343
31130310,22274364.76527045,1.1053013806246332,0.1550354201016324,0.5002261254098154
31130340,72845402.61633646,0.6709972750901917,0.1091161894737942,0.6530030464112266
31130350,50941816.95653141,0.2657448940510713,0.1769771072981306,0.4117224447393973
31130510,9208547.765184514,1.4211474317577977,0.7492903451325373,2.4733565612652595
31130520,7334524.270252626,2.0692849194506606,0.879776356679358,1.883470970125066
31130530,6984659.768390747,2.905132351207941,0.7256288841077205,2.2663091682559253
31130540,12408121.86118376,5.311066814368851,1.290690765455582,0.919233154217636
31130570,18687403.08888513,2.3745208403981266,0.5516213104220847,1.8823792788770144
31130580,5585416.082591418,4.938801653180004,1.842799440452672,4.87296659137203
31130590,5552584.705423176,3.96304574062532,1.999841993013956,2.9394819561682044
31140510,3678489.271312928,7.240603860978037,1.0799813748631757,4.613224641443292
31140520,6047955.915547781,7.437786345407342,1.4009386848204295,5.191153347939532
31140530,5770153.261223569,5.613864049408531,1.2332483089966295,3.507495659135328
31140540,6939521.1494193375,3.43193854278852,1.005978683419671,4.36649835841612
31140550,13717010.100566063,2.3486146342875687,0.745426628587197,1.5798826485127355
31140560,6477042.213960169,2.129208172685271,0.274899561321306,1.3250923014750535
31150510,9381360.13270634,3.797568054567211,0.6226614928214764,2.138473727659796
31150520,3439565.8405913743,6.388895240202204,1.4237659076861369,6.40030123891899
31150530,12757822.62265514,1.7200289512710818,0.2041183594881095,0.5372790119269244
31150540,6407948.842261272,3.084237334510892,0.8648559211576223,2.831682796661267
31150550,11173052.41986564,1.7102479241965132,0.2613762707917057,0.746369241871158
31150560,17614454.373798065,2.022709194982132,0.3118456166835024,0.9018259061358448
31150590,7624906.903240635,3.882134819117934,0.2278606569849243,0.4451795271932438
31150610,11678653.81957262,3.5636057294271835,2.704079971764325,1.6306937620712132
31150620,6094967.920780696,5.02227702496178,0.6363956129196732,2.228141575044684
31150640,8277897.139132119,3.086293948451857,0.6006371306573783,2.1893504313971817
31150650,6655329.097356514,4.7762852973901495,1.24251966476229,3.0154860316825367
31150670,4331445.1214245455,2.022766061503977,0.9119377543914586,2.5161284817312493
31150680,8145644.823762882,1.593562236508075,0.4498993006840411,1.5983311972936578
31150690,8548915.704632135,2.3978194567480573,0.4275242490023987,0.6426962120275777
31150700,9248500.327866564,1.5024052230949332,0.9662391607544116,0.7778829412555308
31150710,4111005.132079381,1.7454002996295737,1.098560282142094,2.588350246049322
31150720,1028042.1268792076,2.517695139533596,2.96833085968052,10.249005182180785
31150740,2588328.185516085,3.5745570469624086,3.283795859495412,3.2826216190206043
31150750,2427945.5857183835,6.526819906438752,5.4715092347982335,2.7064730735680462
31160510,3302647.5062295035,12.000956166698735,1.378901301469553,6.156255404313034
31160520,3277973.365860605,3.256091748986108,1.410648782671292,4.665475383430239
31160540,689156.7705761178,14.705395179058083,1.8962196147233183,15.25232553542956
31160550,1404890.240411012,2.8183383983664987,1.9621044119102105,4.881258643198586
31160560,1189880.7143153383,11.866513986037871,2.287571586163781,9.91488247643701
31160570,852421.7628292328,4.802952642992983,2.719291897058566,8.282871378009677
31160580,1087914.7205396448,0.9712601971593522,1.7370612032685824,4.112885344808028
31160590,2991276.860139703,0.5212686408774769,1.051168199096271,1.2095805575019971
31160600,1688826.8821707182,0.8970852127012316,1.8179713909950184,2.822420400239968
31160610,1488958.514004805,4.712831050020453,3.1932842560130217,4.330913871260668
31160630,12849888.277737863,0.5528361044956327,0.1661405498286112,0.5380107562829368
31160640,5553131.341210722,5.923764487842361,0.5300182289774181,1.2440659366040496
31170510,8873287.37462324,1.8351431546723311,0.675486049493209,0.8764238141967475
31170520,11208847.828714851,3.0005057747389983,0.9581516615661588,1.9803918225833184
31170530,6738431.608879212,2.3356051009074696,0.9281851596338418,2.057907926941254
31170540,1994722.677601508,2.563744828527012,3.447827132287371,3.359359798948685
31170550,1409711.5794499232,3.858434589908814,2.732113941503917,6.141353836536522
31170560,23638158.13714876,1.1544472991952646,0.2994044619165715,0.8963473564058552
31180510,34509633.489702605,1.7827376576496785,0.599991707982212,0.3558245231396977
31180520,207611.89902107976,25.276116539542915,1.6944778406146217,16.349731884168463
31180530,4336345.137991096,4.452451632517927,1.543236429245754,3.300244712815651
31180540,937983.6764991533,5.039439880878035,1.977339612351675,7.592829370448663
31180550,486010.3568148008,8.572617797858273,2.098945381053116,21.9505856510828
31180560,2167794.388933908,8.1054101510373,1.5978556892391431,7.219582057425285
31180590,14492956.246925466,4.351988821088265,0.2226344170595271,0.5993684263219937
31180600,6148395.408656247,6.913278882984127,0.7220785975471752,0.7409989825030685
31180610,2676723.1204991126,7.876299412279426,1.6590006175459058,2.465574305087203
31180620,6648267.66985813,4.0084664858354095,2.020325918746225,1.65638971710737
31180630,5142285.232921716,2.5197284828967272,1.2493540445607791,2.241338604469599
31180650,4774159.197031717,0.9220597670946686,0.6976948165731536,2.221486512852483
31180660,4506469.426701163,6.002357908581367,0.3298291176189842,0.9297086335663648
31180670,5726937.36428339,2.0952792560997886,0.6884365262122222,1.618762377167794
31191110,41755865.99520572,1.7478794772311148,0.2334458096774085,1.0566061614891482
31191120,50248863.02394304,1.7755021813611165,0.2758280585875983,0.9861010345780346
31191130,75854419.87225857,0.7476944348532286,0.2096521998074624,0.5882026714346659
31191140,58739003.53951234,1.1323939351953394,0.3262268324819392,0.684364039436613
31191340,59940611.91746452,0.9683650031859312,0.247684495371057,0.8484918203272861
31191350,65662069.23332119,1.1426376039932222,0.2403116139166908,0.7014486364633088
31191360,57646834.31175304,1.3103950616310769,0.2162603421401169,1.0328829014903718
31191510,7981369.663017593,3.3264095258629127,1.421900409964937,3.1207269288137804
31191530,13648710.17328235,1.8778508212982887,0.6253493803104301,2.2098349380857982
31191540,23542090.90171641,0.7699895433722469,0.3497704370349561,0.9343146143484276
31191550,6040955.100098998,2.397565319452005,0.742715013676683,3.063787691295444
31191560,6436545.280696667,1.590687458332974,0.9046362398895724,1.3416343519675924
31192520,4242986.590265271,3.0762766978128204,1.5007907521146957,4.108254201018801
31192540,11733247.378768804,4.199056645012194,0.8173042866349779,1.5629231035994329
31192550,4232600.771490539,3.228069187278955,2.103794623835689,3.3747716111702264
31192560,6907461.005244673,2.0463085418153595,1.1671625153948335,2.9426405721209177
31192570,5376911.936709468,2.805931387870684,2.5210005103548467,2.596373840115449
31192590,6803372.9756962,3.860507907885314,0.8440206137763325,3.312663772093512
31192600,5514446.80534509,2.7138183565851337,0.7958812040330718,2.1757918783436576
31192610,4846720.197604426,5.172789575305823,1.2495719005038828,3.878305398216989
31192630,3617278.079594159,4.523460954028472,1.1547140108028728,5.782286276551772
31192640,5909208.583644731,2.867848370021084,1.5531980438093511,1.8809921528050515
31192650,2005161.300450495,3.279190711927745,2.19911822293582,3.227489267763954
31192660,10149303.402139,1.9990702929896595,0.6179150143002818,1.98993721540692
31192670,4011537.127583181,1.6235253884114385,0.9849859179909862,4.006449603406943
31192680,4661160.567013601,2.3139103174792623,0.8534738683063234,4.826233122268505
31192690,1686235.1944846672,5.271675928000511,1.2918781387371767,5.505870366212518
31193510,1904963.2366430787,7.154244189492065,1.5204839140352149,6.974285854479373
31193520,1484197.9987261407,5.09300640989736,3.5123812624190176,8.157516725873206
31193530,6658876.25306837,1.537535406110291,0.902682033995537,3.3637124366069027
31193550,1106248.387983261,8.228657850114333,2.0958939657594766,6.748768411260185
31193560,16607758.037398234,1.5922046755474026,0.3788861462053747,2.4340832846071225
31193580,1565368.033152674,2.3978298958156548,1.474037816953766,6.907498112244904
31193590,4973966.243602308,2.321326516241949,0.7540081171602455,4.904665482902624
31193600,2351347.889596552,2.886052643670374,1.362925821999848,4.550872222160171
31193610,2081491.0049192389,2.7069385891357984,3.181185754359407,4.53948915432344
31193620,672032.8992040915,3.1118706051588534,3.69563052934136,9.96421276848736
31193630,2700834.9963586945,2.92198379870704,1.3494883238683677,2.822698366604231
31200110,47799684.03299502,0.0,0.0,0.0
31200120,32119020.85675943,0.2841842160081133,0.0527322611480188,0.1044445113254141
31200130,71569150.41941084,0.3137412315772005,0.044277363825015,0.2612095007482319
31200150,27396206.715742268,2.0861036573255114,0.3505350045016818,1.3151290041900523
31200310,27158558.26363144,0.1199507374792039,0.0027520741908071,0.0099097463428942
31200320,61697503.60622701,0.0,0.0,0.0
31200350,65677077.74454588,1.2188174938238492,0.2139644714700305,0.6938186403380076
31200360,42091800.54973947,0.0,0.0,0.0
31200370,88939658.54823273,0.0042511544256096,0.00038947279088,0.0028636649362229
31200390,144426763.16790932,0.0,0.0,0.0
31200520,2756472.00054026,0.0420983721190933,0.0634291983575292,0.0063584591069994
31200530,4507337.554079176,0.0,0.0,0.0
31200540,16959650.093190353,0.0,0.0,0.0
31200550,36931341.640256986,0.0,0.0,0.0
31200560,9692443.526183516,2.7656004860750585,0.1302433608128799,1.0994590518693832
31200570,3187423.0586534487,0.0,0.0,0.0114602640469987
31200580,5861651.273156567,3.3647944751957994,0.8276664753775429,5.686245459439803
31210110,60421749.99044691,0.6019534150449604,0.5181653406402922,0.8797513992725418
31210120,41927821.03279995,1.6384805778836824,0.3451845758165401,1.2913977023900105
31210310,36431345.06992825,1.252444192926547,0.1746029050082715,1.2239252238408749
31210320,32531668.95217036,1.2046750790773186,0.2500680290979306,1.3465241763158478
31210330,37936513.73536746,1.6332626020233216,0.3771416405480314,0.7164184943146448
31210340,51444305.15880255,2.1799410667240324,0.2713429756510921,0.8390630106427054
31210350,31383807.1282714,1.556450859967757,0.3852340662053743,1.0528298043441175
31210360,41067977.05867023,0.7981401634164803,0.2869657749042907,0.7233650449018876
31210370,51753283.86745597,0.6276460657806615,0.5418896370552108,0.5874295869991134
31210380,36770354.881481096,0.2905003790604667,0.5208656813174368,0.6277318293393815
31210510,1133956.134643103,14.236530527733889,2.06106921549196,15.358765326980532
31210520,22011566.870611835,1.364601906401936,0.2891036538981798,1.1986293984024947
31210530,7757836.099715007,1.8717296893364297,0.4061334008280488,1.640788424949727
31210540,8929579.49987252,2.6430341835880395,1.315090578091731,3.462441635156861
31220110,31907036.193342377,2.128575224895274,0.659703267097973,1.870782665984146
31220310,53011028.09773208,0.6297306947408869,0.4263196445091466,0.6181041917239856
31220320,71388246.01541582,0.2815582853241499,0.2200481763861511,0.4270321679220443
31220330,36334081.27170009,0.5857693663191571,0.1981207787290723,0.6640975492355875
31220340,33575947.09699911,1.3464834338022944,0.3625515495106521,0.8359383321149152
31220350,31033049.184960887,1.360847417158651,0.5575157094543715,1.1648186042992577
31220360,53118291.48539022,0.8780217146019578,0.1974211754864518,0.6579697978831254
31220380,38084662.38264991,1.7568259171146554,0.1614777016583848,0.6484046441627412
31220390,55412334.599525385,1.3713282330053012,0.5408690525439347,0.8182182838776343
31220400,57191281.01059364,0.6773731769035853,0.2240924025948027,0.598939653074045
31220410,39199112.81029733,0.6326675430991864,0.4665532228589752,0.6490000299553979
31220420,27751075.68435294,0.4285481976730059,0.1398723893693867,0.4918830278388726
31220510,6531805.811059074,2.54734643921695,0.8773363820731723,3.226564377059144
31220520,10121451.683984298,2.7564472059949487,0.8758456986180225,2.184734561779539
31220530,8237833.871643173,2.539266209988486,0.7488994364541437,2.3078529428366483
31230110,29391739.486798048,0.0,0.0,0.0
31230120,24931944.62972297,2.886133231357592,0.6420909049533711,1.2209315818709594
31230130,36346070.76273342,1.3390318335812166,0.1984742581295202,0.3720216154641503
31230340,43210782.23574104,0.8229741501177267,0.1372295416383503,0.4738297630457545
31230350,51950885.21737623,0.0,0.0,0.0
31230360,56226262.849546544,0.0,0.0,0.0
31230530,3294231.3390382547,5.303813920991225,1.1750070131506962,4.320361586426012
31230540,4423828.458886347,4.730051493338396,1.6628847232628283,4.496428378100803
31230560,3688192.728419128,4.221281455081565,0.9953142268190892,5.433080294407346
31230600,7932758.967544997,0.6969473782638458,0.1606572122379836,1.2371733239569722
31230610,11751214.622364266,2.9904504047953524,0.983907108241087,2.413491906108984
31230620,2528918.42993254,2.024630192934607,1.0287224846839595,3.99793338163166
31230630,2118932.2965271124,7.931772033124964,1.913840698701015,4.546285049311641
31230640,3032802.478590331,1.9860422284679515,1.1055178763193407,5.1576411912519005
31240120,42759959.70879833,1.7426622304188448,0.7618237363849748,1.302301142988191
31240130,91273926.43156806,0.6705976423480612,1.042932861808609,0.7524572738945863
31240140,49966088.56104591,1.7999017528497758,0.3953913125100351,1.5536352123719066
31240150,74344481.71977885,1.3374952714184691,0.5338838076370342,0.9743833043327002
31240310,27488618.78498768,0.7557969063613519,0.1700616195101614,0.585378134765135
31240330,38708786.88427781,0.6768944478217066,0.140304007741475,0.6324536481193984
31240350,32194627.280707043,1.059350593649186,0.2038107493943673,0.9264032185690012
31240360,108619262.61807492,0.4565941522718453,0.5050790819833197,0.488067597516649
31240370,47534348.43311581,0.9103709591560476,0.5713031428165167,0.9002231071867545
31240380,50883744.05840203,1.614501566184288,0.2797129501696363,0.6877469609118084
31240390,68045875.90997118,1.0180314153757437,0.4813696314294236,0.7339189636461024
31240420,31042737.174984105,1.8308021897560165,0.1833866490448948,0.6418657985213977
31240430,40612366.71149052,2.3469613638447493,0.2747117997194566,0.9689472621757064
31240520,6982087.673292674,5.138687495392126,1.119340010098587,3.4632097337381302
31240530,1510402.7468653468,5.1552335920936585,1.592288569502064,8.71558779191527
31240540,995095.6259670424,4.145081253244489,3.2503958906034214,6.934794806701433
31240550,3967704.527482923,6.255490271899252,1.1016514051134516,2.633356986304144
31240560,4245985.61697042,2.453979643289904,0.8541415103196972,2.328856216009678
31240570,11598504.046685126,2.75552237437092,0.8445691539079265,1.906388409583784
31240600,2384234.5617707144,3.7902570357817216,1.8948167825108264,7.542354907103338
31240610,4856516.49437475,5.757925945347163,1.7195969002870275,3.459077466000565
31240620,1867731.413527176,7.637835713701559,2.087474066365208,5.936393853480122
31240640,4242156.614721621,1.3580473422021873,1.0319280417123404,3.252672279345049
31240650,11391996.081340097,3.1184150201763563,0.7171895290244777,1.5477740570420897
31240670,3127836.661510595,2.115935578383961,0.853305068694288,2.844548747249924
31240690,14731362.747332282,2.290715404720961,0.8254550614423181,1.837178358980441
31240700,9494185.934319016,4.103567669008915,0.6114894453490543,1.5976703755181374
31240710,6542727.842816354,1.738809300140234,0.524107028317661,2.162845325817823
31250110,46776670.83624439,3.0214705957130694,0.2847355034354068,2.7419780101450395
31250120,55776945.89500146,2.1387153815349245,0.2559875397893884,1.114686505200465
31250140,76152628.51920323,1.378315174665222,0.226992351918582,0.6913032713862194
31250340,52128742.93137072,1.4202309415016512,0.1257153586912648,0.6913931636480918
31250350,60218497.92393492,0.2986900333988933,0.0792428020028196,0.7409550325008081
31250360,48341779.07163794,0.0957955315048739,0.0210508474029691,0.2125269893321465
31250380,33587833.17142107,0.4106911910997876,0.1865261297999588,0.2913998711218056
31250540,3190224.36132478,6.133540850514826,1.7776225370917826,6.64845336913358
31250550,5083702.133135453,2.3331464496117125,0.89476390056145,3.7264489379234544
31250560,3324910.7710484536,1.9490460005148424,0.5174740014783348,3.572121510299834
31250570,16709886.624188678,1.2548518459335487,0.2731459634334701,2.531002319262869
31250580,26058620.7519572,2.488145813812689,0.2134847036842882,1.5100829227365409
31250590,2297851.575231949,1.5265447822406648,1.0074160634315583,4.793047033595794
31260110,41108469.20294999,1.4592483323534884,0.2024171254302514,0.9149102994167552
31260310,34576470.83642273,1.871909021835117,0.3873600555650695,0.7991596618735007
31260320,36438624.18264695,1.3091410831774617,0.2208490616264369,0.7865775243621809
31260330,48417051.22427618,1.2575658089755153,0.1008332809814703,0.6069103181863666
31260340,63881310.76560409,0.6742932779738156,0.261759348411628,0.4243229031607913
31260510,23657375.11723606,0.9873926335035512,0.127062311920413,0.6507349283388972
31260520,19084782.972793147,2.951627341245658,0.4821565537684247,1.5579892500756671
31260530,10544542.357231855,2.537633769722812,0.7258942502689296,1.221890080554773
31260540,11170678.395072106,2.425865579472653,0.4163288175078822,2.091944739302408
31260550,3567698.4039103044,3.816715429915675,1.5897933322116726,2.842865702495132
31260560,17814533.74866533,1.9817658037928223,0.6004024652042301,1.5489524707328677
31270110,46074496.0069859,2.5034916185143463,0.3125781467772909,1.2174495820863716
31270310,36159274.90583915,1.6842487054588142,0.207245763665968,0.7980205007208205
31270320,52660735.22120598,1.040727722784762,0.0996684796918504,0.3368053594411382
31270330,35747574.29975138,2.672625263267892,0.1698703210766555,0.6560175899311415
31270340,95574184.99914709,0.4916577742795487,0.1362247943469811,0.4257004648304161
31270350,71451601.13740869,0.2608364496809848,0.2798718630044198,0.2100703764819606
31270360,61127861.02468781,0.5224050872964947,0.219152476640869,0.4428607495833826
31270370,83219570.7492473,0.431365212831401,0.1805313206772045,0.4902990811959768
31270380,112694214.1778765,0.2616054109424093,0.0833823726476864,0.2345618095322099
31270390,81783769.88924664,0.4341941607619083,0.1360312603155103,0.3839997183527026
31270400,70004903.25559357,0.2331614128874762,0.1866194339553023,0.2694741435356348
31270410,43455300.94997643,0.4544226347195155,0.1060016126948041,0.3412974086539933
31270510,11332308.01571159,2.546593654543358,0.5892795802171024,2.4463767027098395
31270520,23872168.08500635,2.2078171869693883,0.5465181729522037,1.201557885812249
31280110,75084134.9240513,0.7361895333287173,0.3026248221322805,0.7468001761327373
31280310,71684320.30807908,0.2520424897461137,0.1886285968065352,0.4970246411274555
31280330,44058936.82933983,0.5815439525054785,0.2043257666314777,0.8529045708988585
31280340,41666524.29606764,0.2694842162840136,0.1091229459136951,0.5191726129905663
31280350,32597466.84717549,0.3632493826205388,0.1325435510138613,0.588995368761604
31280360,75751818.46525638,0.5679022341477845,0.7935219673468644,0.6404524206578014
31280370,65595505.67386849,0.285509903461452,0.4833030547925475,0.4885472624360108
31280380,74215231.08394997,0.1905864299413984,0.5050942184800584,0.4048988741751165
31280390,52933667.48191298,0.5215404399292,1.0968223011835403,0.7476436577162653
31280510,38700475.81773424,1.4142521454131198,0.3575469421626919,1.3062448521296086
31280520,17769836.58037476,1.9429070816131977,0.7501306249537579,1.4672199482930035
31280530,16812255.61051394,1.5085955079839015,0.4115969150963888,1.4479362088453105
31350110,87721770.99344125,0.0525594035911102,0.0580996404063985,0.0395528709413383
31350120,55113426.51886343,0.3771442784560835,0.0942723224062018,0.3067297910933366
31350310,45523460.997264855,0.0054607264838219,0.0036045034692265,0.0
31350320,43664948.74003079,0.477111385836043,0.2284426766719787,0.4698494923919406
31350330,68985443.00602137,0.0,0.0,0.0
31350340,41453107.53143159,0.0,0.0,0.0
31350350,84932051.29074292,0.0,0.0,0.0
31350360,149605619.70684728,0.0001074294618119,0.0014095205190791,0.0
31350370,83428424.969106,0.0,0.0,0.0
31350380,35953528.30034178,0.0,0.0,0.0
31370110,144997889.77140915,0.3837695135405804,0.141865043562816,0.3953160265258905
31370310,140914336.17954838,0.3327109581102507,0.1032769112620149,0.4106058232865984
31370320,112013999.19042546,0.4169566021435367,0.2165833981328825,0.3699506807939907
31370330,99857425.6204852,0.3780391996631648,0.1209387185233787,0.4298284102979502
31370350,229667839.92966127,0.1479229386762062,0.0508470854184672,0.1237282166784808
31370360,112619096.41471532,0.2660704398945234,0.1629581701015512,0.3185038245458677
31380110,42300814.91700124,1.2789701010859993,0.2924247203288941,1.8533163758860407
31380310,37875273.72880264,0.3766772658814126,0.0932025793050057,1.1564211878021582
31380320,41130162.65789634,0.3569650083919697,0.0946899053289662,0.9869869245070244
31380330,59595327.50033295,0.3401437311905673,0.1572919030199584,1.001207261175525
31380340,66268283.32538516,0.2690038659896914,0.0737967734219334,0.7147478901074374
31380350,92731916.32775109,0.2816459613365504,0.0782520577280813,0.725079933692683
31380360,107606229.15607291,0.1860693751930914,0.0871002750802261,0.2877874675701578
31380370,96373398.9395313,0.1729764048704672,0.1366124931587893,0.3188437770943304
31380380,120078338.66148064,0.1596871120523039,0.1133912961236649,0.3382568207257334
31380390,77621861.9340839,0.3380001953137343,0.1485235561760709,0.6878125799155854
31380400,102248843.60855743,0.4116353003981647,0.141348942078285,0.7579047222527413
31380410,32258729.86476684,0.505624050783295,0.4424020701517198,1.0839733423654458
