dong_code,pop_0_19,pop_20_59,pop_60_plus,worker_count,business_count
11010530,1386,5706,2443,47503,3555
11010540,316,1565,877,4600,724
11010550,1554,6005,2541,3419,564
11010560,2937,11054,4668,3418,732
11010570,1779,4941,1975,1226,229
11010580,1768,6573,2221,4557,389
11010600,574,2585,1224,12789,744
11010610,449,4113,2665,108741,15466
11010630,394,3429,1520,24522,7223
11010640,736,5230,1881,17222,1169
11010670,440,3016,1787,5881,2152
11010680,851,5262,2437,2171,820
11010690,992,4330,1784,854,240
11010700,732,3810,1647,1509,457
11010710,688,6313,2433,6852,1713
11010720,2159,7625,2950,5615,987
11010730,2204,11182,3539,8684,1632
11020520,287,1369,394,64145,3849
11020540,430,2795,2020,45209,8559
11020550,234,1680,1022,110383,6959
11020570,386,2433,1176,22422,2884
11020580,512,3100,1096,9166,804
11020590,343,2947,1615,36390,8432
11020600,88,1027,687,35329,8807
11020650,1265,6866,2423,4006,1142
11020670,1294,8647,2709,5602,1906
11020680,1856,7946,2820,7478,964
11020690,586,5059,1881,29863,11433
11020700,1554,9270,3702,9642,1324
11020710,2315,10127,5083,4027,736
11020720,1838,8739,3720,4328,790
11020730,1709,6577,2544,3987,947
11030510,2419,11243,4234,3551,821
11030520,1099,6406,2897,2003,534
11030530,502,4888,2381,20308,1605
11030570,2400,8800,3362,6759,870
11030580,1596,6560,2022,2115,351
11030590,1779,7776,2889,1715,556
11030630,5873,16365,6104,3590,790
11030640,1125,5253,2522,767,281
11030650,581,4144,2136,6984,1519
11030660,973,5735,2546,2155,664
11030690,2380,8101,2848,4641,372
11030700,1337,9079,3869,1988,752
11030710,2039,13135,4657,8433,1576
11030720,2262,10897,2832,10019,1710
11030730,1827,11866,4297,41402,4875
11030740,2331,13240,5063,17852,2020
11040520,2554,11102,3674,2650,717
11040540,3124,14864,5316,11518,2669
11040550,1262,8458,1982,10779,1009
11040560,2202,10321,3470,8551,1288
11040570,4282,15152,5120,1937,514
11040580,3079,9652,3389,927,268
11040590,2516,9804,3533,2006,464
11040620,2486,9354,3238,1939,579
11040650,2345,11134,3352,10606,1682
11040660,1898,9442,2998,21371,2736
11040670,1919,10917,4236,18235,2367
11040680,1208,7495,2639,52912,5468
11040690,1255,7121,2584,2591,593
11040700,1214,7948,3070,13189,1774
11040710,4169,17872,5229,9902,2063
11040720,3480,15018,5466,2535,878
11040730,4425,16910,5611,4126,805
11050530,1277,17629,3151,14945,2369
11050540,2101,13600,4165,9904,1476
11050550,1667,10580,3585,6146,1446
11050560,2852,14724,4649,6790,1505
11050570,1943,11071,4048,4369,1127
11050580,3867,19080,7168,4453,1226
11050590,1191,8134,2270,5658,737
11050600,2304,15655,4360,6875,1646
11050610,4395,16991,6058,5643,1040
11050620,4745,19289,5759,16460,2611
11050630,9176,21488,5229,16050,1334
11050640,2773,15415,4857,8826,1619
11050650,3863,16833,5764,5878,1216
11050660,5320,18011,5859,6010,1149
11050670,1756,11554,5144,6012,1658
11060710,1254,7030,2037,10776,992
11060720,1628,9494,3420,3477,849
11060730,3553,15372,5405,4334,625
11060800,2211,11614,7332,8132,1476
11060810,2945,19927,7736,28388,5015
11060820,2558,14786,7590,13355,4487
11060830,4086,18683,7769,7608,2068
11060840,3182,11360,4958,4681,748
11060860,4211,18345,7602,7259,1902
11060870,5419,24172,8912,20112,4020
11060880,5876,19742,7106,11143,2711
11060890,2198,12155,4492,6099,1070
11060900,3339,12139,5204,2126,521
11060910,4882,18738,5732,7660,1590
11070520,3222,16080,6295,5974,1730
11070540,2529,12082,5144,3561,894
11070550,1206,6040,2454,2889,669
11070570,2565,13453,5854,4105,1247
11070590,4147,15797,5390,6369,904
11070600,1752,13573,4186,9150,2003
11070610,2885,12847,4994,3345,844
11070620,2565,16914,7241,6462,1802
11070640,5938,21926,7972,5386,1205
11070650,2532,12237,4895,4087,1210
11070680,2198,10715,4661,3515,901
11070690,7630,23648,9439,10867,1366
11070700,3435,12908,5473,6176,826
11070710,4031,22829,8481,7328,2219
11070720,2969,16185,6987,7338,1790
11070730,3640,18715,8356,10522,2347
11080580,2419,9417,3982,2012,282
11080590,5225,14889,4814,2376,320
11080600,1463,10947,2996,13244,1330
11080610,2092,10753,3436,5199,1032
11080620,3421,11365,4155,1833,614
11080630,3617,13875,6057,2722,665
11080640,1804,9449,4382,4611,564
11080650,4235,15549,6607,3910,708
11080660,9206,21510,6165,3751,843
11080680,2784,10162,3540,4743,921
11080710,5014,15870,6441,5131,1087
11080720,2761,12319,4867,8819,1422
11080760,2705,12415,5268,2068,716
11080770,1561,7938,4233,3048,938
11080780,3206,10592,3568,2188,454
11080810,2159,10745,4150,5246,1103
11080820,3453,16247,5637,8778,1693
11080830,1649,10756,3020,9907,1981
11080840,6795,24326,9069,8428,1776
11080850,4527,21569,9474,9602,1779
11090600,1955,12343,4906,9468,1730
11090610,2003,9662,5302,3442,425
11090620,2560,9742,5863,2758,480
11090630,2596,12970,6002,5161,1285
11090640,2693,12804,6301,3584,1067
11090650,2178,15224,6282,8988,2386
11090690,3601,14911,6833,3262,812
11090700,2368,13823,6098,6657,1573
11090710,3807,18577,8165,8372,1878
11090720,3078,16659,8404,7758,1826
11090730,7425,19333,6009,2070,605
11090740,2699,12213,6335,4032,794
11090750,4117,18659,9454,5377,1178
11100510,3065,12983,6064,3540,622
11100520,2675,11783,5367,5325,1033
11100530,2044,10451,4591,4050,834
11100540,3476,11880,4410,1907,425
11100550,4117,17689,7955,13315,2012
11100560,2664,12329,5957,2620,930
11100570,5107,16596,7000,2797,526
11100590,4105,15748,6248,3255,835
11100600,4491,18646,7080,4097,1079
11100610,2021,8743,3914,1954,699
11100620,4806,16995,5973,7302,1091
11100630,3847,15686,6151,6455,1253
11100640,2282,12381,7478,5483,1343
11100650,3696,16014,8854,5950,1057
11110510,3214,14152,5834,6586,1249
11110520,4094,15382,7664,2794,469
11110530,4823,18380,8193,3634,569
11110560,7899,25116,7428,11043,1436
11110580,4900,17697,6090,7861,950
11110590,4628,14192,4438,1037,231
11110600,6315,15496,3993,5404,1007
11110610,7956,16545,3478,4036,881
11110640,3789,12166,5304,3711,847
11110650,6163,23913,9879,7919,1584
11110660,3115,13147,4782,10394,2518
11110690,3472,14980,6883,4741,1372
11110720,5091,14886,3927,1605,392
11110730,3944,13145,4736,2269,447
11110740,2584,10591,3380,1985,312
11110760,3344,14362,7991,3470,879
11110770,6130,21484,6878,15493,1650
11110780,5869,21097,9643,4833,1062
11110790,5283,24040,9000,11480,2373
11120510,5246,23319,9394,9117,1540
11120520,5564,24497,10549,6746,1357
11120550,3023,15006,6259,4731,1317
11120560,4451,18445,6875,5759,1353
11120570,5083,20025,8462,5114,820
11120580,3232,17435,6855,7682,2228
11120590,4143,15412,5783,7617,1447
11120600,5047,15325,4869,1942,547
11120650,4087,17374,6859,3768,1029
11120660,3172,13103,5452,2596,586
11120670,2191,9459,4377,3422,746
11120680,1061,5233,2584,2245,428
11120710,12750,33921,11090,12063,1630
11120720,3362,17861,8026,3712,1056
11120730,2937,15240,7523,4919,1545
11120740,7041,29660,11370,7240,2027
11130520,2999,10936,4458,3001,847
11130620,3721,14815,6165,4680,1004
11130640,2111,9359,4775,3860,1109
11130650,2069,8652,3723,1627,522
11130660,3280,13124,6152,2167,732
11130680,3851,16772,6948,5166,971
11130690,3737,9793,3072,2127,614
11130700,3985,15070,5884,5074,1113
11130710,3597,11313,4100,3012,520
11130720,4533,20342,8561,5713,1404
11130730,2037,11042,4570,24158,1728
11130740,2669,11125,3300,2343,785
11130750,1820,13916,2967,37600,3855
11130760,4601,24756,8697,10515,2115
11140590,4316,13556,4048,18743,2496
11140600,1112,7865,2571,10045,1517
11140610,2145,7900,2450,4337,680
11140630,3769,14933,4651,5450,1110
11140660,2296,17228,4628,57098,9476
11140680,2361,12627,3733,11061,2286
11140690,2650,14189,4638,4849,1455
11140700,3037,12005,4140,4331,1174
11140710,1591,10870,3388,6835,1839
11140720,2648,13070,4051,11025,1404
11140730,6589,26404,8243,11411,1486
11140740,7306,19452,5467,41630,2348
11140750,3340,13797,5174,16669,1995
11140760,3830,16858,4477,12679,1736
11140770,5026,26166,8584,18018,2577
11140780,4271,16099,4486,10869,1552
11150510,8264,19107,4569,21601,2807
11150520,4673,20468,6050,4345,1018
11150530,3108,15005,4791,4587,1129
11150540,5191,16923,4555,3791,1193
11150570,2586,13035,5809,4870,1452
11150580,3514,12893,5524,3603,835
11150590,2275,9936,4264,3768,707
11150600,3443,11045,4444,3917,828
11150610,2489,9514,3405,4668,813
11150620,1114,3783,1676,2188,395
11150630,2796,12645,6019,5040,958
11150640,5073,12620,3719,5273,1126
11150650,4382,12349,3769,3711,996
11150660,9378,28639,9701,8791,1321
11150690,5929,15420,3930,6868,666
11150700,5683,18242,6770,4231,804
11150710,11335,25190,6360,10652,1517
11150720,4506,22069,8188,15141,2792
11160510,8998,27050,6407,16915,1933
11160520,2937,16591,3968,15596,1645
11160530,3301,13836,4599,3390,586
11160540,4228,19057,9025,18959,2240
11160550,5280,23276,6929,3899,1104
11160570,3036,12009,4118,2555,678
11160580,3169,13587,5780,4000,1052
11160590,2805,13572,5297,3772,1253
11160610,3203,16025,5672,10677,1579
11160630,3386,16578,6032,3942,1057
11160640,3971,25122,4713,56169,5561
11160650,1101,8489,5462,3283,533
11160660,1547,9701,4838,7178,708
11160670,9041,22643,6664,19413,3000
11160690,4523,17347,5502,35996,1806
11160700,9044,27085,9227,10531,2153
11160710,2866,14285,6565,12485,1785
11160720,3231,14165,6915,4453,609
11160730,5950,35712,11758,10395,2607
11160740,9793,26709,8076,7719,1402
11170510,7431,22800,6618,14957,2620
11170520,4118,13705,3798,3427,552
11170540,3059,16581,4640,92259,7763
11170550,2254,12773,5884,5895,1984
11170560,3810,19630,6372,25206,3154
11170610,3584,14144,5978,9875,2298
11170620,4505,16897,6932,3899,1182
11170640,5093,18885,8545,3059,910
11170650,2996,12774,5730,7162,791
11170670,2644,14592,5327,4614,1008
11170690,3827,14699,5997,5889,948
11170700,634,5841,2875,3116,930
11170710,2614,15077,7622,27882,7402
11170720,4736,19446,8538,5167,1381
11170730,10775,30902,10982,8692,1264
11180510,1564,15769,3694,170646,16423
11180520,5678,27788,7955,24871,3667
11180530,2352,12208,4884,3312,952
11180540,2697,16046,6418,6254,1841
11180550,1814,10108,4074,2993,857
11180570,4562,21297,8476,15424,2774
11180580,4012,12921,5608,1748,390
11180590,1387,6717,3256,9900,2984
11180600,2902,12790,5668,1762,581
11180610,2583,11804,5778,3340,911
11190540,5979,20044,8199,160524,8097
11190550,2377,13923,4689,19152,3025
11190560,4997,24535,6351,22840,2182
11190610,2444,12118,3338,22882,1881
11190620,3522,15300,3719,19787,2044
11190630,1678,11500,4486,5178,991
11190650,2515,10476,4344,2303,765
11190660,971,5349,2657,1368,338
11190670,1102,5322,2631,2476,446
11190680,2312,11405,4481,4769,1096
11190690,3199,10543,3113,2873,561
11190700,1365,7748,3772,4431,977
11190710,1207,7752,3714,4461,1305
11190720,3019,14666,6045,9931,2012
11190730,3023,13294,5633,5223,1266
11190740,2196,19179,5075,34349,5849
11190750,2151,12022,4463,2814,860
11190760,6249,19157,6329,44563,5195
11200520,1026,8060,3698,7727,1654
11200530,6688,29543,9588,8612,1556
11200540,4451,18256,6165,5174,1275
11200550,3241,16446,5939,3277,811
11200560,3967,18727,6774,2848,751
11200630,1911,16186,5266,9688,1663
11200650,3962,15660,6122,3899,803
11200660,1629,9498,3587,1840,546
11200670,1854,8068,2838,1541,414
11200680,7009,25026,7690,11511,1513
11200690,4358,14394,5142,4113,938
11200700,3352,12962,4105,18988,1134
11200710,4710,20332,7735,10195,1428
11200720,4207,20183,7812,8051,1691
11200730,3682,16944,7170,6591,1512
11210520,2977,16077,6093,6422,1232
11210540,2721,9718,3705,1303,369
11210570,2757,20866,5903,6763,1290
11210580,1687,12528,2661,7803,1245
11210610,1173,11060,3225,5433,882
11210620,3075,18295,5333,3458,933
11210630,2054,12882,3844,4892,807
11210640,1723,16905,4566,7352,1172
11210650,1621,12545,4344,2297,755
11210660,2100,16814,4813,2882,752
11210680,2177,16011,4674,4268,1271
11210690,941,18015,2689,6599,1648
11210710,2883,9546,3846,1785,296
11210720,1651,12046,3833,6559,1600
11210730,1868,17680,4001,14922,1532
11210780,5102,21704,7865,6473,1370
11210790,5399,18231,7338,2764,634
11210800,2999,24242,5834,10256,1757
11210810,3579,17459,7308,2192,694
11210820,2793,14367,7881,2370,762
11210830,4517,19659,7891,5266,1234
11220510,3601,13509,4248,32003,3791
11220520,3184,12201,3123,52997,5042
11220530,4506,19634,6491,81070,7664
11220540,7338,18727,5622,28520,3003
11220550,6837,22185,5892,18024,2160
11220560,2624,6947,2551,2319,658
11220570,6757,21044,5067,10224,1706
11220580,4691,8915,2602,2143,301
11220590,4645,12127,3557,7491,961
11220600,3978,11742,3945,29857,3269
11220610,4474,12715,4194,10468,1594
11220620,2598,10948,3842,16275,1850
11220630,2974,12760,5069,17719,1763
11220640,3606,13227,5457,13752,1112
11220650,4386,14818,4581,14582,2096
11220660,8972,27098,9499,43808,3421
11220670,3274,15435,4191,48135,4862
11220680,3519,10548,4351,8753,742
11230510,2826,10547,3881,26120,4112
11230520,1707,17248,4194,41787,5263
11230530,2561,14803,4233,62226,5565
11230580,2389,9135,3135,63506,4045
11230590,6053,19810,4577,37492,3623
11230600,7697,14285,3274,6447,1064
11230630,3463,14193,2870,31890,3647
11230640,2682,28040,5281,155835,15391
11230650,8582,23508,4915,38374,3728
11230660,4216,13972,4279,17023,1553
11230670,7845,20132,6347,19893,1822
11230680,1005,3722,2168,830,128
11230710,2866,11717,3653,10429,1788
11230720,5866,14236,4263,9714,459
11230730,2114,9715,4452,5582,817
11230740,3195,10542,4351,9447,505
11230750,1416,8478,5963,17972,1421
11230760,9576,26501,8791,6799,1075
11230770,5168,15807,6567,29487,3911
11230780,5000,18912,5950,38135,4200
11230790,8671,23205,6618,64458,3859
11230800,4257,13331,4413,3009,690
11240510,1776,8796,4109,2345,586
11240520,4155,15649,5292,16145,980
11240530,1857,8027,3230,3469,646
11240540,2583,9868,4391,4356,639
11240550,2909,11777,5873,2115,698
11240560,2596,11803,5661,3922,1036
11240570,2953,10336,3105,8372,1235
11240580,2716,17758,5031,19629,2956
11240590,4341,10804,3708,5717,489
11240600,6612,25263,8983,16323,2046
11240610,2908,17691,4964,14149,1977
11240620,3701,12701,4289,4084,771
11240630,4006,23175,6393,15110,2459
11240640,4039,22388,5774,11201,1811
11240650,3787,18211,5513,25302,3343
11240660,5436,17588,4600,11354,2959
11240670,6516,21011,6174,9595,1720
11240680,3091,13619,4385,6080,1181
11240690,3359,21092,5337,59054,6330
11240710,3406,20236,5401,19077,2927
11240750,5418,12861,3878,1660,337
11240770,3224,10033,3992,48702,2051
11240780,1779,5614,2785,1278,190
11240790,10470,21428,4812,4541,735
11240800,7496,20675,7672,9473,1480
11240810,5919,20433,6481,8925,1033
11240820,8254,16799,3185,3782,588
11250530,4957,16115,5594,6441,1537
11250540,3839,10248,3648,3928,971
11250550,6799,15881,4285,2503,565
11250560,3759,11587,3899,3149,538
11250580,2309,9256,3162,3532,659
11250590,4105,10817,3714,2063,454
11250610,3582,17221,7283,4994,1196
11250630,3036,17533,6883,7233,1589
11250650,3492,12652,4290,17603,1874
11250660,2522,15896,5988,6594,1660
11250670,3412,14980,5249,8914,2236
11250700,15,134,119,283,17
11250710,4391,16887,6346,9229,1319
11250720,5302,22560,8506,5241,1513
11250730,3989,22619,8493,13879,3110
11250740,5985,29029,11036,19549,3349
11250750,7284,17958,6731,16495,611
11250760,0,0,0,4940,682
23010520,676,3684,2211,12702,2009
23010530,620,2836,1816,9234,1567
23010540,2124,7685,3616,15073,1800
23010560,486,2237,1445,1043,247
23010570,358,1943,1241,735,158
23010580,541,3308,2226,3884,1264
23010630,220,2135,1876,2449,742
23010640,5133,20387,3127,47190,2324
23010650,13345,34555,7681,7081,1800
23010670,0,0,0,3765,673
23020510,1190,4176,1939,3182,469
23020520,847,3470,2183,1194,375
23020530,1125,4363,2674,3621,234
23020550,1905,6256,2744,1577,641
23020570,398,2109,1377,8583,1463
23020580,238,907,602,455,96
23020590,289,1448,1349,1985,327
23020600,1349,4667,2436,2074,412
23020610,800,2519,903,7271,2116
23020630,1226,3887,1852,3171,807
23020640,360,1523,1316,1564,374
23040510,3598,12636,4157,6828,1901
23040520,2185,11285,4480,3838,940
23040530,2899,13999,4102,3877,1326
23040540,3447,14299,4435,6356,1560
23040550,2608,10573,4189,2589,259
23040560,3376,16407,6157,6975,1470
23040570,5195,16828,3985,4072,807
23040580,3742,12383,3136,4648,867
23040590,4646,11534,3097,4197,645
23040600,4048,13452,4021,3358,765
23040640,8752,22760,4756,29935,2156
23040650,13090,31172,3843,26155,3090
23040660,20223,45057,5998,15229,2248
23050510,6677,20459,5549,15856,2482
23050520,8569,22199,6238,3776,808
23050530,3488,20688,4603,33045,4358
23050540,2013,9801,4014,5486,1499
23050550,3226,14742,5749,5732,1257
23050560,3975,13838,4906,4603,1193
23050570,4111,18383,6621,7465,1839
23050580,4425,18666,6258,6658,1485
23050590,1995,9592,4593,6497,1031
23050600,4595,15539,5287,3248,948
23050610,3204,11321,3857,1642,517
23050620,3796,13536,4852,1449,301
23050630,1901,9837,4459,4066,1139
23050640,4218,15721,5623,10633,1465
23050670,3579,13570,4820,18893,2349
23050720,6804,20248,5256,6807,1937
23050730,6333,20961,6093,19585,2526
23050740,10654,25865,5280,66722,7273
23050750,13993,36116,10008,8724,1754
23060510,5714,24583,7608,14325,2925
23060520,2636,12231,4629,1715,508
23060530,1634,8080,3734,3590,878
23060540,5433,24837,7183,13716,3034
23060550,5341,22933,6013,11844,2443
23060560,1948,9485,3648,4606,837
23060570,1703,8003,3862,2398,626
23060580,6863,20200,5762,3921,884
23060590,3599,13326,6286,2442,612
23060600,3311,11487,3783,2083,533
23060610,962,4715,1910,7351,1311
23060620,6073,22313,6846,29207,2853
23060630,2433,10961,3697,5589,1015
23060640,2986,12187,4856,2752,768
23060650,6767,22212,6810,5312,1255
23060660,2244,10293,4825,3378,1015
23060670,2938,11204,3888,2953,718
23060680,5892,21607,5773,3965,1005
23060690,2321,8006,3041,6616,1067
23060700,1869,7919,3456,5990,1067
23060710,3022,15285,6170,6094,1833
23060720,7268,18554,4419,11723,1515
23070510,4006,16256,5823,4264,1083
23070520,5154,19520,6105,7186,1327
23070530,2408,13536,4750,7724,2022
23070540,1750,10259,3823,4757,969
23070550,2920,14129,3538,2632,571
23070560,5121,18978,5361,5056,910
23070570,2590,12977,4792,8161,1681
23070580,5885,20639,4709,12894,1861
23070610,5206,23130,7209,6108,1648
23070620,4436,16457,3221,16300,2319
23070630,3619,13816,4504,3610,821
23070640,6156,16538,4150,4241,828
23080510,9624,30771,5985,16658,2226
23080530,6555,27736,8199,15938,2519
23080540,5573,17780,4826,5184,1245
23080550,853,4573,1358,197,69
23080560,1389,6668,2076,540,141
23080580,3010,14750,5247,4575,1455
23080590,1821,8419,3623,14472,2651
23080600,2122,9698,3403,1605,422
23080620,1510,7644,2812,26027,3599
23080630,3650,13169,4216,2592,733
23080640,2163,10128,4435,12284,1332
23080650,1635,6978,2456,6850,911
23080730,6144,20656,6038,14831,2253
23080740,8509,20232,2644,8613,1763
23080780,13373,30674,4723,6461,1438
23080790,7738,16685,2396,5970,673
23080800,6558,21366,5319,7208,1734
23080810,5088,14000,3902,3673,990
23080840,5233,15451,4210,31698,3726
23080850,12330,33182,6591,8343,1724
23080870,6334,15245,3080,3931,967
23090520,2159,8660,3726,5828,742
23090540,2534,9982,4670,1851,616
23090560,2807,11172,4196,2002,571
23090570,719,4218,2782,1902,671
23090590,9550,28946,8732,6580,1897
23090600,6148,19523,6995,9236,1550
23090610,3268,11666,4856,7367,1160
23090620,3525,14830,5602,4741,1007
23090650,2353,14848,3255,11246,2044
23090660,2323,10628,5526,3511,1061
23090670,1282,5224,2603,1521,412
23090680,1633,8124,5016,5787,1087
23090690,2242,11057,4631,10357,1696
23090700,4128,14270,4840,7406,1736
23090710,1753,7690,3988,3281,1062
23090720,3519,13392,5145,4202,876
23090730,2491,9582,3878,5051,1173
23090740,2041,9092,2617,3010,677
23090750,1926,8735,3367,4536,996
23090760,1762,10658,5020,7367,1378
23090770,4313,16462,6182,14903,2188
23310110,3768,11767,7331,9012,2231
23310310,1224,3870,2656,2094,431
23310320,408,2017,2486,1675,260
23310330,712,3317,2880,2445,803
23310340,359,1838,2301,1531,580
23310350,392,1715,2087,936,189
23310360,201,1255,1660,862,284
23310370,275,1539,2285,658,166
23310380,126,680,1047,347,58
23310390,259,1262,1631,597,135
23310400,196,1112,1632,530,180
23310410,169,867,1205,748,285
23310420,21,139,225,102,32
23320310,91,528,550,867,233
23320320,247,1356,509,392,118
23320330,686,3145,1450,1544,449
23320340,125,690,443,388,119
23320350,142,806,975,436,142
23320360,66,425,441,440,189
23320370,733,3330,2204,3697,776
31011540,3562,14868,5557,13859,1499
31011550,8028,29783,6173,9533,1773
31011560,6521,19056,5098,4235,824
31011570,5535,18870,6011,6726,1335
31011580,2301,12629,5712,8385,2048
31011590,3089,12718,4100,7991,1336
31011600,4727,18137,6453,6568,1259
31011610,1894,9705,4924,5521,949
31011620,11304,27580,4581,9205,1596
31011630,3737,12120,3604,4002,592
31012520,1582,6701,2298,1448,300
31012530,2958,15535,5572,5409,1448
31012540,2778,12548,4831,5607,1224
31012550,7030,26150,7790,33690,3486
31012560,6083,24807,8013,12922,2252
31012570,3791,16329,5166,6302,1491
31012600,3305,17453,4076,12749,2590
31012610,4329,20531,3003,7363,1703
31012620,3890,10561,2730,2328,593
31012640,11708,32495,6131,7022,1458
31012650,10381,28830,6589,7131,1691
31012660,11624,28647,5509,4407,937
31013530,1281,6733,3822,5819,872
31013540,2649,13430,5023,5528,1259
31013550,3274,11373,2768,5120,768
31013560,5290,26301,6262,43808,5715
31013670,573,3778,1595,3655,761
31013680,1000,6999,2660,15328,2740
31013690,1047,5481,2735,1937,557
31013700,3923,14278,5393,4034,1275
31013710,5418,17652,4201,4775,892
31013720,793,6543,3591,7995,2524
31014510,3422,12407,3132,2006,621
31014520,2684,9883,2821,4166,897
31014530,7766,24647,4155,52113,1865
31014540,4098,14826,3588,2327,697
31014600,8226,25860,4459,20221,2137
31014620,12955,34797,4379,24835,3182
31014630,6528,17519,3932,5295,882
31014640,21495,65742,8896,34686,5848
31014670,15616,39330,5305,5892,1334
31021510,1351,8653,3667,4111,1154
31021520,1707,5956,2262,3096,654
31021530,1123,7141,2854,4026,1166
31021540,1486,10159,4252,4761,965
31021550,2104,10060,3971,3006,715
31021560,1737,8555,3530,2254,795
31021570,2145,8514,3292,2083,488
31021580,1198,7733,3870,2370,804
31021590,2098,10227,4375,5744,1066
31021600,2581,9939,3763,3701,634
31021610,1809,8048,3334,1939,521
31021620,1688,6103,2380,1764,416
31021640,1033,2973,789,994,210
31021650,846,3748,1242,1028,227
31021660,392,1928,1021,7007,718
31021670,1331,8551,1697,9455,1244
31021680,9304,28445,7713,9584,2010
31022510,3751,21864,7787,13009,3309
31022530,927,4584,1699,2074,504
31022540,3535,15932,5892,5409,1443
31022550,1911,6874,2287,543,140
31022560,3726,15484,6140,2709,854
31022570,3776,16869,5916,42407,4215
31022580,1697,8887,3835,5931,1131
31022590,1649,8150,3178,1952,771
31022600,3420,13489,4579,6205,1163
31022610,5782,17071,4896,9120,1129
31022620,1901,8683,3870,3203,1195
31023510,5256,16670,4930,3024,411
31023520,3609,8942,1768,2304,529
31023530,3580,11510,3033,19868,2680
31023540,3199,6095,1540,1925,554
31023550,2493,10415,3473,1028,242
31023560,3237,9914,2721,4364,384
31023580,7040,20334,5218,32737,3806
31023590,3862,12092,3093,3232,808
31023600,5644,16126,4579,4605,797
31023610,2999,8192,2912,2791,452
31023620,2774,11350,3726,23160,2648
31023630,4730,19205,6001,12383,1667
31023640,3149,9957,3996,2858,534
31023670,5255,19776,6878,20061,1782
31023680,4575,13002,3728,6677,1033
31023710,4507,18121,6462,13145,1817
31023720,3244,11665,3195,9234,1641
31023740,5997,15247,3643,87620,3068
31023750,6522,14181,3240,5692,864
31023760,6523,17567,4179,12686,1519
31023770,5470,20581,4981,28251,2709
31023780,3591,13111,3400,4948,1198
31030520,4337,20975,6881,17907,2918
31030550,5487,21390,9643,6693,1291
31030560,3475,11062,5069,3112,583
31030570,7638,27967,9723,4874,1254
31030580,8432,27211,9030,8893,1660
31030590,4897,17585,6542,11545,1615
31030600,4932,17058,6203,11529,1646
31030640,4051,13734,4899,4821,978
31030650,6474,20939,8586,5159,1245
31030670,2986,11720,5072,4863,1070
31030680,3754,16365,6460,6277,1548
31030690,2002,13070,5383,19333,5417
31030700,19793,49680,11305,14535,2881
31041510,2445,9507,2910,7964,2103
31041520,2865,13599,5212,6456,1459
31041530,2311,10361,4127,4566,999
31041540,834,4426,2013,5313,1584
31041550,1583,7876,3756,5763,895
31041560,2367,12542,4709,9762,1724
31041570,3215,10343,2568,13518,1607
31041580,1300,6980,2905,5006,752
31041590,2471,10648,4567,1254,390
31041600,3211,12228,4750,4964,791
31041610,5068,20123,7252,9599,1362
31041620,2528,8604,2975,1728,418
31041630,2072,9577,4015,4031,1048
31041640,4638,14713,4041,7816,692
31042510,4372,13631,4212,2555,456
31042520,2032,7039,2192,2122,420
31042530,3352,14670,5336,6079,1012
31042540,3965,10721,3276,5358,902
31042550,1686,7569,2074,6586,771
31042560,5660,23778,8224,9885,2187
31042570,2870,12695,3855,53502,5492
31042580,5102,18738,3592,16282,2565
31042590,3334,10023,2345,8447,1211
31042600,6403,14888,3047,3712,425
31042610,4893,10022,2116,5351,1279
31042620,1708,5247,1153,16812,3266
31042630,3794,15600,4814,9824,1260
31042640,3875,14153,4234,4341,996
31042650,3616,9742,2449,14017,2201
31042660,2654,8456,2293,3071,710
31042670,2315,6714,2280,1818,409
31050870,7657,42486,15550,22886,5374
31050880,13911,57654,20329,55619,9754
31050890,6942,26493,8801,18383,3160
31050900,22196,85319,23104,50811,7712
31050910,19218,57156,12195,31425,6063
31050920,12015,52044,19685,21629,4910
31050930,8603,34961,13700,10544,2523
31050940,19879,58721,18394,13238,3233
31050950,13011,54470,19016,13825,3426
31050960,13123,55637,17726,53772,9529
31060510,999,4569,1899,474,168
31060520,1120,5723,2707,1383,480
31060530,1055,6016,2861,4102,1222
31060540,1720,8545,4006,3162,906
31060550,2376,8827,3650,1853,525
31060560,2189,6703,2482,4791,962
31060570,2684,10377,4316,3416,721
31060580,2801,8215,2145,1775,299
31060590,1657,9085,3061,2115,542
31060600,7564,20270,5662,13879,1848
31060610,2472,8788,2541,899,303
31060620,5946,16169,4702,5610,956
31060630,2429,9270,2869,2096,407
31060640,3838,12686,4752,4777,1156
31060650,2812,8368,1867,1232,238
31060660,7652,19133,5640,21310,2084
31060680,173,1168,944,7678,1517
31060690,9300,29848,7901,11214,2103
31070110,3322,15210,8949,10330,1843
31070120,10408,26949,6389,12860,2836
31070130,4240,15538,4326,28471,2570
31070140,7127,14853,3651,20088,1963
31070310,1412,6839,3213,21935,1197
31070320,341,1933,1413,11133,1168
31070330,2801,9144,2893,9429,790
31070340,871,3663,2299,4021,541
31070370,494,2629,2413,1406,384
31070510,8664,28180,7268,10531,2398
31070520,4119,16518,5893,7801,1982
31070530,3806,11305,2531,17489,1110
31070550,1751,8122,2069,2441,618
31070560,4034,13550,4491,4335,1273
31070570,1027,4101,1584,1339,315
31070580,505,3129,2105,1812,729
31070590,3074,14639,5128,16623,3630
31070600,1422,6768,2738,3224,696
31070610,370,2410,1348,3272,1065
31070640,5027,16828,4359,10648,1302
31070650,18428,48823,9552,13731,2777
31070670,18078,48167,7796,18318,3150
31080510,1067,3849,2064,1968,241
31080520,2072,6352,3221,2458,865
31080530,407,2720,2131,2892,1029
31080550,372,1650,1104,833,302
31080560,5073,16104,6897,4490,1013
31080580,899,4508,3268,6094,572
31080600,465,2636,1937,2665,409
31080610,5572,15271,5129,7252,1517
31091510,4733,16870,4470,4949,906
31091540,7520,26043,6131,8500,1954
31091550,5071,18075,4762,4168,1118
31091560,3158,14096,3776,5847,1449
31091570,4033,14842,3822,3806,966
31091580,6938,26883,6394,7075,1830
31091620,4904,18272,4785,4607,848
31091710,2713,10906,4930,8122,1087
31091730,1383,5562,2356,3947,898
31091740,3183,17618,4408,10806,2551
31091760,5470,23732,5472,6812,1490
31091770,6655,21313,4915,5705,1303
31091780,3887,11984,2548,6009,752
31092590,7181,26612,5985,4599,1625
31092660,9575,31628,6741,123256,9805
31092680,1660,7382,2345,3349,415
31092690,2983,12259,3145,5532,1289
31092700,6836,24800,5077,5895,1353
31092720,714,4279,3557,3804,1170
31092730,9558,30852,5670,26771,4958
31092740,3501,15255,3792,8813,768
31092750,4311,17898,3856,18776,3235
31092760,5170,18927,5658,30421,5745
31092780,3434,12319,3345,2715,776
31101510,2030,9508,4210,4898,924
31101520,5207,14359,4376,4226,916
31101530,9443,27391,7731,7120,1285
31101540,3409,13513,5140,6395,1644
31101550,1869,6873,2987,1748,363
31101560,744,3319,978,1559,204
31101580,3898,12619,3335,10659,1973
31101590,5922,17791,7455,7104,1414
31101600,5262,21610,9739,7622,1670
31101610,2318,9705,3974,4127,881
31101620,6223,24617,7843,11945,1912
31101630,6961,21435,5528,9657,1973
31101640,2245,12665,5040,6613,1329
31101650,3882,14121,4633,3138,745
31101660,5676,21394,5988,8534,1727
31101670,3955,12058,3369,2696,549
31101680,307,1606,824,3173,478
31101690,8438,29822,8933,6997,1351
31101700,3631,13648,4600,6215,1420
31103510,8119,21406,4672,11239,1774
31103520,8434,29709,9521,8384,1682
31103530,3743,15656,4950,6072,1715
31103540,8311,24408,6948,8073,1438
31103550,5224,20850,5282,14863,2248
31103560,4963,15579,4396,9516,1387
31103570,3601,10028,3061,4662,1127
31103580,1962,5842,1605,11401,2039
31103590,2850,18987,4232,35812,6685
31103600,3084,13734,5623,24456,3958
31103610,2438,14534,3919,10019,2083
31104510,5150,17503,5635,2815,754
31104520,2763,12050,4405,3535,1215
31104530,8796,22660,5193,4205,1084
31104540,11005,34084,7843,7559,1397
31104550,5561,16983,5845,5308,1328
31104560,5568,17667,6415,6664,1584
31104570,5381,23174,6236,17611,2852
31104580,4110,13708,3728,5187,930
31104590,11330,31324,8406,16823,3528
31110510,1079,3965,1692,8872,428
31110520,2712,6393,1778,1872,311
31110530,1893,6570,2327,9684,999
31110540,2255,7398,2206,660,145
31110550,1349,6185,2321,10947,1310
31110560,1585,4805,1776,2554,259
31120510,6994,19474,4870,5994,1425
31120520,7465,24688,6859,15415,2962
31120530,4318,14806,4546,7167,1257
31120540,1985,10270,4262,10665,1545
31120550,4709,13727,4208,2112,628
31120560,2424,12368,4791,9338,2381
31120570,3343,15082,5753,4646,1510
31120580,4223,14176,3924,9368,1441
31130110,12523,37583,14232,13498,2980
31130120,20852,54686,18355,28193,5587
31130130,20837,60675,19711,27352,6098
31130140,3345,14945,6662,15123,3218
31130150,11437,31903,10308,11113,2523
31130160,4781,18276,7305,3647,1027
31130310,3465,11546,5104,3526,935
31130340,999,4587,3492,7106,1163
31130350,468,2238,1569,1038,302
31130510,12620,29979,8110,9430,1910
31130520,8359,20604,5622,7301,1597
31130530,2229,11511,5768,8137,1412
31130540,393,2546,1723,6736,1347
31130570,15004,43490,12078,13721,2840
31130580,17893,45383,11221,8860,2153
31130590,7511,19659,4733,7150,1193
31140510,8485,22074,5086,9479,1947
31140520,14203,41375,8506,18219,3537
31140530,2257,14877,2676,16303,1733
31140540,14265,36201,8950,10193,2045
31140550,7406,19995,3763,11662,1426
31140560,3629,10226,2405,4249,578
31150510,5149,21173,6598,16017,3383
31150520,5762,24361,7456,11292,3138
31150530,1388,6363,2610,7238,1697
31150540,11118,30759,6381,8477,1819
31150550,2123,7638,2798,4834,1032
31150560,9985,26604,6603,8292,1921
31150590,111,1032,851,7783,2134
31150610,6563,21769,3652,33374,4473
31150620,4143,15745,3281,23236,3349
31150640,2437,15774,2482,8704,2387
31150650,3646,16240,2979,42747,6422
31150670,3805,10815,2698,3456,684
31150680,4223,14358,4487,4205,1146
31150690,2985,9575,2707,4660,1011
31150700,5277,15726,3461,7478,1320
31150710,4679,11187,1641,2932,661
31150720,4756,14450,2511,11592,2919
31160510,4976,21209,6730,36957,4948
31160520,11539,33719,8832,19231,2270
31160540,1814,10252,4436,8379,1813
31160550,5448,17192,5277,5122,642
31160560,2199,11361,4016,12910,1947
31160570,2982,12455,4311,5317,770
31160580,4547,14263,3930,1359,256
31160590,3005,10427,3941,1735,248
31160600,5296,12777,3329,1894,360
31160610,4864,15844,4983,13734,2583
31160630,4001,12668,3229,2205,431
31170510,1843,6906,3202,10863,1279
31170520,4656,17192,6384,12709,1584
31170530,7200,23349,7992,9535,1615
31170540,3821,13557,3932,4443,936
31170550,5206,18947,5657,2726,803
31170560,5537,19518,6254,13557,1745
31180510,828,4555,2352,12216,1873
31180520,719,4033,1617,2370,851
31180530,8108,26766,10890,11424,2129
31180540,2223,10018,4221,1604,472
31180550,2501,11878,5209,2464,728
31180560,4918,15100,5544,9413,1565
31180590,361,2351,1379,6777,1220
31180600,386,2215,1137,6679,1222
31180610,7330,17216,3650,10156,1533
31180620,8331,27688,5157,6412,1446
31180630,12187,28615,7468,4651,927
31180650,4342,12336,2543,1554,288
31180660,1045,3813,1425,7359,1134
31191110,6350,20411,6189,13068,2125
31191120,4450,15310,5977,14878,2625
31191130,3564,11602,5010,12815,1707
31191140,0,0,0,14215,1375
31191340,930,4294,2999,5568,827
31191350,785,4359,3323,6775,979
31191360,3363,10873,4209,11336,1678
31191510,3932,15470,4863,14177,2733
31191530,7961,22185,5562,7706,1141
31191540,2041,8087,3153,6143,1122
31191550,0,0,0,13194,2014
31192520,8106,28194,5798,12715,2572
31192540,4216,12420,4412,12131,1248
31192550,5803,16835,2727,24574,940
31192560,8705,22266,8590,7501,1248
31192570,6058,18650,7611,10000,944
31192590,8073,20590,7375,14571,2115
31192600,5169,15045,4660,4755,630
31192610,7466,24360,7127,10067,1605
31192630,0,0,0,23903,2560
31192650,10189,27918,8726,11974,1858
31192670,0,0,0,18650,3250
31193510,6863,23134,6010,9123,2020
31193520,10835,26103,5132,7327,1225
31193530,9036,21748,7131,5147,1056
31193550,3329,12122,3234,6396,1296
31193560,10386,27994,7562,13021,1983
31193580,7796,19886,6459,3610,891
31193590,10630,26859,10720,7196,1279
31193600,12940,34597,9619,13944,2083
31193620,11303,29610,7996,9264,1467
31200110,10144,28277,10358,13393,2493
31200120,1371,7166,4679,8214,1129
31200130,1246,5967,3911,6097,993
31200150,4886,17731,7903,12731,2417
31200310,500,7055,1992,29970,1476
31200320,1840,7912,3829,16092,2521
31200350,1226,6260,4151,13655,2177
31200360,340,1853,1753,1987,369
31200370,1126,3952,2489,2893,685
31200390,0,0,0,198,38
31200520,8246,20612,5138,7907,1359
31200530,2872,14112,5596,12878,2968
31200540,5422,16763,5421,5450,1037
31200550,9842,24571,6827,31733,4358
31200560,11305,27348,6474,11629,2479
31200570,16128,36958,7218,6001,1434
31200580,17400,44962,10176,9135,1745
31210110,2516,7873,4500,4204,1152
31210120,8329,22151,5531,39543,2027
31210310,2077,7857,3341,6325,1121
31210320,1672,6339,3032,4508,658
31210330,644,3155,1895,7392,873
31210340,2361,7497,2657,16707,1427
31210350,2597,9043,2755,5673,721
31210360,427,2216,1839,4195,456
31210370,460,2328,2098,2092,335
31210380,208,1102,1411,873,158
31210510,2691,10912,3862,8331,2275
31210520,1985,9470,3091,11133,1834
31210530,1466,6431,2410,5399,887
31210540,15242,33057,5306,8462,1658
31220110,13941,34840,8742,14926,2637
31220310,515,2674,2327,3949,517
31220320,1200,3969,2471,1527,327
31220330,264,1672,1520,4792,488
31220340,530,2879,2273,11475,816
31220350,2643,9785,3059,8337,1166
31220360,433,2539,2251,5696,706
31220380,773,3693,1627,10294,1140
31220390,771,3670,3191,4749,812
31220400,676,3555,2670,4996,783
31220410,354,1728,1498,2695,385
31220420,138,900,882,1723,191
31220510,1905,7230,3546,5708,1121
31220520,4674,13454,4041,9152,1999
31220530,4388,13244,4270,9555,1460
31230110,4189,15631,6817,20008,3670
31230120,5340,15518,6207,13224,2471
31230130,4325,14995,6696,30970,4734
31230340,918,5441,3441,29134,4871
31230350,423,2800,2336,9780,1279
31230360,756,4236,3228,10364,1912
31230530,4001,14585,4576,10775,2083
31230540,14502,37044,9966,9535,2039
31230560,11382,24762,5450,6320,1439
31230600,13041,30094,6042,6869,1484
31230610,10031,31005,10075,11399,2654
31230620,10470,22077,5119,6454,1261
31230630,17490,43470,8742,9246,2215
31240120,18275,47715,12002,28761,5287
31240130,2512,9829,5090,27369,1866
31240140,20777,52389,9946,43294,6480
31240150,7519,24688,6960,38166,3856
31240310,891,4155,2339,2493,629
31240330,590,3093,2166,7929,1232
31240350,709,3915,2192,17528,1981
31240360,6411,17749,5174,7987,1817
31240370,513,3599,2979,7429,1408
31240380,813,5924,3145,36388,5166
31240390,1091,5505,3669,22025,2636
31240420,289,2275,1494,15935,1734
31240430,1284,6596,3448,29325,4687
31240520,8804,29305,5180,15508,3143
31240530,6209,18312,3750,5294,1236
31240540,6813,14844,2965,4189,912
31240550,8425,20076,3141,56867,1689
31240560,3470,8256,2153,5462,907
31240570,4378,14547,4630,10497,1555
31240600,11185,21384,3191,5115,932
31240610,13742,33208,3451,31469,4132
31240620,11751,26739,3408,8240,1349
31240640,28282,56325,6223,23445,3705
31240700,33596,79187,8756,36463,3696
31250110,20014,68721,19292,29842,5815
31250120,8448,26327,8740,25360,4329
31250140,3402,13875,5622,19986,3090
31250340,1153,5101,2865,11480,1759
31250350,2231,7417,4743,2355,732
31250360,117,640,747,388,98
31250380,391,1366,967,1279,322
31250540,8342,27303,7870,12926,2955
31250550,11013,38106,11653,14691,2742
31250580,0,0,0,20550,3577
31260110,4270,15266,7226,9921,1979
31260310,547,3373,2301,11329,1750
31260320,882,3913,2455,9247,1313
31260330,1672,7024,3579,13328,2258
31260340,1110,5216,3995,5884,1150
31260510,541,2915,2113,4695,866
31260520,12972,29115,9210,11677,2619
31260530,1470,6132,2358,6377,1231
31260540,4951,16601,5911,8525,1604
31260550,6512,17079,4771,4077,985
31260560,8819,22652,5363,6246,1400
31270110,8513,27170,9085,19865,4454
31270310,1228,5003,2514,8212,1073
31270320,361,2529,1772,8279,1402
31270330,681,4413,2681,16278,2821
31270340,1790,7069,3734,7923,1041
31270350,154,961,1088,1473,199
31270360,504,2373,2069,3422,571
31270370,1278,4711,3501,3486,924
31270380,926,3184,1993,1925,511
31270390,1143,4325,3139,2723,853
31270400,224,1213,1398,648,183
31270410,372,1388,998,2391,290
31270510,3261,10826,4387,7657,1751
31270520,2038,8986,3396,11639,1733
31280110,2432,8615,4484,8665,1162
31280310,474,2089,2044,2593,357
31280330,478,2346,2212,1347,296
31280340,236,1327,1408,697,203
31280350,286,1170,1130,901,186
31280360,714,3255,3207,1745,404
31280370,546,2376,2031,2369,321
31280380,400,2013,1724,1943,239
31280390,0,0,0,2508,384
31280510,3814,13008,5256,12386,2315
31280520,3833,10967,3858,7723,1655
31280530,3713,10209,2963,3885,1022
31350110,1233,4282,2521,3232,613
31350120,3632,10488,5061,6836,1848
31350310,315,1490,1523,900,182
31350320,352,1948,1712,1962,341
31350330,258,1238,1178,1078,218
31350340,116,772,869,375,124
31350350,79,405,561,204,55
31350360,197,1235,1421,482,220
31350370,21,109,72,41,15
31350380,65,323,348,193,38
31370110,3017,10479,6136,9638,2096
31370310,1375,4592,3459,5198,1014
31370320,1757,7403,5001,5589,1453
31370330,494,2632,2379,2664,630
31370350,378,1720,1875,1967,660
31370360,1443,5105,3170,3084,842
31380110,5732,17109,7699,12993,2592
31380310,1827,5339,2875,1870,444
31380320,413,2159,2060,1083,290
31380330,1729,6576,4661,3044,741
31380340,1064,3940,2762,1745,469
31380350,1445,4661,3362,2139,701
31380360,387,1764,1773,1078,264
31380370,282,1543,1894,997,278
31380380,344,1921,2321,991,249
31380390,647,2940,3202,1161,291
31380400,2935,8708,5726,4461,1324
31380410,573,2360,2141,704,224
