행정구역코드,아파트비율_퍼센트
11010530,43.36
11010540,0.0
11010550,3.9
11010560,15.75
11010570,94.4
11010580,63.78
11010600,0.0
11010610,33.17
11010630,9.99
11010640,6.96
11010670,49.69
11010680,13.64
11010690,80.62
11010700,36.58
11010710,29.03
11010720,5.92
11010730,17.28
11020520,60.44
11020540,67.11
11020550,32.63
11020570,29.45
11020580,9.09
11020590,42.79
11020600,27.37
11020650,63.03
11020670,50.88
11020680,73.12
11020690,23.44
11020700,10.32
11020710,80.83
11020720,76.19
11020730,81.45
11030510,11.19
11030520,9.69
11030530,16.52
11030570,68.46
11030580,46.22
11030590,54.22
11030630,99.47
11030640,84.08
11030650,32.21
11030660,23.12
11030690,61.55
11030700,15.62
11030710,1.21
11030720,54.34
11030730,46.24
11030740,40.07
11040520,77.84
11040540,60.38
11040550,38.93
11040560,66.39
11040570,95.72
11040580,73.49
11040590,84.13
11040620,84.08
11040650,63.27
11040660,51.99
11040670,43.25
11040680,50.65
11040690,32.36
11040700,13.97
11040710,76.64
11040720,67.59
11040730,94.32
11050530,18.53
11050540,16.45
11050550,3.86
11050560,5.67
11050570,11.71
11050580,4.27
11050590,0.79
11050600,4.26
11050610,17.94
11050620,62.49
11050630,84.64
11050640,14.84
11050650,38.95
11050660,81.08
11050670,28.81
11060710,45.89
11060720,51.11
11060730,60.44
11060800,58.3
11060810,39.9
11060820,37.6
11060830,46.55
11060840,83.93
11060860,80.87
11060870,51.36
11060880,57.35
11060890,34.04
11060900,74.86
11060910,75.82
11070520,36.94
11070540,52.8
11070550,8.85
11070570,46.12
11070590,67.87
11070600,24.67
11070610,37.41
11070620,13.23
11070640,58.91
11070650,31.2
11070680,1.67
11070690,87.56
11070700,95.74
11070710,9.17
11070720,30.6
11070730,41.24
11080580,91.94
11080590,94.67
11080600,27.73
11080610,51.48
11080620,77.18
11080630,39.29
11080640,14.39
11080650,57.81
11080660,96.13
11080680,85.93
11080710,74.26
11080720,58.2
11080760,1.58
11080770,5.85
11080780,70.39
11080810,10.54
11080820,39.47
11080830,21.19
11080840,65.28
11080850,45.77
11090600,17.51
11090610,39.83
11090620,94.59
11090630,8.01
11090640,36.75
11090650,3.81
11090690,33.14
11090700,16.42
11090710,33.4
11090720,17.36
11090730,99.12
11090740,12.81
11090750,6.7
11100510,27.29
11100520,45.01
11100530,37.49
11100540,89.4
11100550,51.85
11100560,4.07
11100570,95.26
11100590,78.29
11100600,30.13
11100610,28.77
11100620,97.16
11100630,76.09
11100640,16.27
11100650,82.89
11110510,57.07
11110520,94.29
11110530,99.44
11110560,83.73
11110580,88.11
11110590,100.0
11110600,76.49
11110610,97.79
11110640,94.0
11110650,78.61
11110660,62.42
11110690,56.06
11110720,99.86
11110730,100.0
11110740,98.81
11110760,52.31
11110770,99.01
11110780,95.01
11110790,64.83
11120510,40.88
11120520,53.15
11120550,12.71
11120560,14.74
11120570,25.47
11120580,18.64
11120590,30.81
11120600,76.95
11120650,31.65
11120660,36.58
11120670,37.77
11120680,69.56
11120710,81.14
11120720,10.03
11120730,12.4
11120740,11.73
11130520,83.03
11130620,61.46
11130640,51.17
11130650,82.2
11130660,64.7
11130680,27.72
11130690,94.03
11130700,59.12
11130710,78.53
11130720,19.2
11130730,25.75
11130740,76.04
11130750,20.09
11130760,26.18
11140590,74.63
11140600,38.09
11140610,58.39
11140630,67.61
11140660,16.42
11140680,16.65
11140690,21.24
11140700,39.22
11140710,15.78
11140720,9.99
11140730,60.14
11140740,73.7
11140750,76.85
11140760,62.7
11140770,49.81
11140780,89.48
11150510,75.1
11150520,27.18
11150530,30.45
11150540,37.75
11150570,20.9
11150580,52.09
11150590,24.7
11150600,55.45
11150610,31.05
11150620,64.56
11150630,39.18
11150640,89.51
11150650,85.55
11150660,86.07
11150690,92.07
11150700,94.11
11150710,94.57
11150720,18.52
11160510,82.86
11160520,45.01
11160530,38.09
11160540,92.54
11160550,7.65
11160570,5.67
11160580,50.02
11160590,10.01
11160610,33.16
11160630,8.12
11160640,37.0
11160650,88.08
11160660,96.33
11160670,74.31
11160690,37.49
11160700,69.95
11160710,45.57
11160720,84.22
11160730,28.43
11160740,70.74
11170510,84.21
11170520,81.96
11170540,59.4
11170550,63.28
11170560,56.86
11170610,71.81
11170620,56.33
11170640,59.6
11170650,31.87
11170670,47.46
11170690,17.41
11170700,3.88
11170710,24.26
11170720,51.07
11170730,76.50999999999999
11180510,31.84
11180520,65.63
11180530,4.3
11180540,19.93
11180550,11.32
11180570,42.11
11180580,95.23
11180590,10.79
11180600,27.81
11180610,29.72
11190540,81.52
11190550,58.67
11190560,61.11
11190610,40.98
11190620,56.54
11190630,25.92
11190650,67.41
11190660,51.37
11190670,26.03
11190680,66.94
11190690,89.09
11190700,39.56
11190710,33.26
11190720,56.32
11190730,54.22
11190740,37.98
11190750,27.12
11190760,70.89
11200520,3.52
11200530,60.66
11200540,66.17
11200550,12.94
11200560,8.39
11200630,9.1
11200650,66.7
11200660,23.79
11200670,47.91
11200680,57.05
11200690,64.85
11200700,55.39
11200710,71.58
11200720,75.37
11200730,75.11
11210520,21.06
11210540,83.03
11210570,44.94
11210580,30.98
11210610,19.66
11210620,18.46
11210630,33.54
11210640,12.26
11210650,17.26
11210660,32.84
11210680,6.73
11210690,15.98
11210710,78.48
11210720,25.94
11210730,41.76
11210780,55.19
11210790,78.55
11210800,28.42
11210810,12.0
11210820,59.5
11210830,39.81
11220510,63.09
11220520,67.4
11220530,51.21
11220540,89.11
11220550,89.68
11220560,99.47
11220570,69.91
11220580,99.89
11220590,98.32
11220600,62.75
11220610,60.71
11220620,34.66
11220630,37.81
11220640,63.35
11220650,47.3
11220660,71.94
11220670,12.78
11220680,77.41
11230510,71.37
11230520,20.44
11230530,40.17
11230580,62.29
11230590,65.24
11230600,97.44
11230630,27.36
11230640,18.22
11230650,69.58
11230660,81.02
11230670,89.93
11230680,89.98
11230710,22.71
11230720,94.47
11230730,64.28
11230740,93.93
11230750,93.76
11230760,72.69
11230770,86.8
11230780,72.06
11230790,88.23
11230800,90.91
11240510,47.78
11240520,70.05
11240530,44.36
11240540,81.35
11240550,43.15
11240560,24.69
11240570,43.32
11240580,11.5
11240590,99.89
11240600,56.38
11240610,13.88
11240620,72.06
11240630,8.69
11240640,4.33
11240650,55.26
11240660,99.95
11240670,61.66
11240680,47.3
11240690,38.25
11240710,11.52
11240750,99.3
11240770,95.25
11240780,100.0
11240790,100.0
11240800,97.48
11240810,71.18
11240820,99.72
11250530,82.32
11250540,83.76
11250550,90.89
11250560,69.8
11250580,74.28
11250590,85.43
11250610,33.29
11250630,48.93
11250650,49.51
11250660,27.06
11250670,39.85
11250700,0.0
11250710,61.93
11250720,28.12
11250730,25.75
11250740,54.21
11250750,94.445
11250760,45.39
23010520,84.19
23010530,26.81
23010540,61.98
23010560,10.25
23010570,0.0
23010580,8.21
23010630,0.0
23010640,53.72
23010650,77.00666666666666
23010670,22.2
23020510,58.71
23020520,31.96
23020530,67.87
23020550,85.86
23020570,86.35
23020580,53.27
23020590,3.74
23020600,53.51
23020610,71.61
23020630,59.34
23020640,0.0
23040510,63.3
23040520,78.24
23040530,74.32
23040540,86.11
23040550,100.0
23040560,54.66
23040570,95.36
23040580,99.48
23040590,100.0
23040600,80.49
23040640,87.01
23040650,85.64
23040660,93.33999999999999
23050510,61.86
23050520,83.1
23050530,23.46
23050540,8.39
23050550,41.73
23050560,66.61
23050570,34.24
23050580,53.1
23050590,57.33
23050600,75.68
23050610,45.38
23050620,90.82
23050630,23.92
23050640,86.42
23050670,47.3
23050720,88.89
23050730,80.38
23050740,80.8
23050750,80.16
23060510,60.6
23060520,5.41
23060530,16.99
23060540,31.0
23060550,26.28
23060560,28.91
23060570,57.94
23060580,90.8
23060590,73.63
23060600,93.99
23060610,13.83
23060620,67.6
23060630,35.74
23060640,95.75
23060650,83.61
23060660,31.58
23060670,57.7
23060680,91.42
23060690,60.14
23060700,44.1
23060710,29.2
23060720,95.26
23070510,63.37
23070520,65.19
23070530,33.67
23070540,42.21
23070550,89.87
23070560,78.19
23070570,50.82
23070580,75.9
23070610,50.93
23070620,80.42
23070630,53.39
23070640,49.76
23080510,40.69
23080530,41.75
23080540,71.45
23080550,99.78
23080560,30.9
23080580,41.6
23080590,41.98
23080600,36.84
23080620,21.43
23080630,87.05
23080640,52.05
23080650,70.76
23080730,64.35
23080740,79.71
23080780,82.37
23080790,86.68
23080800,74.55
23080810,90.38
23080840,71.06
23080850,77.35499999999999
23080870,38.595
23090520,21.59
23090540,13.35
23090560,78.73
23090570,7.69
23090590,74.17
23090600,74.32
23090610,68.18
23090620,31.83
23090650,37.75
23090660,7.14
23090670,6.88
23090680,2.98
23090690,41.16
23090700,50.98
23090710,37.18
23090720,58.35
23090730,81.44
23090740,6.52
23090750,38.08
23090760,9.08
23090770,47.23
23310110,12.78
23310310,36.16
23310320,0.0
23310330,2.93
23310340,0.0
23310350,0.0
23310360,0.0
23310370,0.75
23310380,0.0
23310390,0.0
23310400,0.0
23310410,0.0
23310420,0.0
23320310,0.0
23320320,12.48
23320330,21.31
23320340,0.0
23320350,1.52
23320360,0.0
23320370,3.57
31011540,47.9
31011550,71.44
31011560,90.01
31011570,65.67
31011580,13.04
31011590,41.19
31011600,45.8
31011610,21.17
31011620,96.98
31011630,98.26
31012520,71.29
31012530,20.44
31012540,26.43
31012550,76.94
31012560,31.51
31012570,64.76
31012600,40.53
31012610,77.55
31012620,88.89
31012640,97.61
31012650,90.03
31012660,92.63
31013530,13.43
31013540,45.63
31013550,85.41
31013560,50.58
31013670,27.85
31013680,37.81
31013690,6.53
31013700,42.15
31013710,94.0
31013720,1.23
31014510,83.05
31014520,62.38
31014530,89.66
31014540,88.91
31014600,81.22
31014620,58.63
31014630,86.38
31014640,91.46666666666665
31014670,93.955
31021510,7.53
31021520,72.1
31021530,7.38
31021540,15.64
31021550,16.43
31021560,17.02
31021570,24.65
31021580,2.96
31021590,43.36
31021600,56.21
31021610,1.49
31021620,21.08
31021640,57.53
31021650,83.14
31021660,0.0
31021670,0.0
31021680,88.21
31022510,29.92
31022530,56.65
31022540,32.56
31022550,33.48
31022560,27.37
31022570,50.36
31022580,3.62
31022590,1.56
31022600,63.74
31022610,84.92
31022620,46.92
31023510,69.54
31023520,87.53
31023530,60.44
31023540,100.0
31023550,100.0
31023560,88.85
31023580,72.46
31023590,88.98
31023600,89.33
31023610,99.73
31023620,74.67
31023630,61.54
31023640,92.1
31023670,73.9
31023680,67.15
31023710,66.97
31023720,61.07
31023740,88.83
31023750,76.99
31023760,88.56
31023770,47.4
31023780,83.34
31030520,33.07
31030550,64.81
31030560,97.36
31030570,82.2
31030580,90.62
31030590,40.735
31030600,67.97
31030640,75.67
31030650,85.79
31030670,20.65
31030680,37.05
31030690,43.08
31030700,96.74000000000001
31041510,89.92
31041520,40.29
31041530,38.95
31041540,46.43
31041550,32.88
31041560,40.74
31041570,92.29
31041580,11.43
31041590,60.74
31041600,77.51
31041610,60.25
31041620,38.65
31041630,42.1
31041640,84.87
31042510,95.2
31042520,98.15
31042530,44.72
31042540,99.44
31042550,96.72
31042560,45.86
31042570,57.23
31042580,64.78
31042590,93.59
31042600,100.0
31042610,94.12
31042620,80.26
31042630,75.17
31042640,89.61
31042650,94.57
31042660,96.23
31042670,89.54
31050870,15.95
31050880,34.604
31050890,50.09
31050900,78.424
31050910,88.50333333333333
31050920,44.535
31050930,49.739999999999995
31050940,75.0425
31050950,28.986666666666668
31050960,35.085
31060510,0.67
31060520,1.12
31060530,0.0
31060540,34.5
31060550,31.26
31060560,53.99
31060570,40.96
31060580,82.62
31060590,71.59
31060600,91.96
31060610,76.36
31060620,91.33
31060630,100.0
31060640,99.78
31060650,99.85
31060660,83.88
31060680,0.0
31060690,57.985
31070110,30.45
31070120,72.81
31070130,55.85
31070140,68.9
31070310,42.87
31070320,0.0
31070330,61.040000000000006
31070340,4.72
31070370,13.96
31070510,80.81
31070520,26.82
31070530,76.85
31070550,49.44
31070560,65.0
31070570,21.46
31070580,14.24
31070590,56.26
31070600,57.74
31070610,40.15
31070640,82.04
31070650,81.045
31070670,88.63
31080510,45.55
31080520,68.93
31080530,2.64
31080550,16.47
31080560,61.31
31080580,19.18
31080600,30.77
31080610,87.01
31091510,0.35
31091540,1.53
31091550,55.14
31091560,59.56
31091570,0.26
31091580,39.48
31091620,95.64
31091710,60.05
31091730,21.18
31091740,9.76
31091760,32.51
31091770,54.03
31091780,81.16
31092590,0.4
31092660,84.26
31092680,78.55
31092690,30.03
31092700,74.05
31092720,0.0
31092730,89.47
31092740,12.84
31092750,68.97
31092760,38.93
31092780,80.01
31101510,38.16
31101520,94.68
31101530,90.745
31101540,66.88
31101550,96.45
31101560,58.89
31101580,31.57
31101590,56.93
31101600,20.77
31101610,64.24
31101620,89.77
31101630,88.72
31101640,28.03
31101650,90.95
31101660,91.01
31101670,81.8
31101680,24.97
31101690,84.965
31101700,38.27
31103510,80.88
31103520,89.97
31103530,0.0
31103540,82.32
31103550,75.42
31103560,72.51
31103570,98.08
31103580,53.94
31103590,26.25
31103600,19.02
31103610,30.47
31104510,94.24
31104520,77.74
31104530,99.93
31104540,96.0
31104550,97.38
31104560,98.57
31104570,46.61
31104580,59.76
31104590,72.06
31110510,73.66
31110520,47.31
31110530,86.04
31110540,84.87
31110550,7.04
31110560,0.0
31120510,90.25
31120520,91.04
31120530,73.31
31120540,17.73
31120550,93.51
31120560,50.23
31120570,41.92
31120580,92.26
31130110,79.13
31130120,74.54
31130130,56.55
31130140,51.74
31130150,84.43
31130160,67.76
31130310,81.43
31130340,0.0
31130350,0.0
31130510,87.44
31130520,91.15
31130530,46.28
31130540,22.46
31130570,90.72
31130580,91.31
31130590,90.71
31140510,80.49
31140520,82.63499999999999
31140530,41.63
31140540,81.03
31140550,83.35
31140560,94.37
31150510,63.77
31150520,39.0
31150530,68.73
31150540,87.34
31150550,49.79
31150560,86.7
31150590,4.12
31150610,91.9
31150620,61.24
31150640,18.825
31150650,62.28
31150670,95.52
31150680,43.99
31150690,90.46
31150700,93.0
31150710,97.23
31150720,88.14999999999999
31160510,46.93
31160520,88.18
31160540,48.49
31160550,95.25
31160560,25.45
31160570,81.85
31160580,100.0
31160590,100.0
31160600,99.86
31160610,83.96
31160630,57.72
31170510,70.83
31170520,59.8
31170530,88.44
31170540,87.73
31170550,68.86
31170560,79.27
31180510,0.0
31180520,34.25
31180530,90.72
31180540,77.89
31180550,65.25
31180560,72.23
31180590,0.0
31180600,22.04
31180610,94.02
31180620,65.66
31180630,98.01
31180650,74.48
31180660,41.205
31191110,36.56
31191120,17.59
31191130,44.2
31191140,71.88
31191340,1.69
31191350,7.25
31191360,4.6
31191510,55.63
31191530,55.66
31191540,44.56
31191550,73.96000000000001
31192520,76.63
31192540,75.7
31192550,88.27
31192560,90.03
31192570,88.77
31192590,85.86
31192600,85.61
31192610,81.49
31192630,88.84
31192650,83.855
31192670,84.86
31193510,88.05
31193520,94.68
31193530,87.19
31193550,94.38
31193560,77.73
31193580,97.47
31193590,93.87
31193600,91.50999999999999
31193620,88.885
31200110,74.29
31200120,14.91
31200130,13.29
31200150,63.16
31200310,0.0
31200320,22.77
31200350,8.21
31200360,0.93
31200370,6.26
31200390,0.0
31200520,97.05
31200530,44.09
31200540,79.8
31200550,48.574999999999996
31200560,94.72
31200570,97.4
31200580,43.64
31210110,34.82
31210120,62.31
31210310,19.06
31210320,24.73
31210330,13.23
31210340,30.78
31210350,49.11
31210360,0.0
31210370,6.47
31210380,0.0
31210510,33.46
31210520,31.96
31210530,39.62
31210540,87.35
31220110,79.83
31220310,8.63
31220320,49.98
31220330,0.0
31220340,20.92
31220350,52.27
31220360,0.0
31220380,38.16
31220390,15.21
31220400,15.33
31220410,0.0
31220420,0.0
31220510,45.25
31220520,79.06
31220530,73.95
31230110,46.79
31230120,72.87
31230130,60.68
31230340,0.0
31230350,0.0
31230360,0.34
31230530,65.95
31230540,92.8
31230560,93.57
31230600,80.31
31230610,85.48
31230620,98.15
31230630,92.78999999999999
31240120,82.23
31240130,23.26
31240140,78.48
31240150,64.4
31240310,28.78
31240330,16.27
31240350,3.95
31240360,54.86
31240370,0.0
31240380,11.38
31240390,9.92
31240420,1.97
31240430,21.49
31240520,76.93
31240530,79.38
31240540,97.69
31240550,96.97
31240560,84.89
31240570,64.32
31240600,84.94
31240610,76.11
31240620,76.92
31240640,96.21
31240700,91.39500000000001
31250110,30.9325
31250120,42.07
31250140,35.57
31250340,11.11
31250350,0.0
31250360,0.0
31250380,0.0
31250540,52.3
31250550,34.68
31250580,56.135
31260110,62.2
31260310,6.65
31260320,14.14
31260330,34.86
31260340,37.92
31260510,29.22
31260520,92.71
31260530,57.93
31260540,63.31
31260550,92.95
31260560,95.17500000000001
31270110,62.18
31270310,34.66
31270320,1.2
31270330,0.85
31270340,34.82
31270350,2.87
31270360,1.63
31270370,12.0
31270380,19.5
31270390,21.72
31270400,1.51
31270410,21.37
31270510,42.71
31270520,8.62
31280110,38.76
31280310,0.0
31280330,0.0
31280340,0.0
31280350,0.0
31280360,3.08
31280370,0.0
31280380,0.0
31280390,3.19
31280510,46.19
31280520,51.9
31280530,56.02
31350110,30.55
31350120,44.36
31350310,2.31
31350320,12.3
31350330,0.0
31350340,0.0
31350350,0.0
31350360,10.8
31350370,0.0
31350380,0.0
31370110,31.09
31370310,5.74
31370320,30.23
31370330,1.4
31370350,3.13
31370360,13.61
31380110,38.06
31380310,30.4
31380320,0.0
31380330,13.19
31380340,2.47
31380350,0.0
31380360,0.0
31380370,0.0
31380380,0.81
31380390,0.79
31380400,17.93
31380410,1.79
